App,Category,Rating,Reviews
Photo Editor & Candy Camera & Grid & ScrapBook,ART_AND_DESIGN,4.1,159
Coloring book moana,ART_AND_DESIGN,3.9,967
"U Launcher Lite – FREE Live Cool Themes, Hide Apps",ART_AND_DESIGN,4.7,87510
Sketch - Draw & Paint,ART_AND_DESIGN,4.5,215644
Pixel Draw - Number Art Coloring Book,ART_AND_DESIGN,4.3,967
Paper flowers instructions,ART_AND_DESIGN,4.4,167
Smoke Effect Photo Maker - Smoke Editor,ART_AND_DESIGN,3.8,178
Infinite Painter,ART_AND_DESIGN,4.1,36815
Garden Coloring Book,ART_AND_DESIGN,4.4,13791
Kids Paint Free - Drawing Fun,ART_AND_DESIGN,4.7,121
Text on Photo - Fonteee,ART_AND_DESIGN,4.4,13880
Name Art Photo Editor - Focus n Filters,ART_AND_DESIGN,4.4,8788
Tattoo Name On My Photo Editor,ART_AND_DESIGN,4.2,44829
Mandala Coloring Book,ART_AND_DESIGN,4.6,4326
3D Color Pixel by Number - Sandbox Art Coloring,ART_AND_DESIGN,4.4,1518
Learn To Draw Kawaii Characters,ART_AND_DESIGN,3.2,55
Photo Designer - Write your name with shapes,ART_AND_DESIGN,4.7,3632
350 Diy Room Decor Ideas,ART_AND_DESIGN,4.5,27
FlipaClip - Cartoon animation,ART_AND_DESIGN,4.3,194216
ibis Paint X,ART_AND_DESIGN,4.6,224399
Logo Maker - Small Business,ART_AND_DESIGN,4.0,450
Boys Photo Editor - Six Pack & Men's Suit,ART_AND_DESIGN,4.1,654
Superheroes Wallpapers | 4K Backgrounds,ART_AND_DESIGN,4.7,7699
Mcqueen Coloring pages,ART_AND_DESIGN,4.213205479452055,61
HD Mickey Minnie Wallpapers,ART_AND_DESIGN,4.7,118
Harley Quinn wallpapers HD,ART_AND_DESIGN,4.8,192
Colorfit - Drawing & Coloring,ART_AND_DESIGN,4.7,20260
Animated Photo Editor,ART_AND_DESIGN,4.1,203
Pencil Sketch Drawing,ART_AND_DESIGN,3.9,136
Easy Realistic Drawing Tutorial,ART_AND_DESIGN,4.1,223
Pink Silver Bow Keyboard Theme,ART_AND_DESIGN,4.2,1120
Art Drawing Ideas,ART_AND_DESIGN,4.1,227
Anime Manga Coloring Book,ART_AND_DESIGN,4.5,5035
Easy Origami Ideas,ART_AND_DESIGN,4.2,1015
I Creative Idea,ART_AND_DESIGN,4.7,353
How to draw Ladybug and Cat Noir,ART_AND_DESIGN,3.8,564
UNICORN - Color By Number & Pixel Art Coloring,ART_AND_DESIGN,4.7,8145
Floor Plan Creator,ART_AND_DESIGN,4.1,36639
PIP Camera - PIP Collage Maker,ART_AND_DESIGN,4.7,158
How To Color Disney Princess - Coloring Pages,ART_AND_DESIGN,4.0,591
Drawing Clothes Fashion Ideas,ART_AND_DESIGN,4.2,117
Sad Poetry Photo Frames 2018,ART_AND_DESIGN,4.5,176
Textgram - write on photos,ART_AND_DESIGN,4.4,295221
Paint Splash!,ART_AND_DESIGN,3.8,2206
Popsicle Sticks and Similar DIY Craft Ideas,ART_AND_DESIGN,4.2,26
"Canva: Poster, banner, card maker & graphic design",ART_AND_DESIGN,4.7,174531
Install images with music to make video without Net - 2018,ART_AND_DESIGN,4.6,1070
Little Teddy Bear Colouring Book Game,ART_AND_DESIGN,4.2,85
How To Draw Food,ART_AND_DESIGN,4.3,845
Monster Truck Stunt 3D 2019,AUTO_AND_VEHICLES,4.2,367
Real Tractor Farming,AUTO_AND_VEHICLES,4.0,1598
Ultimate F1 Racing Championship,AUTO_AND_VEHICLES,3.8,284
Used Cars and Trucks for Sale,AUTO_AND_VEHICLES,4.6,17057
American Muscle Car Race,AUTO_AND_VEHICLES,3.9,129
Offroad Oil Tanker Driver Transport Truck 2019,AUTO_AND_VEHICLES,4.3,542
Tickets SDA 2018 and Exam from the State Traffic Safety Inspectorate with Drom.ru,AUTO_AND_VEHICLES,4.9,10479
Gas Prices (Germany only),AUTO_AND_VEHICLES,4.4,805
Extreme Rally Championship,AUTO_AND_VEHICLES,4.2,129
Restart Navigator,AUTO_AND_VEHICLES,4.0,1403
"REG - Check the regnumber, find information about Swedish vehicles",AUTO_AND_VEHICLES,3.9,3971
CityBus Lviv,AUTO_AND_VEHICLES,4.6,534
CDL Practice Test 2018 Edition,AUTO_AND_VEHICLES,4.9,7774
"ezETC (ETC balance inquiry, meter trial, real-time traffic)",AUTO_AND_VEHICLES,4.3,38846
Free VIN Report for Used Cars,AUTO_AND_VEHICLES,4.6,2431
DMV Permit Practice Test 2018 Edition,AUTO_AND_VEHICLES,4.9,6090
Check Vehicle Tax,AUTO_AND_VEHICLES,3.9,295
Used Cars Mexico,AUTO_AND_VEHICLES,4.0,190
Ulysse Speedometer,AUTO_AND_VEHICLES,4.3,40211
REPUVE,AUTO_AND_VEHICLES,3.9,356
Used cars for sale - Trovit,AUTO_AND_VEHICLES,4.2,52530
"Fines of the State Traffic Safety Inspectorate are official: inspection, payment of fines",AUTO_AND_VEHICLES,4.8,116986
SK Enca Direct Malls - Used Cars Search,AUTO_AND_VEHICLES,3.6,1379
"Android Auto - Maps, Media, Messaging & Voice",AUTO_AND_VEHICLES,4.2,271920
PDD-UA,AUTO_AND_VEHICLES,4.8,736
Tickets SDA 2019 + Exam RF,AUTO_AND_VEHICLES,4.8,7021
Super Cars Wallpapers And Backgrounds,AUTO_AND_VEHICLES,4.6,197
"Police Lights, Sirens & Follow Me",AUTO_AND_VEHICLES,4.5,737
Police Detector (Speed Camera Radar),AUTO_AND_VEHICLES,4.3,3574
Best Car Wallpapers,AUTO_AND_VEHICLES,4.5,994
Tickets + PDA 2018 Exam,AUTO_AND_VEHICLES,4.9,197136
Pick Your Part Garage,AUTO_AND_VEHICLES,3.9,142
PakWheels: Buy & Sell Cars,AUTO_AND_VEHICLES,4.4,15168
Supervision service,AUTO_AND_VEHICLES,4.0,2155
Speed Camera Detector - Traffic & Speed Alert,AUTO_AND_VEHICLES,4.3,138
Used car search Goo net whole car Go to net,AUTO_AND_VEHICLES,3.7,5414
CarMax – Cars for Sale: Search Used Car Inventory,AUTO_AND_VEHICLES,4.4,21777
BEST CAR SOUNDS,AUTO_AND_VEHICLES,4.3,348
RST - Sale of cars on the PCT,AUTO_AND_VEHICLES,3.2,250
AutoScout24 Switzerland – Find your new car,AUTO_AND_VEHICLES,4.6,13372
Zona Azul Digital Fácil SP CET - OFFICIAL São Paulo,AUTO_AND_VEHICLES,4.6,7880
SMS Park,AUTO_AND_VEHICLES,4.5,3617
SKencar,AUTO_AND_VEHICLES,3.7,4806
Fuelio: Gas log & costs,AUTO_AND_VEHICLES,4.6,65786
auto fines,AUTO_AND_VEHICLES,4.6,31433
"Used car is the first car - used car purchase, used car quotation, dealer information to",AUTO_AND_VEHICLES,4.6,5097
All of the parking lot - National Park application (parking lot search / parking sharing / discount payment),AUTO_AND_VEHICLES,4.0,1754
Inquiry Fines and Debits of Vehicles,AUTO_AND_VEHICLES,4.4,2680
Gas Station,AUTO_AND_VEHICLES,4.0,1288
Hush - Beauty for Everyone,BEAUTY,4.7,18900
"ipsy: Makeup, Beauty, and Tips",BEAUTY,4.9,49790
Natural recipes for your beauty,BEAUTY,4.7,1150
"BestCam Selfie-selfie, beauty camera, photo editor",BEAUTY,3.9,1739
Mirror - Zoom & Exposure -,BEAUTY,3.9,32090
Beauty Selfie Camera,BEAUTY,4.2,2225
Hairstyles step by step,BEAUTY,4.6,4369
Filters for Selfie,BEAUTY,4.3,8572
Tie - Always be happy,BEAUTY,4.7,964
Ulta Beauty,BEAUTY,4.7,42050
Prom MakeUp Tutorial,BEAUTY,4.8,104
Selfie Camera,BEAUTY,4.2,17934
Sweet Selfie Beauty Camera,BEAUTY,4.3,601
Colors of white in Urdu,BEAUTY,4.5,36
Selfie Camera Photo Editor & Filter & Sticker,BEAUTY,4.1,187
Wrinkles and rejuvenation,BEAUTY,4.213205479452055,182
Eyes Makeup Beauty Tips,BEAUTY,4.2,30
Photo Editor 2018,BEAUTY,4.5,134
Step By Step Eyes Makeup Tutorial,BEAUTY,4.4,74
Beauty Camera - Selfie Camera,BEAUTY,4.0,113715
Girls Hairstyles,BEAUTY,4.1,3595
Mirror Camera (Mirror + Selfie Camera),BEAUTY,4.1,9315
Beauty Tips - Beauty Tips in Sinhala,BEAUTY,4.4,75
Haircut Tutorials/Haircut Videos,BEAUTY,4.6,38
"Sephora: Skin Care, Beauty Makeup & Fragrance Shop",BEAUTY,4.5,26834
Manicure - nail design,BEAUTY,4.213205479452055,119
"Sticker Camera - Selfie Filters, Beauty Camera",BEAUTY,3.9,2277
Filters for B Live,BEAUTY,4.4,2280
Skin Care and Natural Beauty,BEAUTY,4.213205479452055,654
Facial Wrinkle Reduction,BEAUTY,4.6,184
Makeup Videos,BEAUTY,3.8,9
"Secrets of beauty, youth and health",BEAUTY,4.213205479452055,77
Recipes and tips for losing weight,BEAUTY,4.213205479452055,35
Discover Color,BEAUTY,4.0,364
Eyeliner step by step 2018,BEAUTY,4.3,18
Dresses Ideas & Fashions +3000,BEAUTY,4.5,473
"Lady adviser (beauty, health)",BEAUTY,4.213205479452055,30
Step By Step Hairstyles For Women,BEAUTY,4.1,66
Rainbow Camera,BEAUTY,3.7,3871
Methods of teeth whitening,BEAUTY,4.7,257
Girls hairstyles 2018,BEAUTY,4.2,62
Wattpad 📖 Free Books,BOOKS_AND_REFERENCE,4.6,2914724
E-Book Read - Read Book for free,BOOKS_AND_REFERENCE,4.5,1857
Download free book with green book,BOOKS_AND_REFERENCE,4.6,4478
Wikipedia,BOOKS_AND_REFERENCE,4.4,577550
Amazon Kindle,BOOKS_AND_REFERENCE,4.2,814080
Cool Reader,BOOKS_AND_REFERENCE,4.5,246315
Dictionary - Merriam-Webster,BOOKS_AND_REFERENCE,4.5,454060
NOOK: Read eBooks & Magazines,BOOKS_AND_REFERENCE,4.5,155446
Free Panda Radio Music,BOOKS_AND_REFERENCE,4.5,418
Book store,BOOKS_AND_REFERENCE,4.4,22486
FBReader: Favorite Book Reader,BOOKS_AND_REFERENCE,4.5,203130
English Grammar Complete Handbook,BOOKS_AND_REFERENCE,4.6,1435
Free Books - Spirit Fanfiction and Stories,BOOKS_AND_REFERENCE,4.8,116507
Google Play Books,BOOKS_AND_REFERENCE,3.9,1433233
AlReader -any text book reader,BOOKS_AND_REFERENCE,4.6,90468
Offline English Dictionary,BOOKS_AND_REFERENCE,4.2,860
Oxford Dictionary of English : Free,BOOKS_AND_REFERENCE,4.1,363934
Offline: English to Tagalog Dictionary,BOOKS_AND_REFERENCE,4.7,967
Spanish English Translator,BOOKS_AND_REFERENCE,4.2,87873
FamilySearch Tree,BOOKS_AND_REFERENCE,4.3,17506
Cloud of Books,BOOKS_AND_REFERENCE,3.3,1862
Recipes of Prophetic Medicine for free,BOOKS_AND_REFERENCE,4.6,2084
ReadEra – free ebook reader,BOOKS_AND_REFERENCE,4.8,47303
NOOK App for NOOK Devices,BOOKS_AND_REFERENCE,4.7,19080
Anonymous caller detection,BOOKS_AND_REFERENCE,4.213205479452055,161
Ebook Reader,BOOKS_AND_REFERENCE,4.1,85842
Litnet - E-books,BOOKS_AND_REFERENCE,4.6,7831
Read books online,BOOKS_AND_REFERENCE,4.1,91615
English to Urdu Dictionary,BOOKS_AND_REFERENCE,4.6,4620
eBoox: book reader fb2 epub zip,BOOKS_AND_REFERENCE,4.7,21336
English Persian Dictionary,BOOKS_AND_REFERENCE,4.5,26875
Flybook,BOOKS_AND_REFERENCE,3.9,1778
All Maths Formulas,BOOKS_AND_REFERENCE,4.4,2709
Ancestry,BOOKS_AND_REFERENCE,4.3,64513
HTC Help,BOOKS_AND_REFERENCE,4.2,8342
English translation from Bengali,BOOKS_AND_REFERENCE,4.5,527
Pdf Book Download - Read Pdf Book,BOOKS_AND_REFERENCE,4.4,1322
Free Book Reader,BOOKS_AND_REFERENCE,3.4,1680
eBoox new: Reader for fb2 epub zip books,BOOKS_AND_REFERENCE,4.9,2739
"Only 30 days in English, the guideline is guaranteed",BOOKS_AND_REFERENCE,4.6,1065
Moon+ Reader,BOOKS_AND_REFERENCE,4.4,233757
SH-02J Owner's Manual (Android 8.0),BOOKS_AND_REFERENCE,4.213205479452055,2
English-Myanmar Dictionary,BOOKS_AND_REFERENCE,4.4,8788
Golden Dictionary (EN-AR),BOOKS_AND_REFERENCE,4.4,51269
All Language Translator Free,BOOKS_AND_REFERENCE,4.4,30105
Azpen eReader,BOOKS_AND_REFERENCE,3.5,156
URBANO V 02 instruction manual,BOOKS_AND_REFERENCE,4.213205479452055,114
English Dictionary - Offline,BOOKS_AND_REFERENCE,4.4,341157
Visual Voicemail by MetroPCS,BUSINESS,4.1,16129
Indeed Job Search,BUSINESS,4.3,674730
Uber Driver,BUSINESS,4.4,1254730
ADP Mobile Solutions,BUSINESS,4.3,85185
Snag - Jobs Hiring Now,BUSINESS,4.3,32584
Docs To Go™ Free Office Suite,BUSINESS,4.1,217730
Google My Business,BUSINESS,4.4,70991
OfficeSuite : Free Office + PDF Editor,BUSINESS,4.3,1002861
USPS MOBILE®,BUSINESS,3.9,16589
Job Search by ZipRecruiter,BUSINESS,4.8,148945
Curriculum vitae App CV Builder Free Resume Maker,BUSINESS,4.5,4458
Google Primer,BUSINESS,4.4,62272
Alba Heaven - Alvarez Job Portal Services,BUSINESS,4.0,8941
SuperLivePro,BUSINESS,4.3,46353
Facebook Pages Manager,BUSINESS,4.0,1279184
OfficeSuite Pro + PDF (Trial),BUSINESS,4.2,88073
My Space - Employment Center,BUSINESS,4.5,67000
Box,BUSINESS,4.2,159872
Polaris Office for LG,BUSINESS,4.2,30847
Call Blocker,BUSINESS,4.6,188841
Jobs in Alabama - Jobs in Alba,BUSINESS,4.1,11622
Square Point of Sale - POS,BUSINESS,4.6,95912
Plugin:AOT v5.0,BUSINESS,3.1,4034
Kariyer.net,BUSINESS,3.9,45964
SEEK Job Search,BUSINESS,4.3,14955
Become a Job - Find a job or advertise,BUSINESS,4.1,6903
ZOOM Cloud Meetings,BUSINESS,4.4,31614
Easy Installer - Apps On SD,BUSINESS,4.1,23055
Facebook Ads Manager,BUSINESS,4.1,19023
"IndiaMART: Search Products, Buy, Sell & Trade",BUSINESS,4.5,207372
ViettelPost express delivery,BUSINESS,4.4,1225
MyASUS - Service Center,BUSINESS,4.4,380837
Job Korea - Career Jobs,BUSINESS,4.3,10600
"104 Looking for a job - looking for a job, looking for a job, looking for a part-time job, health checkup, resume, treatment room",BUSINESS,4.4,74359
Myanmar 2D/3D,BUSINESS,4.6,822
Quick PDF Scanner + OCR FREE,BUSINESS,4.2,80805
sABN,BUSINESS,4.4,2287
ATI Cargoes and Transportation,BUSINESS,4.7,4162
Secure Folder,BUSINESS,3.8,14760
UPS Mobile,BUSINESS,3.9,23243
Y! Mobile menu,BUSINESS,4.213205479452055,9
SignEasy | Sign and Fill PDF and other Documents,BUSINESS,4.3,8978
Genius Scan - PDF Scanner,BUSINESS,4.4,42492
Tiny Scanner - PDF Scanner App,BUSINESS,4.7,286897
Fast Scanner : Free PDF Scan,BUSINESS,4.5,103755
Mobile Doc Scanner (MDScan) Lite,BUSINESS,4.2,46505
TurboScan: scan documents and receipts in PDF,BUSINESS,4.7,11442
Tiny Scanner Pro: PDF Doc Scan,BUSINESS,4.8,10295
Zenefits,BUSINESS,4.2,296
Google Ads,BUSINESS,4.3,29313
Slack,BUSINESS,4.4,51507
FreshBooks Classic,BUSINESS,4.1,1802
Insightly CRM,BUSINESS,3.8,1383
QuickBooks Accounting: Invoicing & Expenses,BUSINESS,4.3,23175
HipChat - Chat Built for Teams,BUSINESS,3.8,5868
Xero Accounting Software,BUSINESS,3.5,2111
"MailChimp - Email, Marketing Automation",BUSINESS,4.1,5448
Crew - Free Messaging and Scheduling,BUSINESS,4.6,4159
Asana: organize team projects,BUSINESS,4.3,20815
Google Analytics,BUSINESS,4.5,78662
AdWords Express,BUSINESS,4.1,7149
Accounting App - Zoho Books,BUSINESS,4.5,3079
Invoice & Time Tracking - Zoho,BUSINESS,4.6,5800
join.me - Simple Meetings,BUSINESS,4.0,6989
Invoice 2go — Professional Invoices and Estimates,BUSINESS,4.2,16422
Cisco Webex Meetings,BUSINESS,4.4,108741
ScreenMeet. Easy Phone Meeting,BUSINESS,4.0,624
Cisco Webex Teams,BUSINESS,4.2,1661
Microsoft Remote Desktop,BUSINESS,4.2,97702
Start Meeting,BUSINESS,4.1,308
ClickMeeting Webinars,BUSINESS,3.8,5211
BlueJeans for Android,BUSINESS,3.9,1058
Skype for Business for Android,BUSINESS,3.9,78172
Quick PDF Scanner + OCR FREE,BUSINESS,4.2,80804
OfficeSuite : Free Office + PDF Editor,BUSINESS,4.3,1002859
Slack,BUSINESS,4.4,51510
Verify - Receipts & Expenses,BUSINESS,4.5,413
LINE WEBTOON - Free Comics,COMICS,4.5,1013635
Manga Master - Best manga & comic reader,COMICS,4.6,24005
GANMA! - All original stories free of charge for all original comics,COMICS,4.7,57106
Röhrich Werner Soundboard,COMICS,4.7,2249
Unicorn Pokez - Color By Number,COMICS,4.8,516
MangaToon - Comics updated Daily,COMICS,3.9,834
Manga Net – Best Online Manga Reader,COMICS,4.1,1010
Manga Rock - Best Manga Reader,COMICS,4.4,238970
Manga - read Thai translation,COMICS,4.6,302
The Vietnam Story - Fun Stories,COMICS,4.5,438
Dragon Ball Wallpaper - Ringtones,COMICS,4.7,73
Funny Jokes Photos,COMICS,4.4,39
Truyện Vui Tý Quậy,COMICS,4.5,144
Comic Es - Shojo manga / love comics free of charge ♪ ♪,COMICS,3.9,2181
comico Popular Original Cartoon Updated Everyday Comico,COMICS,3.2,93965
Daily Manga - Comic & Webtoon,COMICS,3.2,1446
"漫咖 Comics - Manga,Novel and Stories",COMICS,4.1,12088
Emmanuella Funny Videos 2018,COMICS,4.5,314
DC Comics,COMICS,4.2,25671
Manga Zero - Japanese cartoon and comic reader,COMICS,4.2,15194
Marvel Unlimited,COMICS,3.7,22551
"Tapas – Comics, Novels, and Stories",COMICS,4.5,29839
Children's cartoons (Mithu-Mina-Raju),COMICS,4.6,279
Narrator's Voice,COMICS,4.5,564387
【Ranobbe complete free】 Novelba - Free app that you can read and write novels,COMICS,4.213205479452055,1330
Faustop Sounds,COMICS,4.7,1677
Manga Mania - Best online manga reader,COMICS,4.4,757
- Free Comics - Comic Apps,COMICS,3.5,115
Manga AZ - Manga Comic Reader,COMICS,3.3,125
Buff Thun - Daily Free Webtoon / Comics / Web Fiction / Mini Game,COMICS,4.5,9952
pixiv comic - everyone's manga app,COMICS,4.4,18814
Funny Jokes and Stories 2018,COMICS,4.2,21
Hojiboy Tojiboyev Life Hacks,COMICS,5.0,15
Perfect Viewer,COMICS,4.4,51981
"Best Wallpapers Backgrounds(100,000+ 4K HD)",COMICS,4.7,3596
think Comics,COMICS,4.4,1006
Memes Button,COMICS,4.4,5968
"Laftel - Watching and Announcing Snooping, Streaming",COMICS,4.6,4895
Messenger – Text and Video Chat for Free,COMMUNICATION,4.0,56642847
WhatsApp Messenger,COMMUNICATION,4.4,69119316
Messenger for SMS,COMMUNICATION,4.3,125257
Google Chrome: Fast & Secure,COMMUNICATION,4.3,9642995
Messenger Lite: Free Calls & Messages,COMMUNICATION,4.4,1429035
Gmail,COMMUNICATION,4.3,4604324
Hangouts,COMMUNICATION,4.0,3419249
Viber Messenger,COMMUNICATION,4.3,11334799
My Tele2,COMMUNICATION,4.3,158679
Firefox Browser fast & private,COMMUNICATION,4.4,3075028
Yahoo Mail – Stay Organized,COMMUNICATION,4.3,4187998
imo beta free calls and text,COMMUNICATION,4.3,659395
imo free video calls and chat,COMMUNICATION,4.3,4785892
Contacts,COMMUNICATION,4.3,66602
Call Free – Free Call,COMMUNICATION,4.3,30209
Web Browser & Explorer,COMMUNICATION,4.0,36901
Opera Mini - fast web browser,COMMUNICATION,4.5,5149854
Browser 4G,COMMUNICATION,4.3,192948
MegaFon Dashboard,COMMUNICATION,3.7,99559
ZenUI Dialer & Contacts,COMMUNICATION,4.5,437674
Cricket Visual Voicemail,COMMUNICATION,3.9,13698
Opera Browser: Fast and Secure,COMMUNICATION,4.4,2473509
TracFone My Account,COMMUNICATION,3.6,20769
Firefox Focus: The privacy browser,COMMUNICATION,4.4,36880
Google Voice,COMMUNICATION,4.2,171031
Chrome Dev,COMMUNICATION,4.4,63543
Xperia Link™,COMMUNICATION,4.1,45487
TouchPal Keyboard - Fun Emoji & Android Keyboard,COMMUNICATION,4.4,615381
Who,COMMUNICATION,4.3,2451083
Skype Lite - Free Video Call & Chat,COMMUNICATION,4.2,33053
WeChat,COMMUNICATION,4.2,5387333
UC Browser Mini -Tiny Fast Private & Secure,COMMUNICATION,4.4,3648120
WhatsApp Business,COMMUNICATION,4.4,136662
My magenta,COMMUNICATION,3.9,42370
Android Messages,COMMUNICATION,4.2,781810
Telegram,COMMUNICATION,4.4,3128250
Google Duo - High Quality Video Calls,COMMUNICATION,4.6,2083237
Puffin Web Browser,COMMUNICATION,4.3,541389
Seznam.cz,COMMUNICATION,4.3,46702
Antillean Gold Telegram (original version),COMMUNICATION,4.4,2939
AT&T Visual Voicemail,COMMUNICATION,3.7,13761
GMX Mail,COMMUNICATION,4.3,258556
Omlet Chat,COMMUNICATION,3.9,40751
UC Browser - Fast Download Private & Secure,COMMUNICATION,4.5,17712922
My Vodacom SA,COMMUNICATION,3.7,25021
Microsoft Edge,COMMUNICATION,4.3,27187
Messenger – Text and Video Chat for Free,COMMUNICATION,4.0,56646578
imo free video calls and chat,COMMUNICATION,4.3,4785988
Hangouts Dialer - Call Phones,COMMUNICATION,4.0,122498
Viber Messenger,COMMUNICATION,4.3,11334973
Hangouts,COMMUNICATION,4.0,3419433
"Talkatone: Free Texts, Calls & Phone Number",COMMUNICATION,4.1,132014
Calls & Text by Mo+,COMMUNICATION,4.2,83239
free video calls and chat,COMMUNICATION,4.2,594728
WeChat,COMMUNICATION,4.2,5387446
Skype - free IM & video calls,COMMUNICATION,4.1,10484169
Telegram,COMMUNICATION,4.4,3128509
Who,COMMUNICATION,4.3,2451093
"GO SMS Pro - Messenger, Free Themes, Emoji",COMMUNICATION,4.4,2876500
"Messaging+ SMS, MMS Free",COMMUNICATION,4.1,28238
chomp SMS,COMMUNICATION,4.3,335646
Glide - Video Chat Messenger,COMMUNICATION,4.3,350154
Text SMS,COMMUNICATION,4.5,349384
Google Allo,COMMUNICATION,4.3,346982
Talkray - Free Calls & Texts,COMMUNICATION,4.2,244863
LINE: Free Calls & Messages,COMMUNICATION,4.2,10790289
GroupMe,COMMUNICATION,4.5,330761
mysms SMS Text Messaging Sync,COMMUNICATION,4.3,37320
BBM - Free Calls & Messages,COMMUNICATION,4.3,12842860
KakaoTalk: Free Calls & Text,COMMUNICATION,4.3,2546527
Firefox Focus: The privacy browser,COMMUNICATION,4.4,36893
2ndLine - Second Phone Number,COMMUNICATION,4.2,15880
Google Allo,COMMUNICATION,4.3,346980
Google Chrome: Fast & Secure,COMMUNICATION,4.3,9643041
Firefox Browser fast & private,COMMUNICATION,4.4,3075118
"CM Browser - Ad Blocker , Fast Download , Privacy",COMMUNICATION,4.6,2264916
Opera Browser: Fast and Secure,COMMUNICATION,4.4,2473693
Ninesky Browser,COMMUNICATION,4.2,42925
Opera Mini - fast web browser,COMMUNICATION,4.5,5150471
"Dolphin Browser - Fast, Private & Adblock🐬",COMMUNICATION,4.5,2511130
UC Browser Mini -Tiny Fast Private & Secure,COMMUNICATION,4.4,3648480
UC Browser - Fast Download Private & Secure,COMMUNICATION,4.5,17714850
Ghostery Privacy Browser,COMMUNICATION,4.1,13100
InBrowser - Incognito Browsing,COMMUNICATION,4.2,27156
Web Browser for Android,COMMUNICATION,4.1,55098
DU Browser—Browse fast & fun,COMMUNICATION,4.3,1133501
Lightning Web Browser,COMMUNICATION,4.1,12578
Web Browser,COMMUNICATION,4.2,10965
Puffin Browser Pro,COMMUNICATION,4.0,18247
Contacts+,COMMUNICATION,4.2,190613
ExDialer - Dialer & Contacts,COMMUNICATION,4.2,125232
PHONE for Google Voice & GTalk,COMMUNICATION,4.3,72065
Safest Call Blocker,COMMUNICATION,4.4,27540
Full Screen Caller ID,COMMUNICATION,4.2,104990
Hiya - Caller ID & Block,COMMUNICATION,4.4,177703
Call Blocker,COMMUNICATION,4.1,17529
Mr. Number-Block calls & spam,COMMUNICATION,4.2,177263
Should I Answer?,COMMUNICATION,4.8,237468
RocketDial Dialer & Contacts,COMMUNICATION,4.4,32254
"CallApp: Caller ID, Blocker & Phone Call Recorder",COMMUNICATION,4.4,483565
Whoscall - Caller ID & Block,COMMUNICATION,4.4,552441
CIA - Caller ID & Call Blocker,COMMUNICATION,4.0,60308
Calls Blacklist - Call Blocker,COMMUNICATION,4.5,457283
Call Control - Call Blocker,COMMUNICATION,4.4,93825
True Contact - Real Caller ID,COMMUNICATION,4.1,32283
Video Caller Id,COMMUNICATION,4.2,15287
Sync.ME – Caller ID & Block,COMMUNICATION,4.5,205739
Burner - Free Phone Number,COMMUNICATION,4.3,14873
"Truecaller: Caller ID, SMS spam blocking & Dialer",COMMUNICATION,4.5,7820209
Caller ID +,COMMUNICATION,4.0,9498
Gmail,COMMUNICATION,4.3,4604483
Yahoo Mail – Stay Organized,COMMUNICATION,4.3,4188142
K-9 Mail,COMMUNICATION,4.2,88427
"myMail – Email for Hotmail, Gmail and Outlook Mail",COMMUNICATION,4.5,305218
Email TypeApp - Mail App,COMMUNICATION,4.6,183374
All Email Providers,COMMUNICATION,4.1,20901
"Newton Mail - Email App for Gmail, Outlook, IMAP",COMMUNICATION,4.0,122595
GO Notifier,COMMUNICATION,4.2,124346
Mail.Ru - Email App,COMMUNICATION,4.6,837842
Mail1Click - Secure Mail,COMMUNICATION,4.1,255
Daum Mail - Next Mail,COMMUNICATION,4.3,41420
mail.com mail,COMMUNICATION,4.2,44706
SolMail - All-in-One email app,COMMUNICATION,4.3,23707
Hangouts,COMMUNICATION,4.0,3419513
Viber Messenger,COMMUNICATION,4.3,11335255
Vonage Mobile® Call Video Text,COMMUNICATION,4.1,29208
JusTalk - Free Video Calls and Fun Video Chat,COMMUNICATION,4.6,191032
"Moco+ - Chat, Meet People",DATING,4.2,1545
Calculator,DATING,2.6,57
Truth or Dare Pro,DATING,4.213205479452055,0
"Private Dating, Hide App- Blue for PrivacyHider",DATING,4.213205479452055,0
Ad Blocker for SayHi,DATING,4.213205479452055,4
AMBW Dating App: Asian Men Black Women Interracial,DATING,3.5,2
Zoosk Dating App: Meet Singles,DATING,4.0,516801
OkCupid Dating,DATING,4.1,285726
Match™ Dating - Meet Singles,DATING,3.7,76646
"Hily: Dating, Chat, Match, Meet & Hook up",DATING,4.1,2556
Hinge: Dating & Relationships,DATING,4.2,7779
Casual Dating & Adult Singles - Joyride,DATING,4.5,61637
BBW Dating & Plus Size Chat,DATING,4.4,12632
"Moco - Chat, Meet People",DATING,4.2,313724
CMB Free Dating App,DATING,4.0,48845
Hot or Not - Find someone right now,DATING,4.1,305708
eharmony - Online Dating App,DATING,3.1,31320
Free Dating App & Flirt Chat - Match with Singles,DATING,4.4,172460
"Chispa, the Dating App for Latino, Latina Singles",DATING,4.2,4195
Clover Dating App,DATING,4.1,11633
Black People Meet Singles Date,DATING,3.9,10212
Mingle2 - Free Online Dating & Singles Chat Rooms,DATING,4.3,37053
Free Dating App & Flirt Chat - Cheers,DATING,4.4,667
stranger chat - anonymous chat,DATING,3.5,13202
"Blendr - Chat, Flirt & Meet",DATING,4.0,28671
Free Dating Hook Up Messenger,DATING,3.3,1157
Find Real Love — YouLove Premium Dating,DATING,4.5,212626
Once - Quality Matches Every day,DATING,4.4,222888
BLK - Swipe. Match. Chat.,DATING,4.1,2067
Cougar Dating Life : Date Older Women Sugar Mummy,DATING,3.9,1643
Howlr,DATING,3.9,105
Stranger Chat & Date,DATING,3.6,3414
Free Dating & Flirt Chat - Choice of Love,DATING,4.0,42194
RandoChat - Chat roulette,DATING,3.6,11806
BeWild Free Dating & Chat App,DATING,3.4,1999
"FastMeet: Chat, Dating, Love",DATING,4.2,22544
"Free Dating App - YoCutie - Flirt, Chat & Meet",DATING,4.1,97684
OurTime Dating for Singles 50+,DATING,3.4,2519
FarmersOnly Dating,DATING,3.0,1146
Dating for 50 plus Mature Singles – FINALLY,DATING,4.6,13046
Sudy – Meet Elite & Rich Single,DATING,4.1,17268
Christian Dating For Free App,DATING,3.9,8722
Just She - Top Lesbian Dating,DATING,1.9,953
Single Parent Meet #1 Dating,DATING,3.5,2593
EliteSingles – Dating for Single Professionals,DATING,2.5,5377
Millionaire Match: Rich Singles Dating App,DATING,3.9,852
InterracialCupid - Interracial Dating App,DATING,3.4,212
Sugar Mommas Dating And Single Search,DATING,3.5,1972
"Hide App, Private Dating, Safe Chat - PrivacyHider",DATING,4.4,35206
"muzmatch: Muslim & Arab Singles, Marriage & Dating",DATING,3.8,5164
NoBuffDating - Free Dating App,DATING,4.2,1939
Sugar Daddy Dating App,DATING,2.5,277
Adult Dirty Emojis,DATING,2.8,80
Free Dating App - Meet Local Singles - Flirt Chat,DATING,4.1,825
"Meet4U - Chat, Love, Singles!",DATING,4.2,40035
SnpCupid Dating,DATING,3.5,1093
"Chat Rooms, Avatars, Date - Galaxy",DATING,4.3,135418
Adult Dating - AdultFinder,DATING,3.3,1601
Gay Sugar Daddy Dating & Hookup – Sudy Gay,DATING,4.1,2212
"Meet24 - Love, Chat, Singles",DATING,4.2,57081
BBWCupid - BBW Dating App,DATING,3.5,241
ChatVideo Meet new people,DATING,4.2,63986
"TryDate - Free Online Dating App, Chat Meet Adults",DATING,4.4,7888
Black White Interracial Dating - Interracial Match,DATING,4.1,535
"USA Singles Meet, Match and Date Free - Date",DATING,4.2,5084
FlirtChat - ♥Free Dating/Flirting App♥,DATING,4.3,2430
The League,DATING,3.0,837
"Herpes Dating: 1,000K+ Singles",DATING,4.0,738
Heart mill,DATING,3.3,4631
95Live -SG#1 Live Streaming App,DATING,4.1,4953
Mutual - LDS Dating,DATING,3.7,1439
Cougar Dating Life : Date Older Women Sugar Mummy,DATING,3.9,1645
stranger chat - anonymous chat,DATING,3.5,13204
Millionaire Match: Rich Singles Dating App,DATING,3.9,853
2RedBeans,DATING,4.0,337
Dating for 50 plus Mature Singles – FINALLY,DATING,4.6,13049
"SweetRing - Meet, Match, Date",DATING,4.0,51698
"BiggerCity: Chat for gay bears, chubs & chasers",DATING,4.1,923
"Moco+ - Chat, Meet People",DATING,4.2,1546
SilverSingles: The 50+ Dating App,DATING,3.3,149
Herpes Positive Singles Dating,DATING,4.4,198
"Chat Rooms, Avatars, Date - Galaxy",DATING,4.3,135420
"FastMeet: Chat, Dating, Love",DATING,4.2,22545
Christian Dating For Free App,DATING,3.9,8723
Glam - Premium Dating App,DATING,4.3,23170
"iDates - Chats, Flirts, Dating, Love & Relations",DATING,3.4,13890
"Meet24 - Love, Chat, Singles",DATING,4.2,57083
Black White Interracial Dating - Interracial Match,DATING,4.1,537
JustDating,DATING,4.0,13440
Interracial Match Dating App,DATING,3.6,143
Russian Dating & Chat for Russian speaking RusDate,DATING,4.2,1059
Sky People (SPI): A secure blind date through authentication by Seoul National University,DATING,3.5,894
Sweet mi - unlimited hunnam hunting blind date,DATING,4.0,6191
Mingle - Online Dating App to Chat & Meet People,DATING,4.1,15081
BBW Dating & Curvy Singles Chat- LargeFriends,DATING,4.4,218
"Hide App, Private Dating, Safe Chat - PrivacyHider",DATING,4.4,35205
Hitwe - meet people and chat,DATING,4.2,243950
A hundred,DATING,4.1,236
JustSayHi- Dating App. Chat & Meet Singles Nearby,DATING,4.2,5152
FERZU - Furries Social Network,DATING,3.9,1576
WannaMeet – Dating & Chat App,DATING,4.1,6701
"Meet4U - Chat, Love, Singles!",DATING,4.2,40039
Luxy Pro- Elite Dating Single,DATING,3.9,742
Dating Network,DATING,4.0,187
"Chatting - Free chat, random chat, boyfriend, girlfriend",DATING,4.2,2506
"iPair-Meet, Chat, Dating",DATING,4.5,182986
"Meet, chat & date. Free dating app - Chocolate app",DATING,3.9,8661
Transenger – Ts Dating and Chat for Free,DATING,3.6,8
O-Star,DATING,4.4,59
Free Cam Girls - Live Webcam,DATING,3.5,35
Cardi B Live Stream Video Chat - Prank,DATING,4.4,28
Live Girls Talk - Free Video Chat,DATING,4.8,125
Live Talk - Free Text and Video Chat,DATING,4.6,185
Chat Kids - Chat Room For Kids,DATING,4.7,6
Girls Live Chat - Free Text & Video Chat,DATING,4.8,110
Random Video Chat,DATING,4.213205479452055,3
MouseMingle,DATING,2.7,3
American Girls Mobile Numbers,DATING,5.0,5
Random Video Chat App With Strangers,DATING,4.213205479452055,3
FREE VIDEO CHAT - LIVE VIDEO AND TEXT CHAT,DATING,4.8,84
Awake Dating,DATING,5.0,2
Live Chat - Free Video Chat Rooms,DATING,4.8,20
Meet With Strangers: Video Chat & Dating,DATING,4.213205479452055,2
FREE LIVE TALK,DATING,4.9,776
Random Chat App with Strangers,DATING,3.0,2
Ost. Zombies Cast - New Music and Lyrics,DATING,4.213205479452055,1
Dating White Girls,DATING,4.213205479452055,0
Live Chat - Free Video Talk,DATING,4.7,14
Geeks Dating,DATING,4.213205479452055,0
Live chat - free video chat,DATING,4.213205479452055,1
House party - live chat,DATING,1.0,1
Fishing Brain & Boating Maps Marine,DATING,4.213205479452055,3
CAM5678 Video Chat,DATING,4.213205479452055,0
Video chat live advices,DATING,4.213205479452055,0
chat live chat,DATING,4.213205479452055,24
Pet Lovers Dating,DATING,4.213205479452055,0
Friend Find: free chat + flirt dating app,DATING,4.213205479452055,23
Latin Dating,DATING,4.213205479452055,0
Spine- The dating app,DATING,5.0,5
Online Chat Girls Meet,DATING,4.7,18
Wifi Mingle,DATING,4.213205479452055,0
Girls Live Talk - Free Text and Video Chat,DATING,5.0,6
Soy Luna - Top Music And Lyrics,DATING,4.213205479452055,1
When Will You Get Married,DATING,4.213205479452055,2
HOW TO ASK A GIRL OUT,DATING,4.213205479452055,0
Online Girls Chat Group,DATING,5.0,5
The DJ - Match with People,DATING,4.213205479452055,0
Toronto Dating,DATING,4.213205479452055,0
i miss you quotes and photos,DATING,4.213205479452055,0
JoJo Siwa Top Hits Music,DATING,4.213205479452055,0
UK Girls Mobile Numbers,DATING,3.0,1
chat saudi arabia,DATING,4.1,11
Chat Click - Dating Search,DATING,4.213205479452055,4
Iraq love chat,DATING,4.213205479452055,14
Healthy Relationships Guide,DATING,4.213205479452055,0
following,DATING,4.213205479452055,1
Gods by Night,DATING,4.213205479452055,104
PlusOne,DATING,4.213205479452055,0
Love Calendar - Couple Sharing Calendar & CoupleDay,DATING,4.213205479452055,14
Speeding Joyride & Car Meet App,DATING,5.0,3
LOBSTR - go on a lunch date,DATING,3.7,101
Titanic App - Feminist Dating Application,DATING,4.5,120
French Chat Room,DATING,4.2,24
Soul Mate,DATING,4.213205479452055,0
Diamond Engagement Rings,DATING,4.213205479452055,0
Dating Tips For Men,DATING,4.213205479452055,0
Halalguur,DATING,4.3,6
95Live -SG#1 Live Streaming App,DATING,4.1,4954
Just She - Top Lesbian Dating,DATING,1.9,954
"Hily: Dating, Chat, Match, Meet & Hook up",DATING,4.1,2560
Find Lover,DATING,4.213205479452055,21
Free Dating & Flirt Chat - Choice of Love,DATING,4.0,42197
"muzmatch: Muslim & Arab Singles, Marriage & Dating",DATING,3.8,5168
BBW Dating & Plus Size Chat,DATING,4.4,12633
"2Date Dating App, Love and matching",DATING,4.4,41605
FlirtChat - ♥Free Dating/Flirting App♥,DATING,4.3,2433
Teenage Chat & Dating,DATING,3.4,5
Girls Online Talk - Free Text and Video Chat,DATING,4.7,791
Online Girls Chat,DATING,4.8,5323
LIVE VIDEO TALK,DATING,4.7,478
SkyLove – Dating and chat,DATING,3.5,69
Free Live Talk-Video Call,DATING,4.7,158
FindLoving,DATING,3.8,24
Sugar Daddies Dating App,DATING,2.9,53
"Free Dating App - YoCutie - Flirt, Chat & Meet",DATING,4.1,97699
"Chat Mexico: meet people, flirt and friendship",DATING,4.213205479452055,8
Duolingo: Learn Languages Free,EDUCATION,4.7,6289924
TED,EDUCATION,4.6,181893
English Communication - Learn English for Chinese (Learn English for Chinese),EDUCATION,4.7,2544
Khan Academy,EDUCATION,4.6,85375
Learn English with Wlingua,EDUCATION,4.7,314299
Ai La Trieu Phu - ALTP Free,EDUCATION,4.213205479452055,776
Princess Coloring Book,EDUCATION,4.5,9770
Learn Spanish - Español,EDUCATION,4.7,32346
English Grammar Test,EDUCATION,4.8,4075
Speed Reading,EDUCATION,4.6,10611
English for beginners,EDUCATION,4.6,9321
Flame - درب عقلك يوميا,EDUCATION,4.6,56065
Mermaids,EDUCATION,4.2,14286
"Learn Japanese, Korean, Chinese Offline & Free",EDUCATION,4.9,133136
Kids Mode,EDUCATION,3.8,2469
PBS KIDS Video,EDUCATION,4.2,36212
Dinosaurs Coloring Pages,EDUCATION,4.4,390
Cars Coloring Pages,EDUCATION,4.4,1090
Babbel – Learn Languages,EDUCATION,4.3,266948
Math Tricks,EDUCATION,4.5,342918
Monster Truck Driver & Racing,EDUCATION,4.4,748
Learn English Words Free,EDUCATION,4.6,172640
Japanese / English one-shop search dictionary - Free Japanese - English - Japanese dictionary application,EDUCATION,3.9,61
English speaking texts,EDUCATION,4.4,1619
Thai Handwriting,EDUCATION,4.3,3168
THAI DICT 2018,EDUCATION,4.4,29855
Kanji test · Han search Kanji training (free version),EDUCATION,4.2,6736
Game for KIDS: KIDS match'em,EDUCATION,4.4,7005
Flippy Campus - Buy & sell on campus at a discount,EDUCATION,4.0,889
Free intellectual training game application |,EDUCATION,4.2,5741
ABC Preschool Free,EDUCATION,3.8,27572
PINKFONG Baby Shark,EDUCATION,4.5,10852
English words application mikan,EDUCATION,4.7,9888
Learn English for beginners,EDUCATION,4.5,1929
Listen and learn English in seven days,EDUCATION,4.3,1516
Lumosity: #1 Brain Games & Cognitive Training App,EDUCATION,4.2,215301
Learn English from Persian: Persian to English,EDUCATION,4.3,423
English with Lingualeo,EDUCATION,4.7,254519
"Learn languages, grammar & vocabulary with Memrise",EDUCATION,4.7,1107903
Quizlet: Learn Languages & Vocab with Flashcards,EDUCATION,4.6,211856
Udemy - Online Courses,EDUCATION,4.5,99020
Coursera: Online courses,EDUCATION,4.4,90481
"edX - Online Courses by Harvard, MIT & more",EDUCATION,4.6,32381
Elevate - Brain Training Games,EDUCATION,4.5,248912
NeuroNation - Focus and Brain Training,EDUCATION,4.5,248555
Peak – Brain Games & Training,EDUCATION,4.4,272145
Memorado - Brain Games,EDUCATION,4.4,56897
Lynda - Online Training Videos,EDUCATION,4.2,8599
Brilliant,EDUCATION,4.5,41185
CppDroid - C/C++ IDE,EDUCATION,4.1,29980
Quiz&Learn Python,EDUCATION,4.0,304
C++ Tutorials,EDUCATION,4.1,358
C++ Programming,EDUCATION,4.3,11904
C Programming,EDUCATION,4.3,22251
Udacity - Lifelong Learning,EDUCATION,4.3,22384
Learn C++,EDUCATION,4.6,73404
Learn programming,EDUCATION,4.1,12733
Learn JavaScript,EDUCATION,4.6,25183
Learn Java,EDUCATION,4.7,52743
Learn HTML,EDUCATION,4.7,61749
"Programming Hub, Learn to code",EDUCATION,4.3,55704
Learn SQL,EDUCATION,4.7,19277
Ready4 SAT (Prep4 SAT),EDUCATION,4.6,13612
Socratic - Math Answers & Homework Help,EDUCATION,4.6,37862
Ready4 GMAT (Prep4 GMAT),EDUCATION,4.6,18372
Pocket GMAT Math,EDUCATION,4.3,656
GMAT Question Bank,EDUCATION,4.2,240
GRE Tutor,EDUCATION,4.0,275
GRE Flashcards,EDUCATION,4.5,13791
"play2prep: ACT, SAT prep",EDUCATION,4.2,3692
SAT Test,EDUCATION,4.1,2363
GMAT Math Flashcards,EDUCATION,4.4,1769
Pocket SAT Math,EDUCATION,4.0,430
TOEFL Prep & Practice from Magoosh,EDUCATION,4.5,756
GRE Prep & Practice by Magoosh,EDUCATION,4.4,3963
GRE® Flashcards by Kaplan,EDUCATION,4.0,316
SAT Vocabulary,EDUCATION,4.2,642
Magoosh GMAT Prep & Practice,EDUCATION,4.3,1058
SAT Flashcards: Prep & Vocabulary,EDUCATION,4.2,2277
Duolingo: Learn Languages Free,EDUCATION,4.7,6290507
"edX - Online Courses by Harvard, MIT & more",EDUCATION,4.6,32380
Rosetta Stone: Learn to Speak & Read New Languages,EDUCATION,4.5,172505
Google Classroom,EDUCATION,4.2,69493
"Learn languages, grammar & vocabulary with Memrise",EDUCATION,4.7,1107884
LinkedIn Learning: Online Courses to Learn Skills,EDUCATION,4.6,7973
Babbel – Learn Languages,EDUCATION,4.3,266935
Learn English with Phrases,EDUCATION,4.2,5695
Free english course,EDUCATION,4.7,142632
Learn 50 languages,EDUCATION,4.4,55256
Rosetta Stone: Learn to Speak & Read New Languages,EDUCATION,4.5,172508
Babbel – Learn Spanish,EDUCATION,4.4,54798
Mango Languages: Lovable Language Courses,EDUCATION,4.0,4815
Learn English with Aco,EDUCATION,4.6,75112
Learn to Speak English,EDUCATION,4.4,33646
Learn English with Wlingua,EDUCATION,4.7,314300
"busuu: Learn Languages - Spanish, English & More",EDUCATION,4.3,206527
My Class Schedule: Timetable,EDUCATION,4.1,9348
Study Checker,EDUCATION,4.2,3816
My Study Life - School Planner,EDUCATION,4.3,47847
HomeWork,EDUCATION,4.3,16195
Next Gen Science Standards,EDUCATION,4.3,206
myHomework Student Planner,EDUCATION,4.0,28392
Teacher's Gradebook - Additio,EDUCATION,4.2,3241
Common Core,EDUCATION,4.0,835
Homework Planner,EDUCATION,4.0,2525
TeachersPayTeachers,EDUCATION,3.8,828
Edmodo,EDUCATION,4.1,200058
Socrative Teacher,EDUCATION,3.9,1239
Training schedule - AllUniver,EDUCATION,4.1,702
Remind: School Communication,EDUCATION,4.5,108613
Google Classroom,EDUCATION,4.2,69498
ClassDojo,EDUCATION,4.4,148550
Lerni. Learn languages.,EDUCATION,4.0,3847
"HelloTalk — Chat, Speak & Learn Foreign Languages",EDUCATION,4.4,84309
"Learn languages, grammar & vocabulary with Memrise",EDUCATION,4.7,1107948
Innovative: Learn 34 Languages,EDUCATION,4.5,14206
"busuu: Learn Languages - Spanish, English & More",EDUCATION,4.3,206532
Chegg Study - Homework Help,EDUCATION,4.3,14700
Canvas Student,EDUCATION,4.5,42828
Timetable,EDUCATION,4.2,40209
EasyBib: Citation Generator,EDUCATION,3.5,1405
ClassDojo,EDUCATION,4.4,148549
"HelloTalk — Chat, Speak & Learn Foreign Languages",EDUCATION,4.4,84311
SoloLearn: Learn to Code for Free,EDUCATION,4.8,256079
Kids Learn Languages by Mondly,EDUCATION,4.4,2078
Blinkist - Nonfiction Books,EDUCATION,4.1,16103
Sago Mini Hat Maker,EDUCATION,4.9,11
Fuzzy Numbers: Pre-K Number Foundation,EDUCATION,4.7,21
Toca Life: City,EDUCATION,4.7,31085
Toca Life: Hospital,EDUCATION,4.7,3528
Netflix,ENTERTAINMENT,4.4,5456208
Complete Spanish Movies,ENTERTAINMENT,4.0,11656
Pluto TV - It’s Free TV,ENTERTAINMENT,4.2,28948
Tubi TV - Free Movies & TV,ENTERTAINMENT,4.3,296771
YouTube Kids,ENTERTAINMENT,4.5,470089
Mobile TV,ENTERTAINMENT,3.5,10939
TV+,ENTERTAINMENT,4.2,98509
Digital TV,ENTERTAINMENT,3.1,5241
Motorola Spotlight Player™,ENTERTAINMENT,4.6,22508
Vigo Lite,ENTERTAINMENT,4.2,10291
Google Play Games,ENTERTAINMENT,4.3,7165362
Hotstar,ENTERTAINMENT,4.3,4885646
"Peers.TV: broadcast TV channels First, Match TV, TNT ...",ENTERTAINMENT,4.1,141980
The green alien dance,ENTERTAINMENT,3.8,6979
Spectrum TV,ENTERTAINMENT,3.4,46618
H TV,ENTERTAINMENT,4.3,103078
StarTimes - Live International Champions Cup,ENTERTAINMENT,4.4,17682
Cinematic Cinematic,ENTERTAINMENT,4.4,37000
MEGOGO - Cinema and TV,ENTERTAINMENT,4.0,175528
Talking Angela,ENTERTAINMENT,3.7,1828284
DStv Now,ENTERTAINMENT,3.9,34923
ivi - movies and TV shows in HD,ENTERTAINMENT,4.5,684116
Radio Javan,ENTERTAINMENT,4.4,46916
Viki: Asian TV Dramas & Movies,ENTERTAINMENT,4.3,407698
Talking Ginger 2,ENTERTAINMENT,4.2,702975
Girly Lock Screen Wallpaper with Quotes,ENTERTAINMENT,4.2,32458
No.Draw - Colors by Number 2018,ENTERTAINMENT,4.5,235496
🔥 Football Wallpapers 4K | Full HD Backgrounds 😍,ENTERTAINMENT,4.7,11661
"Movies by Flixster, with Rotten Tomatoes",ENTERTAINMENT,4.5,653008
Low Poly – Puzzle art game,ENTERTAINMENT,4.5,23063
BBC Media Player,ENTERTAINMENT,3.4,87384
Amazon Prime Video,ENTERTAINMENT,4.2,411683
Adult Glitter Color by Number Book - Sandbox Pages,ENTERTAINMENT,4.3,8918
IMDb Movies & TV,ENTERTAINMENT,4.2,501498
Twitch: Livestream Multiplayer Games & Esports,ENTERTAINMENT,4.6,2133296
Ziggo GO,ENTERTAINMENT,4.1,29690
YouTube Gaming,ENTERTAINMENT,4.2,130549
PlayStation App,ENTERTAINMENT,4.2,613059
Talking Ben the Dog,ENTERTAINMENT,4.3,1633682
"Red Bull TV: Live Sports, Music & Entertainment",ENTERTAINMENT,4.4,42050
Trailer Addict Movie Trailers,ENTERTAINMENT,3.9,2646
Cinemark Theatres,ENTERTAINMENT,4.1,21867
Regal Cinemas,ENTERTAINMENT,4.3,32732
Fandango Movies - Times + Tickets,ENTERTAINMENT,4.6,243747
Marcus Theatres,ENTERTAINMENT,3.6,2639
Harkins Theatres,ENTERTAINMENT,4.3,1511
AMC Theatres,ENTERTAINMENT,4.3,44550
IMDb Movies & TV,ENTERTAINMENT,4.2,501497
Food Network,ENTERTAINMENT,4.1,7813
Cooking Channel,ENTERTAINMENT,4.1,1033
Animal Planet GO,ENTERTAINMENT,4.2,2442
"VRV: Anime, game videos & more",ENTERTAINMENT,3.9,15254
DramaFever: Stream Asian Drama Shows & Movies,ENTERTAINMENT,4.2,155234
Crunchyroll - Everything Anime,ENTERTAINMENT,3.7,310066
Investigation Discovery GO,ENTERTAINMENT,4.5,12216
Crackle - Free TV & Movies,ENTERTAINMENT,3.7,388089
CBS - Full Episodes & Live TV,ENTERTAINMENT,3.8,92058
STARZ,ENTERTAINMENT,4.3,88185
Acorn TV: World-class TV from Britain and Beyond,ENTERTAINMENT,3.0,493
HISTORY: Watch TV Show Full Episodes & Specials,ENTERTAINMENT,4.1,33387
Nick,ENTERTAINMENT,4.2,123279
VH1,ENTERTAINMENT,4.1,27424
FOX NOW - On Demand & Live TV,ENTERTAINMENT,3.9,60841
A&E - Watch Full Episodes of TV Shows,ENTERTAINMENT,4.0,29706
The CW,ENTERTAINMENT,4.4,288150
BET NOW - Watch Shows,ENTERTAINMENT,4.2,14807
"Hulu: Stream TV, Movies & more",ENTERTAINMENT,4.0,319692
HBO NOW: Stream TV & Movies,ENTERTAINMENT,3.9,61201
Univision NOW - Live TV and On Demand,ENTERTAINMENT,4.0,22998
SHOWTIME,ENTERTAINMENT,4.2,12398
Lifetime - Watch Full Episodes & Original Movies,ENTERTAINMENT,4.0,35928
SeriesGuide – Show & Movie Manager,ENTERTAINMENT,4.3,64448
Comedy Central,ENTERTAINMENT,3.9,22378
Netflix,ENTERTAINMENT,4.4,5456599
Tubi TV - Free Movies & TV,ENTERTAINMENT,4.3,296829
Crunchyroll - Everything Anime,ENTERTAINMENT,3.7,310095
"Hulu: Stream TV, Movies & more",ENTERTAINMENT,4.0,319691
CW Seed,ENTERTAINMENT,4.5,16372
The NBC App - Watch Live TV and Full Episodes,ENTERTAINMENT,4.1,58028
WWE,ENTERTAINMENT,4.5,736864
Universal Kids,ENTERTAINMENT,3.6,1968
MTV,ENTERTAINMENT,3.8,35279
Lifetime - Watch Full Episodes & Original Movies,ENTERTAINMENT,4.0,35931
LEGO® TV,ENTERTAINMENT,3.7,17247
HBO GO: Stream with TV Package,ENTERTAINMENT,3.8,87723
Showtime Anytime,ENTERTAINMENT,3.7,18523
PlayKids - Educational cartoons and games for kids,ENTERTAINMENT,4.1,182103
FOX,ENTERTAINMENT,3.7,197774
Telemundo Now,ENTERTAINMENT,3.9,8674
Netflix,ENTERTAINMENT,4.4,5456708
Vudu Movies & TV,ENTERTAINMENT,3.9,58082
Yidio: TV Show & Movie Guide,ENTERTAINMENT,3.9,27424
Viki: Asian TV Dramas & Movies,ENTERTAINMENT,4.3,407719
Redbox,ENTERTAINMENT,4.1,115033
Univision NOW - Live TV and On Demand,ENTERTAINMENT,4.0,22997
Tribeca Shortlist - Handpicked Movies,ENTERTAINMENT,3.9,801
Nick Jr. - Shows & Games,ENTERTAINMENT,4.2,8968
Sticker Market: Emoji keyboard,ENTERTAINMENT,4.3,303
Kidjo TV Kids Have Fun & Learn,ENTERTAINMENT,4.6,732
Laugh Out Loud by Kevin Hart,ENTERTAINMENT,4.3,1856
ColorFul - Adult Coloring Book,ENTERTAINMENT,4.6,50725
Hamilton — The Official App,ENTERTAINMENT,4.5,1575
My Talking Pet,ENTERTAINMENT,4.6,6238
Funny Pics,ENTERTAINMENT,3.9,9941
Funny Quotes Free,ENTERTAINMENT,4.2,23666
LOL Pics (Funny Pictures),ENTERTAINMENT,4.4,67554
Meme Creator,ENTERTAINMENT,4.2,38769
"Imgur: Find funny GIFs, memes & watch viral videos",ENTERTAINMENT,4.3,160164
Meme Generator,ENTERTAINMENT,4.6,3771
SketchBook - draw and paint,ENTERTAINMENT,4.3,256664
Colorfy: Coloring Book for Adults - Free,ENTERTAINMENT,4.5,787177
All Events in City,EVENTS,4.0,3782
Ticketmaster Event Tickets,EVENTS,4.0,40113
Reminder,EVENTS,4.5,7074
Birdays - Birthday reminder,EVENTS,4.5,2153
"StubHub - Tickets to Sports, Concerts & Events",EVENTS,4.0,26089
Fever,EVENTS,4.0,20611
DroidAdmin for Android - Advice,EVENTS,4.2,811
"SeatGeek – Tickets to Sports, Concerts, Broadway",EVENTS,4.4,15558
my4D,EVENTS,4.6,573
VAN NIAN 2018 - Vietnamese Calendar,EVENTS,4.213205479452055,37
Vivid Seats – Event Tickets,EVENTS,4.6,8232
Name days,EVENTS,4.1,3089
LBB - Find New & Unique Things To Do Around You,EVENTS,4.6,3874
Happy Birthday Songs Offline,EVENTS,4.4,464
Series Valley of the Wolves full of part,EVENTS,4.6,731
Mummatikabalkuragi,EVENTS,4.9,69
"Gametime - Tickets to Sports, Concerts, Theater",EVENTS,4.5,8800
"PTI Flex Maker, Photo Frame Editor & Songs 2018",EVENTS,4.6,99
Wipe out,EVENTS,4.7,30
Birthdays & Other Events,EVENTS,4.3,456
Sarajevo Film Festival - Official,EVENTS,4.213205479452055,6
Summer Madness,EVENTS,4.213205479452055,4
Events High - Meet Your City!,EVENTS,4.2,3200
vide-greniers.org,EVENTS,4.3,5839
SUMMER SONIC app,EVENTS,5.0,4
Quake & Volcanoes: 3D Globe of Volcanic Eruptions,EVENTS,4.4,663
Prosperity,EVENTS,5.0,16
Picktrainer: India's largest photo contest app,EVENTS,4.5,1065
AAS-IN-ASIA 2018,EVENTS,4.213205479452055,3
Moot Peru 2018,EVENTS,4.213205479452055,13
FM News,EVENTS,4.213205479452055,46
Goldstar: Live Event Tickets,EVENTS,4.5,1953
Emmabodafestivalen,EVENTS,4.8,12
KudaGo - things to do in NY,EVENTS,4.4,4298
Mindvalley U Tallinn 2018,EVENTS,5.0,1
Rockmaraton Info,EVENTS,4.213205479452055,49
Freitas Auctioneer Official,EVENTS,3.7,100
mobLee Events,EVENTS,4.213205479452055,11
"Xceed - Clubs, DJs, Festivals & Tickets",EVENTS,4.1,399
AMM Events & CPD,EVENTS,4.213205479452055,5
Arab Halls - For Wedding & Events,EVENTS,4.8,28
MeAuDote - An act of love that saves a life,EVENTS,4.213205479452055,250
TCF National Conference,EVENTS,4.213205479452055,1
Endurance Lifestyle,EVENTS,4.6,7
K PLUS,FINANCE,4.4,124424
ING Banking,FINANCE,4.4,39041
Citibanamex Movil,FINANCE,3.6,52306
The postal bank,FINANCE,3.7,36718
KTB Netbank,FINANCE,3.8,42644
Mobile Bancomer,FINANCE,4.2,278082
Nedbank Money,FINANCE,4.2,6076
SCB EASY,FINANCE,4.2,112656
CASHIER,FINANCE,3.3,335738
Rabo Banking,FINANCE,3.4,31906
Capitec Remote Banking,FINANCE,4.3,20672
Itau bank,FINANCE,4.2,957973
Nubank,FINANCE,4.7,130582
The Societe Generale App,FINANCE,4.1,31218
IKO,FINANCE,4.7,167168
Cash App,FINANCE,4.0,34428
Standard Bank / Stanbic Bank,FINANCE,3.6,15247
Bualuang mBanking,FINANCE,4.0,48445
Intesa Sanpaolo Mobile,FINANCE,3.6,35518
UBA Mobile Banking,FINANCE,4.3,12185
BBVA Spain,FINANCE,4.2,36746
MyMo by GSB,FINANCE,4.2,21996
VTB-Online,FINANCE,4.1,138371
Ecobank Mobile Banking,FINANCE,4.0,12073
Banorte Movil,FINANCE,4.1,111632
Wells Fargo Mobile,FINANCE,4.4,250706
Credit Karma,FINANCE,4.7,706301
BZWBK24 mobile,FINANCE,4.5,64959
PayPal,FINANCE,4.3,659741
Capital One® Mobile,FINANCE,4.6,510392
Zenith Bank Mobile App,FINANCE,4.3,7215
"GCash - Buy Load, Pay Bills, Send Money",FINANCE,4.0,25508
Post Bank,FINANCE,4.5,60449
İşCep,FINANCE,4.5,381788
People's Bank,FINANCE,3.6,10697
Google Pay,FINANCE,4.2,347838
Transfer,FINANCE,4.1,31804
T-Mobile in,FINANCE,3.5,3856
TrueMoney Wallet,FINANCE,4.4,199684
Alfa-Bank (Alfa-Bank),FINANCE,4.0,44545
Bank of Brazil,FINANCE,4.5,1336246
WiseBanyan - Invest For Free,FINANCE,4.2,257
"Robinhood - Investing, No Fees",FINANCE,4.6,57493
Wells Fargo Daily Change,FINANCE,4.2,283
"Even - organize your money, get paid early",FINANCE,4.8,12304
Digit Save Money Automatically,FINANCE,4.5,8188
Stash: Invest. Learn. Save.,FINANCE,4.2,11919
Acorns - Invest Spare Change,FINANCE,4.3,45957
"Money Lover: Expense Tracker, Budget Planner",FINANCE,4.4,126431
Expense IQ Money Manager,FINANCE,4.4,21570
Money Manager Expense & Budget,FINANCE,4.6,134564
"Prism Pay Bills, Track Money, Personal Finance",FINANCE,4.6,16961
Monefy - Money Manager,FINANCE,4.6,111254
Simple - Better Banking,FINANCE,4.4,7731
Chime - Mobile Banking,FINANCE,4.3,5928
Bluebird by American Express,FINANCE,4.2,15703
Walmart MoneyCard,FINANCE,4.2,6148
Moven - Smart Finances,FINANCE,3.8,861
Qapital - Save Small. Live Large,FINANCE,4.5,8662
Experian - Free Credit Report,FINANCE,4.6,23130
Branch,FINANCE,4.6,69973
"WalletHub - Free Credit Score, Report & Monitoring",FINANCE,4.7,1311
CreditWise from Capital One,FINANCE,4.6,26587
"NerdWallet: Personal Finance, Credit Score & Cash",FINANCE,4.6,2417
Credit Karma,FINANCE,4.7,706302
my face,FINANCE,3.8,1054
Credit Sesame,FINANCE,4.3,25166
"Mint: Budget, Bills, Finance",FINANCE,4.3,129304
Fresh EBT - Food Stamp Balance,FINANCE,4.5,19870
"Hurdlr: Track Mileage, Expenses, and Log Receipts",FINANCE,4.6,3596
Mobills: Budget Planner,FINANCE,4.6,161440
Everlance: Free Mileage Log,FINANCE,4.7,7514
MileIQ - Free Mileage Tracker for Business,FINANCE,4.5,46106
QuickBooks Self-Employed:Mileage Tracker and Taxes,FINANCE,4.4,15141
FREE Stock Market Trading Tips,FINANCE,3.9,714
MetaTrader 5,FINANCE,4.5,42410
MetaTrader 4,FINANCE,4.6,260547
Stock Quote,FINANCE,4.1,4344
Seeking Alpha,FINANCE,4.5,22808
Stock Trainer: Virtual Trading (Stock Markets),FINANCE,4.4,42809
Stocks: Realtime Quotes Charts,FINANCE,4.5,16808
"Stocks, Forex, Bitcoin, Ethereum: Portfolio & News",FINANCE,4.6,157505
CNBC: Breaking Business News & Live Market Data,FINANCE,4.2,24647
US Stock Market,FINANCE,4.4,1922
Bloomberg Professional,FINANCE,4.1,3334
E*TRADE Mobile,FINANCE,3.9,10658
MSN Money- Stock Quotes & News,FINANCE,4.5,78361
Fox Business,FINANCE,3.7,2594
NSE Mobile Trading,FINANCE,4.1,13868
Yahoo Finance,FINANCE,4.4,135952
"JStock - Stock Market, Portfolio & News",FINANCE,4.6,11066
Acorns - Invest Spare Change,FINANCE,4.3,45962
Webull - Stock Quotes & Free Stock Trading,FINANCE,4.3,34861
"Trading 212 - Forex, Stocks, CFDs",FINANCE,4.3,37580
"Moneycontrol – Stocks, Sensex, Mutual Funds, IPO",FINANCE,4.4,281485
Current debit card and app made for teens,FINANCE,4.3,685
"Money Lover: Expense Tracker, Budget Planner",FINANCE,4.4,126447
Betterment,FINANCE,4.4,3780
Citizens Bank Mobile Banking,FINANCE,4.1,15192
GoBank,FINANCE,4.4,5950
NetSpend Prepaid,FINANCE,4.2,15993
BBVA Compass Banking,FINANCE,4.3,5905
PayPal,FINANCE,4.3,659760
BankMobile Vibe App,FINANCE,4.3,14627
Netspend Skylight ONE,FINANCE,3.9,1098
ACE Elite,FINANCE,4.1,2898
U.S. Bank,FINANCE,4.1,70782
Huntington Mobile,FINANCE,4.2,11264
USAA Mobile,FINANCE,4.5,100997
Google Pay,FINANCE,4.2,347874
Associated Credit Union Mobile,FINANCE,4.7,3290
Bank of America Mobile Banking,FINANCE,4.4,341090
USE Credit Union Mobile,FINANCE,4.6,964
Discover Mobile,FINANCE,4.6,87951
Wells Fargo Mobile,FINANCE,4.4,250719
Capital One® Mobile,FINANCE,4.6,510401
Amex Mobile,FINANCE,4.3,24729
Citi Mobile®,FINANCE,4.0,78306
Navy Federal Credit Union,FINANCE,4.4,43313
Chase Mobile,FINANCE,4.6,1374549
HDFC Bank MobileBanking,FINANCE,4.2,208463
Barclays US for Android,FINANCE,4.1,6998
McDonald's,FOOD_AND_DRINK,3.6,145323
Easy and Fast Recipes,FOOD_AND_DRINK,4.213205479452055,95
Cookpad - FREE recipe search makes fun cooking · musical making!,FOOD_AND_DRINK,4.1,64784
DELISH KITCHEN - FREE recipe movies make food fun and easy!,FOOD_AND_DRINK,4.6,32997
Sumine side dish - dish recipe side dish,FOOD_AND_DRINK,4.213205479452055,82
Easy Recipes,FOOD_AND_DRINK,4.7,2707
Delicious Recipes,FOOD_AND_DRINK,4.7,129737
Tastely,FOOD_AND_DRINK,4.7,611136
Pastry & Cooking (Without Net),FOOD_AND_DRINK,4.7,6118
Frigo Magic: Easy recipe idea and anti-waste,FOOD_AND_DRINK,4.1,2473
McDonald's - McDonald's Japan,FOOD_AND_DRINK,3.4,109784
Debonairs Pizza,FOOD_AND_DRINK,3.8,3320
Popeyes® App,FOOD_AND_DRINK,3.7,61
Dunkin' Donuts,FOOD_AND_DRINK,4.2,68103
Pyaterochka,FOOD_AND_DRINK,3.1,8412
Refreshing app Free application that can use deal coupons,FOOD_AND_DRINK,3.5,10741
Simple Recipes,FOOD_AND_DRINK,4.7,3803
Grubhub: Food Delivery,FOOD_AND_DRINK,4.5,155944
Panera Bread,FOOD_AND_DRINK,4.2,10159
Chick-fil-A,FOOD_AND_DRINK,4.3,28008
hellofood - Food Delivery,FOOD_AND_DRINK,4.0,43614
Starbucks,FOOD_AND_DRINK,4.5,455377
Easy and quick desserts,FOOD_AND_DRINK,4.6,1398
Domino's Pizza USA,FOOD_AND_DRINK,4.7,1032935
Chef - Recipes & Cooking,FOOD_AND_DRINK,4.1,32405
"Delivery Club-food delivery: pizza, sushi, burger, salad",FOOD_AND_DRINK,4.3,151080
HungerStation,FOOD_AND_DRINK,3.8,22513
Delivery yogi.,FOOD_AND_DRINK,4.4,90042
Delivery trough - delivery trough delivery trough,FOOD_AND_DRINK,4.3,58316
Dr. Oetker recipe ideas,FOOD_AND_DRINK,4.2,8509
SONIC Drive-In,FOOD_AND_DRINK,4.3,19314
SUBWAY®,FOOD_AND_DRINK,3.8,21314
GialloZafferano: Recipes,FOOD_AND_DRINK,4.3,30224
Dairy Queen,FOOD_AND_DRINK,3.7,731
9th stage,FOOD_AND_DRINK,4.5,454
OpenRice,FOOD_AND_DRINK,3.6,14952
SarashpazPapion (Cooking with Chef Bowls),FOOD_AND_DRINK,4.8,1250
Little Caesars,FOOD_AND_DRINK,3.3,1726
Recipes Pastries and homemade pies More than 500 recipes for pastries,FOOD_AND_DRINK,4.7,14065
Om Waleed Sweets,FOOD_AND_DRINK,4.6,556
"Eat Fast Prepare ""Without Internet""",FOOD_AND_DRINK,4.6,4925
Wendy’s – Food and Offers,FOOD_AND_DRINK,3.4,6507
My Recipes Cookbook : RecetteTek,FOOD_AND_DRINK,4.6,11707
Healthy Recipes Free,FOOD_AND_DRINK,4.0,1077
Cookbook Recipes,FOOD_AND_DRINK,4.1,46539
ChefTap Recipes & Grocery List,FOOD_AND_DRINK,4.5,9066
Recipe Keeper,FOOD_AND_DRINK,4.4,1962
My CookBook (Recipe Manager),FOOD_AND_DRINK,4.5,22071
50 Healthy Slow Cooker Recipes,FOOD_AND_DRINK,4.0,196
Easy Healthy Recipes,FOOD_AND_DRINK,4.1,278
Allrecipes Dinner Spinner,FOOD_AND_DRINK,4.5,61881
My CookBook Pro (Ad Free),FOOD_AND_DRINK,4.6,2129
Paprika Recipe Manager,FOOD_AND_DRINK,4.1,1268
Yummly Recipes & Shopping List,FOOD_AND_DRINK,4.5,91359
Kitchen Stories - Recipes & Cooking,FOOD_AND_DRINK,4.6,22015
Cookpad,FOOD_AND_DRINK,4.5,131569
"BigOven Recipes, Meal Planner, Grocery List & More",FOOD_AND_DRINK,4.3,31986
Postmates Food Delivery: Order Eats & Alcohol,FOOD_AND_DRINK,3.6,22875
Instacart: Grocery Delivery,FOOD_AND_DRINK,4.4,17071
OpenTable: Restaurants Near Me,FOOD_AND_DRINK,4.6,90242
Foursquare City Guide,FOOD_AND_DRINK,4.1,483960
Zomato - Restaurant Finder and Food Delivery App,FOOD_AND_DRINK,4.3,511228
Munchery: Chef Crafted Fresh Food Delivered,FOOD_AND_DRINK,3.9,464
"delivery.com: Order Food, Alcohol & Laundry",FOOD_AND_DRINK,4.1,1920
Eat24 Food Delivery & Takeout,FOOD_AND_DRINK,4.3,40116
BeyondMenu Food Delivery,FOOD_AND_DRINK,4.7,51517
EatStreet Food Delivery App,FOOD_AND_DRINK,4.6,7690
Pizza Hut,FOOD_AND_DRINK,4.4,321134
Caviar - Food Delivery,FOOD_AND_DRINK,4.2,3755
DoorDash - Food Delivery,FOOD_AND_DRINK,4.5,104504
Chick-fil-A,FOOD_AND_DRINK,4.3,28009
Uber Eats: Local Food Delivery,FOOD_AND_DRINK,4.2,333208
Seamless Food Delivery/Takeout,FOOD_AND_DRINK,4.5,35218
Talabat: Food Delivery,FOOD_AND_DRINK,4.5,116403
TheFork - Restaurants booking and special offers,FOOD_AND_DRINK,4.3,37517
foodpanda - Local Food Delivery,FOOD_AND_DRINK,4.0,292969
Zomato - Restaurant Finder and Food Delivery App,FOOD_AND_DRINK,4.3,511420
Home Workout - No Equipment,HEALTH_AND_FITNESS,4.8,428156
Step Counter - Calorie Counter,HEALTH_AND_FITNESS,4.0,1577
Lose Belly Fat in 30 Days - Flat Stomach,HEALTH_AND_FITNESS,4.9,38098
Pedometer - Step Counter Free & Calorie Burner,HEALTH_AND_FITNESS,4.8,31139
Six Pack in 30 Days - Abs Workout,HEALTH_AND_FITNESS,4.9,272337
Lose Weight in 30 Days,HEALTH_AND_FITNESS,4.8,220125
Pedometer,HEALTH_AND_FITNESS,4.4,400592
LG Health,HEALTH_AND_FITNESS,3.3,20098
Step Counter - Pedometer Free & Calorie Counter,HEALTH_AND_FITNESS,4.7,117925
"Pedometer, Step Counter & Weight Loss Tracker App",HEALTH_AND_FITNESS,4.6,548021
Sportractive GPS Running Cycling Distance Tracker,HEALTH_AND_FITNESS,4.8,48276
30 Day Fitness Challenge - Workout at Home,HEALTH_AND_FITNESS,4.8,471036
Home Workout for Men - Bodybuilding,HEALTH_AND_FITNESS,4.8,12705
Fat Burning Workout - Home Weight lose,HEALTH_AND_FITNESS,4.5,706
Buttocks and Abdomen,HEALTH_AND_FITNESS,4.4,465
Walking for Weight Loss - Walk Tracker,HEALTH_AND_FITNESS,4.5,644
Running & Jogging,HEALTH_AND_FITNESS,4.5,6238
Walk with Map My Walk,HEALTH_AND_FITNESS,4.5,144040
Sleep Sounds,HEALTH_AND_FITNESS,4.8,51227
Fitbit,HEALTH_AND_FITNESS,3.9,357417
Lose Belly Fat-Home Abs Fitness Workout,HEALTH_AND_FITNESS,4.6,199
Runtastic Running App & Mile Tracker,HEALTH_AND_FITNESS,4.5,827597
Cycling - Bike Tracker,HEALTH_AND_FITNESS,4.5,9116
Abs Training-Burn belly fat,HEALTH_AND_FITNESS,4.7,2071
Calorie Counter - EasyFit free,HEALTH_AND_FITNESS,4.7,50294
Nike+ Run Club,HEALTH_AND_FITNESS,4.4,708674
Aunjai i lert u,HEALTH_AND_FITNESS,4.2,1140
Garmin Connect™,HEALTH_AND_FITNESS,3.9,232153
BetterMe: Weight Loss Workouts,HEALTH_AND_FITNESS,4.2,14709
Bike Computer - GPS Cycling Tracker,HEALTH_AND_FITNESS,4.4,12029
Calorie Counter - MyFitnessPal,HEALTH_AND_FITNESS,4.6,1873516
Six Packs for Man–Body Building with No Equipment,HEALTH_AND_FITNESS,4.6,2880
Weight Watchers Mobile,HEALTH_AND_FITNESS,4.2,270267
Endomondo - Running & Walking,HEALTH_AND_FITNESS,4.5,559186
Running Distance Tracker +,HEALTH_AND_FITNESS,4.7,77777
The TK-App - everything under control,HEALTH_AND_FITNESS,4.5,8642
Runkeeper - GPS Track Run Walk,HEALTH_AND_FITNESS,4.5,501144
Walking: Pedometer diet,HEALTH_AND_FITNESS,3.7,1861
Recipes for hair and face tried,HEALTH_AND_FITNESS,4.5,1203
Abs Workout - 30 Days Fitness App for Six Pack Abs,HEALTH_AND_FITNESS,4.6,299
8fit Workouts & Meal Planner,HEALTH_AND_FITNESS,4.6,115721
Keep Trainer - Workout Trainer & Fitness Coach,HEALTH_AND_FITNESS,4.7,14810
Run with Map My Run,HEALTH_AND_FITNESS,4.5,183662
Weight Loss Running by Verv,HEALTH_AND_FITNESS,4.5,27393
Couch to 10K Running Trainer,HEALTH_AND_FITNESS,4.6,10445
PumpUp — Fitness Community,HEALTH_AND_FITNESS,4.0,49479
"Home workouts - fat burning, abs, legs, arms,chest",HEALTH_AND_FITNESS,4.3,4848
Running Weight Loss Walking Jogging Hiking FITAPP,HEALTH_AND_FITNESS,4.4,20812
"Strava Training: Track Running, Cycling & Swimming",HEALTH_AND_FITNESS,4.5,328469
Workout Trainer: fitness coach,HEALTH_AND_FITNESS,4.2,100406
"Fabulous: Motivate Me! Meditate, Relax, Sleep",HEALTH_AND_FITNESS,4.6,205299
StrongLifts 5x5 Workout Gym Log & Personal Trainer,HEALTH_AND_FITNESS,4.9,66791
Run with Map My Run,HEALTH_AND_FITNESS,4.5,183669
7 Minute Workout,HEALTH_AND_FITNESS,4.5,399009
Workout Tracker & Gym Trainer - Fitness Log Book,HEALTH_AND_FITNESS,4.6,5420
Freeletics: Personal Trainer & Fitness Workouts,HEALTH_AND_FITNESS,4.5,130104
Nike Training Club - Workouts & Fitness Plans,HEALTH_AND_FITNESS,4.6,251534
Fitbit Coach,HEALTH_AND_FITNESS,4.6,28951
"JEFIT Workout Tracker, Weight Lifting, Gym Log App",HEALTH_AND_FITNESS,4.5,60096
Map My Ride GPS Cycling Riding,HEALTH_AND_FITNESS,4.5,106547
Daily Workouts - Exercise Fitness Routine Trainer,HEALTH_AND_FITNESS,4.4,134195
Google Fit - Fitness Tracking,HEALTH_AND_FITNESS,3.9,249855
Weight Loss Running by Verv,HEALTH_AND_FITNESS,4.5,27396
Nike+ Run Club,HEALTH_AND_FITNESS,4.4,708710
Sworkit: Workouts & Fitness Plans,HEALTH_AND_FITNESS,4.6,109756
Map My Fitness Workout Trainer,HEALTH_AND_FITNESS,4.4,38343
Sports Tracker Running Cycling,HEALTH_AND_FITNESS,4.5,190247
Runtastic Running App & Mile Tracker,HEALTH_AND_FITNESS,4.5,827651
Seven - 7 Minute Workout Training Challenge,HEALTH_AND_FITNESS,4.5,75571
Daily Yoga - Yoga Fitness Plans,HEALTH_AND_FITNESS,4.4,70769
Pocket Yoga,HEALTH_AND_FITNESS,4.4,2107
Relax Meditation: Sleep with Sleep Sounds,HEALTH_AND_FITNESS,4.4,26540
Free Meditation - Take a Break,HEALTH_AND_FITNESS,4.2,1608
Meditate OM,HEALTH_AND_FITNESS,4.5,19074
Yoga - Track Yoga,HEALTH_AND_FITNESS,4.5,7976
My Chakra Meditation,HEALTH_AND_FITNESS,4.4,7586
Relax with Andrew Johnson Lite,HEALTH_AND_FITNESS,4.3,2885
"Meditation Music - Relax, Yoga",HEALTH_AND_FITNESS,4.6,48226
Meditation Studio,HEALTH_AND_FITNESS,4.6,1026
Down Dog: Great Yoga Anywhere,HEALTH_AND_FITNESS,4.9,28945
21-Day Meditation Experience,HEALTH_AND_FITNESS,4.4,11506
My Chakra Meditation 2,HEALTH_AND_FITNESS,4.3,1288
Simply Yoga - Fitness Trainer for Workouts & Poses,HEALTH_AND_FITNESS,4.1,6826
"Calm - Meditate, Sleep, Relax",HEALTH_AND_FITNESS,4.6,111450
Relax Melodies P: Sleep Sounds,HEALTH_AND_FITNESS,4.8,19543
Relax Melodies: Sleep Sounds,HEALTH_AND_FITNESS,4.5,233243
Simple Habit Meditation,HEALTH_AND_FITNESS,4.7,11689
Headspace: Meditation & Mindfulness,HEALTH_AND_FITNESS,4.6,77563
Yoga Studio: Mind & Body,HEALTH_AND_FITNESS,4.3,5499
Pregnancy & Baby Tracker,HEALTH_AND_FITNESS,4.6,48286
My Cycles Period and Ovulation,HEALTH_AND_FITNESS,4.3,26652
I’m Expecting - Pregnancy App,HEALTH_AND_FITNESS,4.6,71269
The Bump Pregnancy Tracker,HEALTH_AND_FITNESS,4.6,20301
My Days - Ovulation Calendar & Period Tracker ™,HEALTH_AND_FITNESS,4.5,93691
Best Ovulation Tracker Fertility Calendar App Glow,HEALTH_AND_FITNESS,4.6,56145
"Eve Period Tracker - Love, Sex & Relationships App",HEALTH_AND_FITNESS,4.6,20326
Fertility Friend Ovulation App,HEALTH_AND_FITNESS,4.5,12955
Pregnancy Tracker,HEALTH_AND_FITNESS,4.1,2681
Period Tracker,HEALTH_AND_FITNESS,4.5,325738
"Spot On Period, Birth Control, & Cycle Tracker",HEALTH_AND_FITNESS,4.6,4102
OvuView: Ovulation and Fertility,HEALTH_AND_FITNESS,4.5,40296
Period Tracker - Period Calendar Ovulation Tracker,HEALTH_AND_FITNESS,4.8,4559407
Period Tracker Clue: Period and Ovulation Tracker,HEALTH_AND_FITNESS,4.8,570242
Calorie Counter - MyFitnessPal,HEALTH_AND_FITNESS,4.6,1873523
WomanLog Calendar,HEALTH_AND_FITNESS,4.5,121838
Geocaching®,HEALTH_AND_FITNESS,4.1,62616
Map My Hike GPS Hiking,HEALTH_AND_FITNESS,4.4,12858
"ViewRanger - Hike, Ride or Walk",HEALTH_AND_FITNESS,4.2,34356
Runtastic Mountain Bike GPS Tracker,HEALTH_AND_FITNESS,4.5,50679
"AllTrails: Hiking, Running & Mountain Bike Trails",HEALTH_AND_FITNESS,4.3,16943
Water Drink Reminder,HEALTH_AND_FITNESS,4.6,524299
"Zombies, Run! 5k Training (Free)",HEALTH_AND_FITNESS,4.0,267
Tracks,HEALTH_AND_FITNESS,4.6,623
"YAZIO Calorie Counter, Nutrition Diary & Diet Plan",HEALTH_AND_FITNESS,4.6,117176
"Technutri - calorie counter, diet and carb tracker",HEALTH_AND_FITNESS,4.4,70416
Couch to 5K by RunDouble,HEALTH_AND_FITNESS,4.7,15674
Fooducate Healthy Weight Loss & Calorie Counter,HEALTH_AND_FITNESS,4.4,14402
Weight Watchers Mobile,HEALTH_AND_FITNESS,4.2,270294
Walk with Map My Walk,HEALTH_AND_FITNESS,4.5,144050
My Diet Coach - Weight Loss Motivation & Tracker,HEALTH_AND_FITNESS,4.4,141163
Calorie Counter - MyFitnessPal,HEALTH_AND_FITNESS,4.6,1873520
Endomondo - Running & Walking,HEALTH_AND_FITNESS,4.5,559262
Nike+ Run Club,HEALTH_AND_FITNESS,4.4,708753
Lose It! - Calorie Counter,HEALTH_AND_FITNESS,4.4,69395
Runtastic Running App & Mile Tracker,HEALTH_AND_FITNESS,4.5,827653
Calorie Counter - MyNetDiary,HEALTH_AND_FITNESS,4.5,27439
10 Best Foods for You,HEALTH_AND_FITNESS,4.0,2490
MyPlate Calorie Tracker,HEALTH_AND_FITNESS,4.6,24094
My Diet Diary Calorie Counter,HEALTH_AND_FITNESS,4.1,18539
Calorie Counter - Macros,HEALTH_AND_FITNESS,4.0,3061
Calorie Counter by FatSecret,HEALTH_AND_FITNESS,4.4,229210
Weight Loss Tracker - RecStyle,HEALTH_AND_FITNESS,4.4,20547
Lark - 24/7 Health Coach,HEALTH_AND_FITNESS,4.1,3405
MealLogger-Photo Food Journal,HEALTH_AND_FITNESS,3.5,217
Health and Nutrition Guide,HEALTH_AND_FITNESS,4.3,7895
Calorie Counter & Diet Tracker,HEALTH_AND_FITNESS,4.5,32606
Food Calorie Calculator,HEALTH_AND_FITNESS,4.2,1324
Monitor Your Weight,HEALTH_AND_FITNESS,4.5,126017
Calorie Counter by FatSecret,HEALTH_AND_FITNESS,4.4,229214
Eat Fit - Diet and Health Free,HEALTH_AND_FITNESS,4.1,2469
Self Healing,HEALTH_AND_FITNESS,4.5,14394
Happify,HEALTH_AND_FITNESS,3.7,1812
Binaural Beats Therapy,HEALTH_AND_FITNESS,4.3,13724
Pacifica - Stress & Anxiety,HEALTH_AND_FITNESS,4.5,10253
Relaxing Sounds,HEALTH_AND_FITNESS,4.6,4642
White Sound Pro,HEALTH_AND_FITNESS,4.7,16570
Insight Timer - Free Meditation App,HEALTH_AND_FITNESS,4.6,20161
Self-help Anxiety Management,HEALTH_AND_FITNESS,4.0,2894
Brain Waves - Binaural Beats,HEALTH_AND_FITNESS,4.4,5038
Prana Breath: Calm & Meditate,HEALTH_AND_FITNESS,4.8,31665
7 Cups: Anxiety & Stress Chat,HEALTH_AND_FITNESS,4.2,13799
"Calm - Meditate, Sleep, Relax",HEALTH_AND_FITNESS,4.6,111455
Runtastic Sleep Better: Sleep Cycle & Smart Alarm,HEALTH_AND_FITNESS,4.1,111462
White Noise Lite,HEALTH_AND_FITNESS,4.4,57634
"Stop, Breathe & Think: Meditation & Mindfulness",HEALTH_AND_FITNESS,4.3,8576
Zillow: Find Houses for Sale & Apartments for Rent,HOUSE_AND_HOME,4.5,417907
"Viva Decora - Decoration, Photos, Architecture, House",HOUSE_AND_HOME,4.8,3167
Apartments & Rentals - Zillow,HOUSE_AND_HOME,4.2,27386
Realtor.com Real Estate: Homes for Sale and Rent,HOUSE_AND_HOME,4.5,162243
Real Estate sale & rent Trovit,HOUSE_AND_HOME,4.1,65913
"591 housing transactions - renting houses, middle-class houses, new cases, real-time registration, villas through the sky, apartment suites, MRT, buying a house selling prices, housing mortgages",HOUSE_AND_HOME,4.1,24977
"Homes.com 🏠 For Sale, Rent",HOUSE_AND_HOME,4.0,6000
"CYANOGEN. Rent, buy an apartment, a room, a cottage 3+",HOUSE_AND_HOME,4.3,37711
Trulia Real Estate & Rentals,HOUSE_AND_HOME,4.5,175293
Latest 2018 Home Designs,HOUSE_AND_HOME,4.213205479452055,174
Houzz Interior Design Ideas,HOUSE_AND_HOME,4.6,353799
Good room network fast rent,HOUSE_AND_HOME,3.7,2758
Yongqing fast search,HOUSE_AND_HOME,3.7,1437
LIFULL HOME'S,HOUSE_AND_HOME,4.2,7573
"Apartment List: Housing, Apt, and Property Rentals",HOUSE_AND_HOME,4.5,8481
Gold Butterfly Keyboard Theme,HOUSE_AND_HOME,4.3,10054
"Apartment, Home Rental Search: Realtor.com Rentals",HOUSE_AND_HOME,3.9,10117
Living Smart Home,HOUSE_AND_HOME,4.6,39189
591 Housing Trading - Hong Kong,HOUSE_AND_HOME,4.3,3522
Trulia Rent Apartments & Homes,HOUSE_AND_HOME,4.4,71419
Redfin Real Estate,HOUSE_AND_HOME,4.6,36857
"Domofond Real Estate. Buy, rent an apartment.",HOUSE_AND_HOME,4.5,39123
"realestate.com.au - Buy, Rent & Sell Property",HOUSE_AND_HOME,3.8,14653
Yes319 real price login query,HOUSE_AND_HOME,4.213205479452055,12
DaBang - Rental Homes in Korea,HOUSE_AND_HOME,4.4,23013
DIY On A Budget,HOUSE_AND_HOME,4.7,114
Free Foreclosure Real Estate Search by USHUD.com,HOUSE_AND_HOME,3.4,287
Mortgage by Zillow: Calculator & Rates,HOUSE_AND_HOME,4.3,4435
Home Security Camera WardenCam - reuse old phones,HOUSE_AND_HOME,4.3,43800
Room planner: Interior & Floorplan Design for IKEA,HOUSE_AND_HOME,4.0,4281
Rent.com Apartment Homes,HOUSE_AND_HOME,4.0,7508
Good house to buy a house,HOUSE_AND_HOME,3.8,491
LH Housing Promotion Notice,HOUSE_AND_HOME,4.213205479452055,160
Apartments.com Rental Search,HOUSE_AND_HOME,4.3,22584
Hemnet,HOUSE_AND_HOME,3.6,4087
At home - rental · real estate · room finding application such as apartment · apartment,HOUSE_AND_HOME,3.8,2496
Alfred Home Security Camera,HOUSE_AND_HOME,4.5,103305
House app: beautiful everyday ~,HOUSE_AND_HOME,4.6,2669
Home tips and advice,HOUSE_AND_HOME,4.213205479452055,10
"N1.RU - Real estate: apartments, new buildings, lodging",HOUSE_AND_HOME,4.5,7619
Ruler,HOUSE_AND_HOME,4.7,126
Home Decor Showpiece Art making: Medium Difficulty,HOUSE_AND_HOME,4.3,273
"乐屋网: Buying a house, selling a house, renting a house",HOUSE_AND_HOME,3.7,2248
Real estate court auction information site - Hyundai court auction,HOUSE_AND_HOME,4.213205479452055,10
iProperty Malaysia,HOUSE_AND_HOME,4.2,809
ColorSnap® Visualizer,HOUSE_AND_HOME,3.4,3280
Apartment Decorating Ideas,HOUSE_AND_HOME,3.9,1478
Bedroom Decorating Ideas,HOUSE_AND_HOME,4.0,2382
Room Painting Ideas,HOUSE_AND_HOME,4.0,4450
Kitchen Island Ideas,HOUSE_AND_HOME,4.0,515
Houzz Interior Design Ideas,HOUSE_AND_HOME,4.6,353800
Living Room Decorating Ideas,HOUSE_AND_HOME,4.0,4465
Bathroom Decorating Ideas,HOUSE_AND_HOME,4.1,2427
Wall Decorating Ideas,HOUSE_AND_HOME,3.9,6631
Zumper - Apartment Rental Finder,HOUSE_AND_HOME,4.4,11200
RadPad: Apartment Finder App,HOUSE_AND_HOME,4.4,6896
Homesnap Real Estate & Rentals,HOUSE_AND_HOME,4.3,3834
Apartments & Rentals - Zillow,HOUSE_AND_HOME,4.2,27387
Trulia Rent Apartments & Homes,HOUSE_AND_HOME,4.4,71421
Houzz Interior Design Ideas,HOUSE_AND_HOME,4.6,353813
Trulia Mortgage Calculators,HOUSE_AND_HOME,4.1,81
Public Digital Library,LIBRARIES_AND_DEMO,3.9,2087
Quotes,LIBRARIES_AND_DEMO,4.4,58
Best New Ringtones 2018 Free 🔥 For Android™,LIBRARIES_AND_DEMO,4.6,3014
Lamp detector,LIBRARIES_AND_DEMO,4.213205479452055,5
SUDOKU,LIBRARIES_AND_DEMO,4.1,923
General culture,LIBRARIES_AND_DEMO,4.213205479452055,26
Luffs,LIBRARIES_AND_DEMO,4.213205479452055,487
Aviary Effects: Classic,LIBRARIES_AND_DEMO,3.8,67007
Chakra Cleansing,LIBRARIES_AND_DEMO,4.6,539
Aviary Stickers: Free Pack,LIBRARIES_AND_DEMO,3.5,126862
Call Recorder,LIBRARIES_AND_DEMO,4.7,48
Pink Water Sakura Keyboard Theme,LIBRARIES_AND_DEMO,4.3,1465
auto Call Recorder 2018,LIBRARIES_AND_DEMO,4.5,929
converter video to mp3,LIBRARIES_AND_DEMO,4.4,783
eBiblio,LIBRARIES_AND_DEMO,3.4,2907
chicken song,LIBRARIES_AND_DEMO,4.3,434
Words (188 Category),LIBRARIES_AND_DEMO,4.213205479452055,54
Binaural Beats Meditation,LIBRARIES_AND_DEMO,4.3,411
Essential Resources,LIBRARIES_AND_DEMO,4.6,237
MOMOLAND BBoom BBoom,LIBRARIES_AND_DEMO,4.6,2580
Cold Spirits,LIBRARIES_AND_DEMO,4.213205479452055,363
Cardboard,LIBRARIES_AND_DEMO,4.2,130272
How to sew & make the easiest pattern,LIBRARIES_AND_DEMO,4.213205479452055,110
I will return his eggs,LIBRARIES_AND_DEMO,4.213205479452055,91
Bird Sounds & Bird Ringtones for Free 2018,LIBRARIES_AND_DEMO,4.6,130
Benefits of olive oil with garlic,LIBRARIES_AND_DEMO,4.213205479452055,25
Sad hair without net,LIBRARIES_AND_DEMO,4.213205479452055,20
Top Popular Ringtones 2018 Free 🔥,LIBRARIES_AND_DEMO,4.4,7396
Wifi Connect Library,LIBRARIES_AND_DEMO,3.9,58055
Super Funny Ringtones 2018 🔔,LIBRARIES_AND_DEMO,4.5,1703
Apk Installer,LIBRARIES_AND_DEMO,3.8,7750
SAMSUNG RETAILMODE 2018,LIBRARIES_AND_DEMO,4.3,6
OpenCV Manager,LIBRARIES_AND_DEMO,3.7,12657
Eternal life,LIBRARIES_AND_DEMO,5.0,26
V380s,LIBRARIES_AND_DEMO,3.2,1919
Cool Popular Ringtones 2018 🔥,LIBRARIES_AND_DEMO,4.5,60170
Blackpink as if it's your last,LIBRARIES_AND_DEMO,4.7,831
Wifi Test,LIBRARIES_AND_DEMO,4.0,8671
Patience Words,LIBRARIES_AND_DEMO,4.213205479452055,31
Market Update Helper,LIBRARIES_AND_DEMO,4.1,20145
Ayyush wih wih new without Net,LIBRARIES_AND_DEMO,3.8,912
Girls Nancy Ajram Without Net,LIBRARIES_AND_DEMO,4.7,2639
R M Lock Screen,LIBRARIES_AND_DEMO,4.5,399
Mama Lala 's song,LIBRARIES_AND_DEMO,4.213205479452055,102
Barcode Scanner,LIBRARIES_AND_DEMO,4.2,3945
Young Speeches,LIBRARIES_AND_DEMO,4.213205479452055,2221
New Ringtones 2018,LIBRARIES_AND_DEMO,4.1,3781
EyeCloud,LIBRARIES_AND_DEMO,3.1,1267
Dollhouse Decorating Games,LIFESTYLE,4.1,18968
metroZONE,LIFESTYLE,4.1,47497
Easy Hair Style Design,LIFESTYLE,4.3,601
Talking Babsy Baby: Baby Games,LIFESTYLE,4.0,140995
"Black Wallpaper, AMOLED, Dark Background: Darkify",LIFESTYLE,4.6,51357
Girly Wallpapers Backgrounds,LIFESTYLE,4.4,13565
Chart - Myanmar Keyboard,LIFESTYLE,4.4,39364
Easy Makeup Tutorials,LIFESTYLE,4.3,7287
Horoscopes – Daily Zodiac Horoscope and Astrology,LIFESTYLE,4.6,161143
Entel,LIFESTYLE,3.2,16168
ZenUI Safeguard,LIFESTYLE,4.5,100
Live 4D Results ! (MY & SG),LIFESTYLE,4.6,116079
Diary with lock,LIFESTYLE,4.6,815893
FOSSIL Q: DESIGN YOUR DIAL,LIFESTYLE,4.3,985
Telstra,LIFESTYLE,3.0,4260
Family Locator - GPS Tracker,LIFESTYLE,4.4,726074
Van Nien 2018 - Lich Van su & Lich Am,LIFESTYLE,4.4,3829
Safeway,LIFESTYLE,4.3,33572
HTC Speak,LIFESTYLE,3.5,6145
Kawaii Easy Drawing : How to draw Step by Step,LIFESTYLE,4.3,34327
Tattoodo - Find your next tattoo,LIFESTYLE,4.5,7457
H&M,LIFESTYLE,3.7,41941
Samsung+,LIFESTYLE,4.5,82145
Anime Avatar Creator: Make Your Own Avatar,LIFESTYLE,4.2,10944
Beautiful Design Birthday Cake,LIFESTYLE,4.3,665
Pronunciation and know the name of the caller from his number,LIFESTYLE,4.6,2167
Super Slime Simulator - Satisfying Slime App,LIFESTYLE,4.5,53652
Caf - My Account,LIFESTYLE,3.9,18961
H Pack,LIFESTYLE,4.3,9412
Family convenience store FamilyMart,LIFESTYLE,3.3,9663
သိင်္ Astrology - Min Thein Kha BayDin,LIFESTYLE,4.7,2225
w UN map,LIFESTYLE,4.2,23164
Official Matsumoto Kiyoshi application,LIFESTYLE,3.2,3031
Galaxy Gift,LIFESTYLE,4.4,95557
PASS by KT (formerly KT certified),LIFESTYLE,3.5,7869
Safety stepping stone,LIFESTYLE,3.7,4212
Rate Guide Bill Letter,LIFESTYLE,3.8,17368
US Mission - buy gourmet movie KTV,LIFESTYLE,3.8,6554
OK cashbag [point of pleasure],LIFESTYLE,3.7,33264
JOANN - Crafts & Coupons,LIFESTYLE,4.6,34782
MK eCatalog,LIFESTYLE,4.0,6676
Vaniday - Beauty Booking App,LIFESTYLE,3.6,1067
Fashion in Vogue,LIFESTYLE,3.8,1797
Mirror,LIFESTYLE,4.1,367505
StyleSeat,LIFESTYLE,4.7,20304
Wedding Countdown Widget,LIFESTYLE,3.9,7376
My Day - Countdown Calendar 🗓️,LIFESTYLE,4.1,49147
justWink Greeting Cards,LIFESTYLE,4.6,69177
Wedding LookBook by The Knot,LIFESTYLE,4.2,3448
Big Days - Events Countdown,LIFESTYLE,4.6,39724
"Wedding Planner by WeddingWire - Venues, Checklist",LIFESTYLE,4.2,3788
Been Together (Ad) - D-day,LIFESTYLE,4.4,95736
WedMeGood - Wedding Planner,LIFESTYLE,4.6,1658
DIY Garden Ideas,LIFESTYLE,4.1,3309
Brit + Co,LIFESTYLE,3.9,987
Creative Ideas - DIY & Craft,LIFESTYLE,4.0,5208
Homestyler Interior Design & Decorating Ideas,LIFESTYLE,4.1,78298
JOANN - Crafts & Coupons,LIFESTYLE,4.6,34802
Wheretoget: Shop in style,LIFESTYLE,4.1,6808
My Dressing - Fashion closet,LIFESTYLE,4.1,12452
Chictopia,LIFESTYLE,4.1,360
Scarf Fashion Designer,LIFESTYLE,4.4,16637
Zara,LIFESTYLE,4.3,95904
Zara,LIFESTYLE,4.3,95905
Real Estate by Movoto,LIFESTYLE,4.4,3114
Etta Homes,LIFESTYLE,4.2,220
Houlihan Lawrence,LIFESTYLE,4.4,33
Home Scouting® MLS Mobile,LIFESTYLE,4.3,1533
Housing-Real Estate & Property,LIFESTYLE,4.1,28301
ZipRealty Real Estate & Homes,LIFESTYLE,4.0,3937
Sotheby's International Realty,LIFESTYLE,4.2,894
Zoopla Property Search UK - Home to buy & rent,LIFESTYLE,4.1,21195
Neighborhoods & Apartments,LIFESTYLE,3.9,2042
Keller Williams Real Estate,LIFESTYLE,4.4,13213
Relax Rain ~ Rain Sounds,LIFESTYLE,4.6,118034
Relax Ocean ~ Nature Sounds,LIFESTYLE,4.5,9464
Bed Time Fan - White Noise Sleep Sounds,LIFESTYLE,4.5,10097
Nature Sounds,LIFESTYLE,4.8,28588
SleepyTime: Bedtime Calculator,LIFESTYLE,4.4,19621
White Noise Baby,LIFESTYLE,4.5,10544
White Noise ~ Sleeping Sounds,LIFESTYLE,4.5,4427
"Journey - Diary, Journal",LIFESTYLE,4.6,50338
7 Day Food Journal Challenge,LIFESTYLE,4.5,3346
ROBLOX,GAME,4.5,4447388
Subway Surfers,GAME,4.5,27722264
Candy Crush Saga,GAME,4.4,22426677
Solitaire,GAME,4.7,254258
Bubble Shooter,GAME,4.5,148897
Hello Kitty Nail Salon,GAME,4.2,369203
slither.io,GAME,4.4,5234162
Clash Royale,GAME,4.6,23133508
Temple Run 2,GAME,4.3,8118609
Pou,GAME,4.3,10485308
Helix Jump,GAME,4.2,1497361
Block Puzzle,GAME,4.6,59800
Angry Birds Rio,GAME,4.4,2610526
Plants vs. Zombies FREE,GAME,4.4,4066989
Sonic Dash,GAME,4.5,3778921
Candy Crush Soda Saga,GAME,4.4,6198563
Zombie Hunter King,GAME,4.3,10306
Clash of Clans,GAME,4.6,44891723
Kick the Buddy,GAME,4.3,1000417
Block Puzzle Classic Legend !,GAME,4.2,17039
PAC-MAN,GAME,4.2,685981
Super Jim Jump - pixel 3d,GAME,4.5,10393
8 Ball Pool,GAME,4.5,14198297
Magic Tiles 3,GAME,4.5,592068
Bubble Witch 3 Saga,GAME,4.7,1732263
Word Search,GAME,4.7,295241
Granny,GAME,4.5,1135631
Angry Birds Classic,GAME,4.4,5566669
Flow Free,GAME,4.3,1295557
Race the Traffic Moto,GAME,3.8,270687
Fishdom,GAME,4.6,2157930
Galaxy Attack: Alien Shooter,GAME,4.6,506275
Zombie Tsunami,GAME,4.4,4920817
Bubble Shooter 2,GAME,4.3,23005
Barbie™ Fashion Closet,GAME,4.1,68057
Candy Crush Jelly Saga,GAME,4.3,1300490
Hill Climb Racing,GAME,4.4,8923587
Gardenscapes,GAME,4.6,4128732
Marble - Temple Quest,GAME,4.3,42053
Shooting King,GAME,4.4,257724
Zombie Catchers,GAME,4.7,990491
Minion Rush: Despicable Me Official Game,GAME,4.5,10216538
Farm Heroes Saga,GAME,4.4,7614130
Geometry Dash World,GAME,4.6,760628
My Talking Angela,GAME,4.5,9881829
Cut the Rope FULL FREE,GAME,4.4,2123381
Sniper 3D Gun Shooter: Free Shooting Games - FPS,GAME,4.6,7671249
Subway Surfers,GAME,4.5,27723193
ROBLOX,GAME,4.5,4447346
Pou,GAME,4.3,10485334
8 Ball Pool,GAME,4.5,14198602
Candy Crush Saga,GAME,4.4,22428456
Plants vs. Zombies FREE,GAME,4.4,4066980
Cooking Fever,GAME,4.5,3197865
Toon Blast,GAME,4.7,1351068
Score! Hero,GAME,4.6,5418675
My Talking Angela,GAME,4.5,9881908
Bubble Shooter,GAME,4.5,148895
Toy Blast,GAME,4.7,1889250
Miraculous Ladybug & Cat Noir - The Official Game,GAME,4.5,183846
Wordscapes,GAME,4.8,230710
Word Search,GAME,4.7,295305
Candy Crush Soda Saga,GAME,4.4,6198880
Garena Free Fire,GAME,4.5,5465624
Block Puzzle,GAME,4.6,59854
Bowmasters,GAME,4.7,1534466
Clash Royale,GAME,4.6,23134775
My Talking Tom,GAME,4.5,14891223
Sniper 3D Gun Shooter: Free Shooting Games - FPS,GAME,4.6,7672495
Granny,GAME,4.5,1137271
Angry Birds Rio,GAME,4.4,2610622
Zombie Catchers,GAME,4.7,990586
Zombie Hunter King,GAME,4.3,10354
Temple Run 2,GAME,4.3,8118937
Zombie Tsunami,GAME,4.4,4921122
Jungle Marble Blast,GAME,4.3,18985
Rider,GAME,4.5,655067
Farm Heroes Saga,GAME,4.4,7614271
Super Jim Jump - pixel 3d,GAME,4.5,10434
slither.io,GAME,4.4,5234825
Roll the Ball® - slide puzzle,GAME,4.5,1385093
Talking Tom Gold Run,GAME,4.6,2698348
Pixel Art: Color by Number Game,GAME,4.7,1125017
Dream League Soccer 2018,GAME,4.6,9882639
Angry Birds Classic,GAME,4.4,5566805
Fruits Bomb,GAME,4.4,74673
Traffic Racer,GAME,4.5,5387639
Hill Climb Racing 2,GAME,4.6,2750410
Flow Free,GAME,4.3,1295606
Knife Hit,GAME,4.5,461137
Block Craft 3D: Building Simulator Games For Free,GAME,4.5,946926
Farm Fruit Pop: Party Time,GAME,4.4,9305
ROBLOX,GAME,4.5,4448791
Helix Jump,GAME,4.2,1498648
Subway Surfers,GAME,4.5,27724094
Toon Blast,GAME,4.7,1351089
Love Balls,GAME,4.2,360630
Granny,GAME,4.5,1137267
8 Ball Pool,GAME,4.5,14200344
slither.io,GAME,4.4,5234810
Hungry Shark Evolution,GAME,4.5,6074334
Magic Tiles 3,GAME,4.5,592282
Bowmasters,GAME,4.7,1535084
Piano Tiles 2™,GAME,4.7,8118880
Pokémon GO,GAME,4.1,10424925
Wordscapes,GAME,4.8,230727
Paint Hit,GAME,4.4,37023
Snake VS Block,GAME,4.2,422244
Rolly Vortex,GAME,4.4,98123
Woody Puzzle,GAME,4.7,21262
Stack Jump,GAME,4.3,118253
Color by Number – New Coloring Book,GAME,4.7,141529
The Cube,GAME,4.2,70226
Extreme Car Driving Simulator,GAME,4.3,2251012
Bricks n Balls,GAME,4.4,30253
The Fish Master!,GAME,4.1,15763
Color Road,GAME,4.1,84911
Draw In,GAME,4.2,46416
PLANK!,GAME,4.7,7196
Looper!,GAME,4.6,48256
Trivia Crack,GAME,4.5,6427773
Will it Crush?,GAME,3.1,25825
Tomb of the Mask,GAME,4.1,55380
Baseball Boy!,GAME,3.4,148177
PUBG MOBILE,GAME,4.4,3715656
Episode - Choose Your Story,GAME,4.3,1841061
Hello Stars,GAME,4.6,101686
Run Sausage Run!,GAME,4.4,275447
Tank Stars,GAME,4.3,174755
Castle Clash: Heroes of the Empire US,GAME,4.6,4578476
Hole.io,GAME,4.2,145353
Helix Jump,GAME,4.2,1499373
Mini Golf King - Multiplayer Game,GAME,4.5,531458
PUBG MOBILE,GAME,4.4,3714270
Flip the Gun - Simulator Game,GAME,4.2,195558
Mad Skills BMX 2,GAME,4.5,29940
"MMX Hill Dash 2 – Offroad Truck, Car & Bike Racing",GAME,4.4,41975
Word Link,GAME,4.6,216675
Last Day on Earth: Survival,GAME,4.5,2311785
MARVEL Strike Force,GAME,4.3,165888
Partymasters - Fun Idle Game,GAME,4.6,541144
Harry Potter: Hogwarts Mystery,GAME,4.4,1107310
Offroad Outlaws,GAME,4.4,29168
Grim Soul: Dark Fantasy Survival,GAME,4.5,189773
DRAGON BALL LEGENDS,GAME,4.6,337752
Disney Heroes: Battle Mode,GAME,4.6,102107
Homescapes,GAME,4.6,3093358
New YAHTZEE® With Buddies Dice Game,GAME,4.1,42079
Word Crossy - A crossword game,GAME,4.5,240416
MLB TAP SPORTS BASEBALL 2018,GAME,4.6,32506
Hero Hunters,GAME,4.4,70747
Cooking Madness - A Chef's Restaurant Games,GAME,4.7,358817
Ice Crush 2018 - A new Puzzle Matching Adventure,GAME,4.6,15403
TerraGenesis - Space Colony,GAME,4.3,38957
Merge Dragons!,GAME,4.5,214777
SHADOWGUN LEGENDS,GAME,4.6,100609
RULES OF SURVIVAL,GAME,4.2,1343866
Mafia City,GAME,4.5,168717
"Cash, Inc. Money Clicker Game & Business Adventure",GAME,4.8,549720
Dino War: Rise of Beasts,GAME,4.1,18996
Tokyo Ghoul: Dark War,GAME,4.3,25094
Last Shelter: Survival,GAME,4.4,93033
Guns of Glory,GAME,4.0,120592
Lineage 2: Revolution,GAME,4.2,187972
Final Fantasy XV: A New Empire,GAME,4.0,484981
Girls' Frontline,GAME,4.2,2055
Chapters: Interactive Stories,GAME,4.5,73539
Honkai Impact 3rd,GAME,4.7,59017
Master of Eternity(MOE),GAME,4.2,5829
The Game of Life,GAME,4.4,18621
Clue,GAME,4.6,19922
The Room: Old Sins,GAME,4.9,21119
The Escapists,GAME,4.4,7412
Farming Simulator 18,GAME,4.5,18125
RollerCoaster Tycoon® Classic,GAME,4.6,10795
Call of Duty:Black Ops Zombies,GAME,4.2,13004
Star Wars ™: DIRTY,GAME,4.5,38207
Monument Valley 2,GAME,4.6,9394
DRAGON BALL LEGENDS,GAME,4.6,337913
ROBLOX,GAME,4.5,4449882
Candy Crush Saga,GAME,4.4,22429716
Angry Birds 2,GAME,4.6,3883589
8 Ball Pool,GAME,4.5,14200550
Fallout Shelter,GAME,4.6,2719142
Harry Potter: Hogwarts Mystery,GAME,4.4,1107197
PUBG MOBILE,GAME,4.4,3716278
The Sims™ FreePlay,GAME,4.3,931595
MARVEL Strike Force,GAME,4.3,165928
Best Fiends - Free Puzzle Game,GAME,4.6,1480189
MARVEL Contest of Champions,GAME,4.3,2468063
Jurassic World™ Alive,GAME,4.3,309176
Choices: Stories You Play,GAME,4.6,807338
Solitaire TriPeaks,GAME,4.5,446434
Merge Dragons!,GAME,4.5,214819
The Walking Dead: Road to Survival,GAME,4.2,522466
Hustle Castle: Fantasy Kingdom,GAME,4.7,584126
Might & Magic: Elemental Guardians,GAME,4.3,32551
Game of Thrones: Conquest™,GAME,4.0,90218
Love Nikki-Dress UP Queen,GAME,4.4,212524
Summoners War,GAME,4.3,2045554
FINAL FANTASY BRAVE EXVIUS,GAME,4.6,745684
Idle Heroes,GAME,4.7,416540
Fate/Grand Order (English),GAME,4.4,16601
Lords Mobile: Battle of the Empires - Strategy RPG,GAME,4.4,3057481
War and Order,GAME,4.3,224514
Dungeon Hunter Champions: Epic Online Action RPG,GAME,4.2,26247
Candy Crush Saga,GAME,4.4,22430188
ROBLOX,GAME,4.5,4449910
8 Ball Pool,GAME,4.5,14201891
Subway Surfers,GAME,4.5,27725352
Candy Crush Soda Saga,GAME,4.4,6199095
Zombie Hunter King,GAME,4.3,10493
Bubble Shooter,GAME,4.5,148945
Toon Blast,GAME,4.7,1351771
Toy Blast,GAME,4.7,1889582
Clash Royale,GAME,4.6,23136735
Clash of Clans,GAME,4.6,44893888
Farm Heroes Saga,GAME,4.4,7614415
Plants vs. Zombies FREE,GAME,4.4,4067651
Word Search,GAME,4.7,295576
Block Puzzle,GAME,4.6,59907
Super Jim Jump - pixel 3d,GAME,4.5,10460
Pou,GAME,4.3,10486018
Temple Run 2,GAME,4.3,8119151
Flow Free,GAME,4.3,1295625
Homescapes,GAME,4.6,3093932
Wordscapes,GAME,4.8,230849
My Talking Angela,GAME,4.5,9883367
slither.io,GAME,4.4,5235294
Cooking Fever,GAME,4.5,3198176
Yes day,GAME,4.5,10055521
Gardenscapes,GAME,4.6,4129665
Fishdom,GAME,4.6,2158580
Galaxy Attack: Alien Shooter,GAME,4.6,506593
Score! Hero,GAME,4.6,5419676
Zombie Catchers,GAME,4.7,990723
Magic Tiles 3,GAME,4.5,592504
Jewels Star: OZ adventure,GAME,4.5,21892
Granny,GAME,4.5,1138239
Dream League Soccer 2018,GAME,4.6,9883806
Sweet Fruit Candy,GAME,4.5,197540
Fruits Bomb,GAME,4.4,74695
Angry Birds Classic,GAME,4.4,5566889
Talking Tom Gold Run,GAME,4.6,2698882
Bowmasters,GAME,4.7,1535973
My Talking Tom,GAME,4.5,14892469
Hill Climb Racing,GAME,4.4,8923818
Sniper 3D Gun Shooter: Free Shooting Games - FPS,GAME,4.6,7674252
Pixel Art: Color by Number Game,GAME,4.7,1125438
Shoot Bubble - Fruit Splash,GAME,4.6,29445
Rider,GAME,4.5,655145
Zombie Tsunami,GAME,4.4,4921451
Garena Free Fire,GAME,4.5,5476569
Doodle Jump,GAME,4.3,1083571
Helix Jump,GAME,4.2,1500999
Crossy Road,GAME,4.5,4230886
Temple Run 2,GAME,4.3,8119154
Talking Tom Gold Run,GAME,4.6,2698889
Zombie Catchers,GAME,4.7,990663
Swamp Attack,GAME,4.4,2119218
Earn to Die 2,GAME,4.6,1327265
Miraculous Ladybug & Cat Noir - The Official Game,GAME,4.5,184210
Kick the Buddy,GAME,4.3,1003269
Hungry Shark World,GAME,4.5,1242855
Dude Perfect 2,GAME,4.5,401425
Shadow Fight 2,GAME,4.6,10979062
Alto's Adventure,GAME,4.6,515657
DEER HUNTER 2018,GAME,4.3,955656
DEAD TARGET: FPS Zombie Apocalypse Survival Games,GAME,4.5,1468591
Cover Fire: offline shooting games for free,GAME,4.7,725897
Anger of stick 5 : zombie,GAME,4.5,549039
CATS: Crash Arena Turbo Stars,GAME,4.7,1559650
Soul Knight,GAME,4.7,292164
Major Mayhem,GAME,4.6,520962
DINO HUNTER: DEADLY SHORES,GAME,4.4,1381820
Strawberry Shortcake BerryRush,GAME,4.3,525517
Extreme Match,GAME,4.5,696
Power Rangers Dino Charge,GAME,4.3,194969
Zombie Hunter: Post Apocalypse Survival Games,GAME,4.4,327599
Agar.io,GAME,4.2,3816799
Zombie Hunter King,GAME,4.3,10538
Battlelands Royale,GAME,4.4,105620
Once Upon a Tower,GAME,4.7,37139
TEKKEN™,GAME,4.2,147791
diep.io,GAME,4.1,347883
Arrow.io,GAME,4.5,343263
BEYBLADE BURST app,GAME,4.5,216849
Dragon Hills,GAME,4.5,354373
Bus Rush: Subway Edition,GAME,4.1,753043
DC Super Hero Girls™,GAME,4.3,43055
Tiny Archers,GAME,4.5,80678
Metal Soldiers 2,GAME,4.4,153381
Runner 3d like,GAME,4.5,559
War Robots,GAME,4.6,3073251
Dinosaur Simulator: Dino World,GAME,4.0,26649
GUNSHIP BATTLE: Helicopter 3D,GAME,4.3,2151039
Quiz: Logo game,GAME,4.5,306764
Helix Jump,GAME,4.2,1500622
8 Ball Pool,GAME,4.5,14201604
Jewels Legend - Match 3 Puzzle,GAME,4.6,280098
Bubble Shooter,GAME,4.5,148990
Solitaire,GAME,4.7,154264
Bubble Shooter Genies,GAME,4.5,26985
Blossom Blast Saga,GAME,4.5,1125438
Traffic Racer,GAME,4.5,5387781
Hill Climb Racing,GAME,4.4,8923847
Earn to Die 2,GAME,4.6,1327269
Bubble Shooter 2,GAME,4.3,23043
Candy Bomb,GAME,4.4,42145
Zombie Catchers,GAME,4.7,990796
Gems or jewels ?,GAME,4.7,171448
Angry Birds Rio,GAME,4.4,2610680
Candy Crush Jelly Saga,GAME,4.3,1300619
Cut the Rope FULL FREE,GAME,4.4,2123793
Hungry Shark Evolution,GAME,4.5,6074627
Power Pop Bubbles,GAME,4.4,104303
Angry Birds Classic,GAME,4.4,5566908
Best Fiends - Free Puzzle Game,GAME,4.6,1480182
Hill Climb Racing 2,GAME,4.6,2750645
Jewels classic Prince,GAME,4.4,47644
Fruit Block - Puzzle Legend,GAME,4.6,125647
Bubble Shooter Space,GAME,4.2,4355
Swamp Attack,GAME,4.4,2119235
1LINE – One Line with One Touch,GAME,4.6,214878
Stick War: Legacy,GAME,4.6,811040
Bowmasters,GAME,4.7,1536349
Block Puzzle Classic Legend !,GAME,4.2,17044
Marble Woka Woka 2018 - Bubble Shooter Match 3,GAME,4.6,155186
Pixel Art: Color by Number Game,GAME,4.7,1125566
Super Jabber Jump 3,GAME,4.3,34494
Rush,GAME,4.6,260651
Jetpack Joyride,GAME,4.4,4638163
Zombie Tsunami,GAME,4.4,4921409
DEAD TARGET: FPS Zombie Apocalypse Survival Games,GAME,4.5,1468638
Word Search,GAME,4.2,344585
Farm Heroes Saga,GAME,4.4,7614407
Racing in Car 2,GAME,4.3,234110
Dog Run - Pet Dog Simulator,GAME,4.7,48615
YouTube Kids,FAMILY,4.5,470694
Candy Bomb,FAMILY,4.4,42145
ROBLOX,FAMILY,4.5,4449910
Jewels Crush- Match 3 Puzzle,FAMILY,4.4,14774
Coloring & Learn,FAMILY,4.4,12753
Mahjong,FAMILY,4.5,33983
Super ABC! Learning games for kids! Preschool apps,FAMILY,4.6,20267
Toy Pop Cubes,FAMILY,4.5,5761
Educational Games 4 Kids,FAMILY,4.3,11618
Candy Pop Story,FAMILY,4.7,12948
Solitaire,FAMILY,4.4,685
Princess Coloring Book,FAMILY,4.5,9779
Hello Kitty Nail Salon,FAMILY,4.2,369378
Candy Smash,FAMILY,4.5,11436
Happy Fruits Bomb - Cube Blast,FAMILY,4.5,2150
Dog Run - Pet Dog Simulator,FAMILY,4.7,48615
Princess Adventures Puzzles,FAMILY,4.4,382
Kids Educational Game 3 Free,FAMILY,4.3,24936
Puzzle Kids - Animals Shapes and Jigsaw Puzzles,FAMILY,4.6,1109
Coloring book moana,FAMILY,3.9,974
Baby Panda Care,FAMILY,4.2,108795
Kids Educational :All in One,FAMILY,4.5,1455
Number Counting games for toddler preschool kids,FAMILY,4.3,1024
Toca Kitchen 2,FAMILY,4.5,1014822
PJ Masks: Moonlight Heroes,FAMILY,4.4,86961
Learn To Draw Glow Flower,FAMILY,4.4,7320
"No. Color - Color by Number, Number Coloring",FAMILY,4.8,269194
Bubble Shooter,FAMILY,4.4,59843
Draw.ly - Color by Number Pixel Art Coloring,FAMILY,4.4,18616
Baby puzzles,FAMILY,4.3,11950
Garden Fruit Legend,FAMILY,4.6,4289
Barbie™ Fashion Closet,FAMILY,4.1,68286
Candy Day,FAMILY,4.5,11716
Learn To Draw Glow Princess,FAMILY,4.5,3323
ABC Kids - Tracing & Phonics,FAMILY,4.5,36606
Barbie Magical Fashion,FAMILY,4.0,328619
Minion Rush: Despicable Me Official Game,FAMILY,4.5,10216997
Piano Kids - Music & Songs,FAMILY,4.6,46741
Farming Simulator 14,FAMILY,4.5,530854
Educational Games for Kids,FAMILY,4.5,7050
No.Draw - Colors by Number 2018,FAMILY,4.5,235906
Fruit Boom,FAMILY,4.4,17753
Duolingo: Learn Languages Free,FAMILY,4.7,6294400
Hot Wheels: Race Off,FAMILY,4.5,520609
Baby Tiger Care - My Cute Virtual Pet Friend,FAMILY,4.5,432
Strawberry Shortcake Ice Cream Island,FAMILY,4.2,32029
Rhythm Patrol,FAMILY,4.3,4207
Kiddopia - Preschool Learning Games,FAMILY,4.5,64
Toca Mystery House,FAMILY,4.2,96
DisneyNOW – TV Shows & Games,FAMILY,4.3,82471
Papumba Academy - Fun Learning For Kids,FAMILY,4.4,496
Drawing for Kids Learning Games for Toddlers age 3,FAMILY,4.6,29436
Baby Panda’s Juice Shop,FAMILY,4.5,19230
Dr. Panda Restaurant 3,FAMILY,4.2,11126
LEGO® Friends: Heartlake Rush,FAMILY,4.5,23671
Baby ABC in box! Kids alphabet games for toddlers!,FAMILY,4.6,9652
Henry Danger Crime Warp,FAMILY,4.6,9626
Thomas & Friends: Race On!,FAMILY,4.1,29319
Super School: Educational Kids Games & Rhymes,FAMILY,4.5,1791
Fruit Cube Blast,FAMILY,4.6,9199
Toddler Kids Puzzles PUZZINGO,FAMILY,4.6,14014
Happy Street,FAMILY,4.5,110877
Intellijoy Early Learning Academy,FAMILY,4.3,160
Dr. Panda Town: Vacation,FAMILY,3.8,10366
Leo and Tig,FAMILY,4.5,47644
School of Dragons,FAMILY,4.1,530792
Fuzzy Seasons: Animal Forest,FAMILY,4.8,12137
Montessori Preschool,FAMILY,3.9,237
Kids Corner: Interactive Tales and Games for kids,FAMILY,4.5,6404
Cutie Cubies,FAMILY,4.4,6356
My Little Princess : Stores,FAMILY,4.3,169
Sago Mini Big City,FAMILY,4.2,8
Pinkalicious Party,FAMILY,3.0,2
ROBLOX,FAMILY,4.5,4450855
Dog Run - Pet Dog Simulator,FAMILY,4.7,48701
Moana Island Life,FAMILY,4.1,15246
Hot Wheels: Race Off,FAMILY,4.5,520654
Basketball FRVR - Shoot the Hoop and Slam Dunk!,FAMILY,4.5,4076
Farming Simulator 14,FAMILY,4.5,530904
My Oasis - Calming and Relaxing Idle Clicker Game,FAMILY,4.6,106750
My Little Pony Rainbow Runners,FAMILY,4.3,33785
Extreme Racing 2 - Real driving RC cars game!,FAMILY,4.3,4207
Cars: Lightning League,FAMILY,4.5,58795
Little Panda Run,FAMILY,4.2,3235
Snoopy's Town Tale - City Building Simulator,FAMILY,4.2,47031
Car Racing game for Kids - Beepzz Dogs 🐕,FAMILY,4.4,131
Pony Friends 🦄 - Beepzz racing game for kids,FAMILY,4.5,114
LEGO® Juniors Create & Cruise,FAMILY,4.1,673203
Xtreme Racing 2018 - Jeep & 4x4 off road simulator,FAMILY,4.2,2178
Thomas & Friends: Go Go Thomas,FAMILY,4.1,175625
Ninja Dash - Ronin Jump RPG,FAMILY,4.7,8508
Paw Patrol by ShuffleCards,FAMILY,4.3,3484
Plants vs. Zombies™ Heroes,FAMILY,4.4,379415
Transformers Rescue Bots: Disaster Dash,FAMILY,4.4,19245
Mcqueen Coloring pages,FAMILY,4.213205479452055,65
PAC-MAN Pop,FAMILY,4.3,24877
Monster Truck Driver & Racing,FAMILY,4.4,765
L.O.L. Surprise Ball Pop,FAMILY,4.3,10088
Strawberry Shortcake BerryRush,FAMILY,4.3,525552
Little Fire Station,FAMILY,4.2,3762
Ice Cream Jump,FAMILY,4.2,141363
Disney Magic Kingdoms: Build Your Own Magical Park,FAMILY,4.3,472584
Turbo FAST,FAMILY,4.3,1329192
My Little Pony: Harmony Quest,FAMILY,4.1,148295
Transformers Rescue Bots: Hero Adventures,FAMILY,4.2,41273
Robots Vs Zombies: Transform To Race And Fight,FAMILY,4.5,278
Equestria Girls,FAMILY,4.3,392596
DC Super Hero Girls™,FAMILY,4.3,43060
Disney Crossy Road,FAMILY,4.5,514088
Touch Racing 2 - Mini RC Race,FAMILY,4.1,41867
Toca Kitchen 2,FAMILY,4.5,1014846
Doctor Pets,FAMILY,4.2,23060
Supermarket – Game for Kids,FAMILY,4.4,112080
Supermarket Manager: Cashier Simulator Kids Games,FAMILY,4.0,15489
Kids Animals Jigsaw Puzzles 😄,FAMILY,4.1,51895
Inside Out Thought Bubbles,FAMILY,4.4,623398
Monster High™,FAMILY,4.1,66661
Cute Pet Puppies,FAMILY,4.0,10447
Frozen Free Fall,FAMILY,4.3,1574197
Monster High™ Minis Mania,FAMILY,4.6,19170
Shopkins World!,FAMILY,4.3,169609
Monica Toy TV,FAMILY,4.7,6188
Toy Guitar with songs for kids,FAMILY,4.3,1369
Endless Numbers,FAMILY,4.4,2952
Toddler Learning Games - Little Kids Games,FAMILY,4.2,731
Sworkit Kids - Fitness Meets Fun,FAMILY,4.7,9856
Earth to Luna! Watch and Play,FAMILY,3.9,10753
Nancy Drew Codes and Clues,FAMILY,4.1,154
Masha and the Bear Child Games,FAMILY,4.1,288523
codeSpark Academy & The Foos,FAMILY,4.1,4522
Toca Builders,FAMILY,4.2,3328
Toca Life: City,FAMILY,4.7,31100
LEGO® Friends,FAMILY,4.4,854
My Little Work – Garage,FAMILY,4.3,560
"Alizay, pirate girl",FAMILY,4.5,197
Word Search Games in english,FAMILY,4.3,63186
Chess Free,FAMILY,4.3,23772
Tic Tac Toe,FAMILY,4.1,6007
Dominos Game ✔️,FAMILY,4.1,2903
Checkers ✔️,FAMILY,4.1,3617
Crazy Colors: Bubbles Matching,FAMILY,4.6,3063
Chess for Kids - Play & Learn,FAMILY,4.1,3234
Block Puzzle : Night in Egypt,FAMILY,4.4,276
Mosaic puzzles,FAMILY,4.4,1595
Chess School for Beginners,FAMILY,4.3,879
RISK: Global Domination,FAMILY,4.0,68559
Pino chess,FAMILY,4.8,61
Chess PRO Free,FAMILY,3.8,1123
Children Educational Game Full,FAMILY,4.7,30
All-in-One Mahjong 3 FREE,FAMILY,4.5,566
Hactar Go,FAMILY,4.8,97
All-in-One Mahjong 3,FAMILY,4.4,38
World Racers family board game,FAMILY,4.8,4
SweetLand — Family Board Game,FAMILY,4.2,38
Steam: Rails to Riches,FAMILY,4.2,214
Whoowasit? - Best kids game!,FAMILY,4.0,248
Lanterns: The Harvest Festival,FAMILY,4.7,185
Tsuro - The Game of the Path,FAMILY,4.7,2195
THE aMAZEing Labyrinth,FAMILY,3.9,1615
Chess and Mate,FAMILY,4.5,359
Kids Balloon Pop Game Free 🎈,FAMILY,4.1,38021
Sounds for Toddlers FREE,FAMILY,4.4,6190
Elmo Calls by Sesame Street,FAMILY,3.9,6903
Sago Mini Friends,FAMILY,4.4,13155
Tee and Mo Bath Time Free,FAMILY,3.6,418
Bita and the Animals - Pelos Ares,FAMILY,4.4,1160
TO-FU Oh!SUSHI,FAMILY,4.1,59917
DreamWorks Friends,FAMILY,3.6,1042
Avokiddo Emotions,FAMILY,4.6,73
Nighty Night Circus,FAMILY,4.3,382
Sago Mini Babies,FAMILY,4.5,253
Dr. Panda & Toto's Treehouse,FAMILY,4.4,3396
ROBLOX,FAMILY,4.5,4450890
PlayKids - Educational cartoons and games for kids,FAMILY,4.1,182173
YouTube Kids,FAMILY,4.5,470713
Fun Kid Racing - Motocross,FAMILY,4.1,59729
Barbie Life™,FAMILY,3.9,133117
Palace Pets in Whisker Haven,FAMILY,4.1,47213
Sweet Baby Girl - Dream House and Play Time,FAMILY,3.9,95537
Monster High™,FAMILY,4.1,66660
Hello Kitty Lunchbox,FAMILY,4.2,51838
Duolingo: Learn Languages Free,FAMILY,4.7,6294397
Sweet Baby Girl Newborn Baby,FAMILY,3.8,36028
COOKING MAMA Let's Cook!,FAMILY,4.3,528745
Ever After High™ Charmed Style,FAMILY,3.9,44062
Fun Kid Racing,FAMILY,4.0,79667
Learn to Read with Tommy Turtle,FAMILY,4.0,20763
Frozen Free Fall,FAMILY,4.3,1574204
Nick,FAMILY,4.2,123322
Mad Libs,FAMILY,4.0,8126
ABCmouse.com,FAMILY,4.3,50887
My Little Pony Celebration,FAMILY,4.3,63160
Thomas & Friends: Delivery,FAMILY,4.2,28737
Nasty Goats,FAMILY,4.3,45579
Starfall Free & Member,FAMILY,4.2,19720
Animal Jam - Play Wild!,FAMILY,4.6,361970
Video Editor,FAMILY,4.1,159619
Real Racing 3,FAMILY,4.5,354384
Peak – Brain Games & Training,FAMILY,4.4,272321
Minecraft,FAMILY,4.5,2376564
Card Wars - Adventure Time,FAMILY,4.3,129603
Monash Uni Low FODMAP Diet,MEDICAL,4.2,1135
iBP Blood Pressure,MEDICAL,4.4,578
Pedi STAT,MEDICAL,4.6,129
ASCCP Mobile,MEDICAL,4.5,63
Journal Club: Medicine,MEDICAL,4.8,216
Paramedic Protocol Provider,MEDICAL,4.5,171
MommyMeds,MEDICAL,3.2,45
Medical ID - In Case of Emergency (ICE),MEDICAL,4.6,717
Human Anatomy Atlas 2018: Complete 3D Human Body,MEDICAL,4.5,2921
Essential Anatomy 3,MEDICAL,4.1,1533
Vargo Anesthesia Mega App,MEDICAL,4.6,92
EMT Review Plus,MEDICAL,4.5,199
Muscle Trigger Point Anatomy,MEDICAL,4.4,1361
2017 EMRA Antibiotic Guide,MEDICAL,4.4,12
ASRA Coags,MEDICAL,4.4,15
IBM Micromedex Drug Info,MEDICAL,3.8,206
Diabetes & Diet Tracker,MEDICAL,4.6,395
VeinSeek,MEDICAL,2.5,79
Block Buddy,MEDICAL,4.0,15
Super Hearing Secret Voices Recorder PRO,MEDICAL,5.0,3
EMT Study - NREMT Test Prep,MEDICAL,4.3,35
Calcium Pro,MEDICAL,3.4,77
Arrhythmias and Dysrhythmias,MEDICAL,4.213205479452055,3
EMT PASS,MEDICAL,3.4,51
Pocket Lab Values,MEDICAL,4.3,214
Medical terms (OFFLINE),MEDICAL,4.4,104
"Cardiac diagnosis (heart rate, arrhythmia)",MEDICAL,4.4,8
ERres- Emergency Medicine,MEDICAL,4.2,45
FHR 5-Tier 2.0,MEDICAL,5.0,2
AnatomyMapp,MEDICAL,4.1,80
OptoDrum,MEDICAL,3.9,10
"Migraine, Headache Diary HeadApp Pro",MEDICAL,4.6,156
Blood Pressure Companion,MEDICAL,4.2,178
Visual Anatomy 2,MEDICAL,4.4,576
"Muscle Premium - Human Anatomy, Kinesiology, Bones",MEDICAL,4.2,168
CCHT PREP,MEDICAL,3.6,25
Paramedic Meds,MEDICAL,4.5,163
Advanced Comprehension Therapy,MEDICAL,4.213205479452055,3
OmniMedix Medical Calculator,MEDICAL,4.7,25
Breathing Zone,MEDICAL,4.6,319
Lab Values + Medical Reference,MEDICAL,4.5,133
Recognise Foot,MEDICAL,4.2,9
Anti Mosquito simulation,MEDICAL,4.2,74
Pain Tracker & Diary,MEDICAL,4.3,3
Menstrual Calendar Premium,MEDICAL,4.4,4207
Whist - Tinnitus Relief,MEDICAL,4.1,12
Critical Care Paramedic Review,MEDICAL,4.4,17
With Helper Pro Pill Reminder,MEDICAL,4.6,358
Manage My Pain Pro,MEDICAL,4.4,726
"End Anxiety Pro - Stress, Panic Attack Help",MEDICAL,4.2,33
Acupuncture Assistant,MEDICAL,4.5,492
Number Therapy,MEDICAL,4.213205479452055,0
InfantRisk Center HCP,MEDICAL,2.6,41
EMT Tutor NREMT-B Study Guide,MEDICAL,4.6,625
Hospitalist Handbook,MEDICAL,4.8,12
PTA Content Master,MEDICAL,4.2,64
Navi Radiography Pro,MEDICAL,4.7,11
Nursing Care Plan NANDA Tables,MEDICAL,3.0,4
A Manual of Acupuncture,MEDICAL,3.5,214
palmPEDi: Pediatric Tape,MEDICAL,4.6,66
GoodRx Drug Prices and Coupons,MEDICAL,4.8,59158
MyChart,MEDICAL,4.2,19473
FollowMyHealth®,MEDICAL,4.6,73118
CareZone,MEDICAL,4.4,27524
Ovia Pregnancy Tracker & Baby Countdown Calendar,MEDICAL,4.8,102858
Teladoc Member,MEDICAL,4.0,2094
myAir™ for Air10™ by ResMed,MEDICAL,3.7,236
Blood Pressure,MEDICAL,4.2,33033
Pregnancy Week By Week,MEDICAL,4.8,78825
Doctor On Demand,MEDICAL,4.7,18674
BioLife Plasma Services,MEDICAL,3.5,250
OneTouch Reveal,MEDICAL,3.9,6266
To,MEDICAL,4.2,22
Ovia Fertility Tracker & Ovulation Calculator,MEDICAL,4.8,53743
Anthem Anywhere,MEDICAL,2.7,2657
Blood Donor,MEDICAL,4.2,4476
My Calendar - Period Tracker,MEDICAL,4.7,156410
Youper - AI Therapy,MEDICAL,4.6,2006
Zocdoc: Find Doctors & Book Appointments,MEDICAL,4.5,6099
1800 Contacts - Lens Store,MEDICAL,4.7,23160
Blood Pressure Log - MyDiary,MEDICAL,4.7,8348
PulsePoint Respond,MEDICAL,4.5,7837
Ovia Parenting & Baby Development Tracker,MEDICAL,4.7,6185
MyQuest for Patients,MEDICAL,4.0,3803
OptumRx,MEDICAL,3.4,1838
CVS Caremark,MEDICAL,3.5,3707
fred's Pharmacy,MEDICAL,3.0,315
Ada - Your Health Guide,MEDICAL,4.7,87418
mySugr: the blood sugar tracker made just for you,MEDICAL,4.6,21189
ClearCareGo Caregiver,MEDICAL,4.2,1746
Pregnancy Calculator and Tracker app,MEDICAL,4.8,69126
All Mental disorders,MEDICAL,4.5,453
DreamMapper,MEDICAL,4.2,10710
ScriptSave WellRx Rx Discounts,MEDICAL,3.8,700
Delta Dental,MEDICAL,3.0,914
Drugs.com Medication Guide,MEDICAL,4.4,15875
MoodSpace,MEDICAL,4.5,503
Pill Identifier and Drug list,MEDICAL,4.0,488
HealtheLife,MEDICAL,3.6,190
SonicCloud: Hearing App,MEDICAL,4.4,15
Migraine Buddy - The Migraine and Headache tracker,MEDICAL,4.7,26862
Period Tracker,MEDICAL,4.9,100082
LabCorp | Patient,MEDICAL,3.6,27
Anatomy Learning - 3D Atlas,MEDICAL,4.5,72167
Super Hearing Super Ear Amplifier,MEDICAL,4.1,21
Moodpath - Depression & Anxiety Test,MEDICAL,4.6,6035
Teach Me Anatomy,MEDICAL,4.7,9945
Baritastic - Bariatric Tracker,MEDICAL,4.7,4318
Brilliant Distinctions®,MEDICAL,2.8,78
Mayo Clinic,MEDICAL,4.3,2218
98point6,MEDICAL,4.6,47
Epocrates Plus,MEDICAL,4.3,23889
MDLIVE: Talk to a Doctor 24/7,MEDICAL,3.4,650
Free Blood Pressure,MEDICAL,4.213205479452055,7
Super Ear,MEDICAL,4.0,3498
VitusVet: Pet Health Care App,MEDICAL,4.8,3052
Banfield Pet Health Tracker,MEDICAL,4.2,1747
Dexcom G6,MEDICAL,3.0,45
Nurse Grid,MEDICAL,4.5,1686
Castlight Mobile,MEDICAL,3.7,529
Sanford Guide:Antimicrobial Rx,MEDICAL,4.5,1388
Davis's Drug Guide for Nurses,MEDICAL,4.5,572
live Point,MEDICAL,3.6,54
Tarascon Pharmacopoeia,MEDICAL,4.4,275
Official NBSTSA CST Exam Prep,MEDICAL,4.4,2159
EMT-B Pocket Prep,MEDICAL,4.5,2951
5-Minute Clinical Consult,MEDICAL,4.1,84
Diabetes:M,MEDICAL,4.6,15545
"Pzizz - Sleep, Nap, Focus",MEDICAL,4.3,5521
HESI A2 Pocket Prep,MEDICAL,4.3,2108
Johns Hopkins Guides ABX...,MEDICAL,4.7,73
FP Notebook,MEDICAL,4.5,408
5 Minute Clinical Consult 2019 - #1 for 25 years,MEDICAL,4.2,33
Open Sesame - Touch Free Control,MEDICAL,4.4,197
Davis's Drug Guide,MEDICAL,3.9,272
Deep Sleep and Relax Hypnosis,MEDICAL,4.2,4852
Christella VoiceUp,MEDICAL,4.1,38
Language Therapy: Aphasia,MEDICAL,4.213205479452055,10
Complete Anatomy for Android,MEDICAL,4.1,90
GlassesOff,MEDICAL,3.5,1288
Free Hypnosis,MEDICAL,4.2,4303
e-Anatomy,MEDICAL,4.0,1545
Registered Dietitian Pocket Prep,MEDICAL,4.3,283
Paramedic Pocket Prep,MEDICAL,4.3,460
5 Minute Veterinary Consult: Canine & Feline,MEDICAL,2.3,17
Wide address pocket prep,MEDICAL,4.5,513
Nursing Central,MEDICAL,4.3,168
Tinnitus Alleviator,MEDICAL,3.1,82
PMHNP-BC Pocket Prep,MEDICAL,4.4,112
Dialysis of Drugs,MEDICAL,2.9,92
abeoCoder,MEDICAL,3.1,83
Saunders Comprehensive Review NCLEX-PN Examination,MEDICAL,3.7,3
LTC AS Legal,MEDICAL,4.0,6
Lippincott Nursing Advisor,MEDICAL,3.8,343
Official NBSTSA CSFA Exam Prep,MEDICAL,4.4,137
Dosecast - Medication Reminder,MEDICAL,4.3,4107
Visualmed,MEDICAL,4.213205479452055,0
ABG Master,MEDICAL,4.213205479452055,2
OrthoFlow,MEDICAL,4.213205479452055,0
Be the Expert in Phlebotomy - Professional Nursing,MEDICAL,4.213205479452055,0
JH Blood Pressure Monitor,MEDICAL,3.7,9
Sway Medical,MEDICAL,5.0,3
Exposure Ed,MEDICAL,3.0,2
Nucleus Smart,MEDICAL,3.7,20
Penn State Health OnDemand,MEDICAL,4.213205479452055,0
Breastfeeding Tracker Baby Log,MEDICAL,4.213205479452055,6
Lego Ninjago Wallpaper,MEDICAL,4.213205479452055,2
RT 516 VET,MEDICAL,4.213205479452055,0
EXOGEN Connects (US),MEDICAL,4.213205479452055,0
Full Code - Emergency Medicine Simulation,MEDICAL,4.213205479452055,0
Maricopa AH,MEDICAL,4.213205479452055,0
Dare EMS Protocols,MEDICAL,4.213205479452055,0
Pediatric Emergency Guide,MEDICAL,4.213205479452055,0
Weill Cornell Medicine,MEDICAL,4.213205479452055,0
Doctors Care,MEDICAL,4.213205479452055,0
PCOS Guide - Fight PCOS naturally,MEDICAL,4.213205479452055,0
EVA - Menstrual calendar and fertility,MEDICAL,4.213205479452055,25
Hello Face,MEDICAL,4.213205479452055,0
Cochrane Library,MEDICAL,3.7,3
Labs on Demand,MEDICAL,5.0,1
Diabetes Testing,MEDICAL,4.213205479452055,1
GGDE: Prevent & Beat Depression Symptoms,MEDICAL,4.213205479452055,2
Dermatology Atlas (Colored & Illustrative),MEDICAL,5.0,3
Jaylex,MEDICAL,4.213205479452055,0
Tablet Reminder,MEDICAL,5.0,4
Clinical Pharmacology,MEDICAL,4.213205479452055,0
Galaxies of Hope,MEDICAL,5.0,2
Smartshading AI,MEDICAL,4.213205479452055,0
KBA-EZ Health Guide,MEDICAL,5.0,4
FoothillsVet,MEDICAL,5.0,2
Eversense,MEDICAL,4.213205479452055,3
PrimeDelivery,MEDICAL,5.0,3
You're an Anime,MEDICAL,5.0,2
Anatomy & Physiology Vocabulary Exam Review App,MEDICAL,5.0,1
Drug Calculator,MEDICAL,4.213205479452055,0
HACH Cares,MEDICAL,4.213205479452055,0
WAH 247,MEDICAL,4.213205479452055,0
CT Scan Cross Sectional Anatomy,MEDICAL,4.3,10
VetCode,MEDICAL,4.9,28
ear super hearing,MEDICAL,4.213205479452055,0
Traditional Chinese Medicine Fangfang Liangfang Daquan - Practical and ancient Chinese medicine and old prescriptions for the treatment of various incurable diseases,MEDICAL,4.213205479452055,1
COPD GOLD 2017,MEDICAL,4.213205479452055,5
Summit Medical Video Visits,MEDICAL,4.213205479452055,0
ExtendedCare Virtual Care Room,MEDICAL,4.213205479452055,0
Lord Fairfax EMS Council,MEDICAL,4.213205479452055,0
MyWoundDoctor - Provider,MEDICAL,4.213205479452055,0
NCLEX Multi-topic Nursing Exam Review-Quiz & notes,MEDICAL,5.0,1
Warfarin Dose Calculator,MEDICAL,4.213205479452055,0
Renesas PMA,MEDICAL,4.213205479452055,0
Pediatric Nursing,MEDICAL,4.9,14
Interpret Chest X-Ray With 100 Cases,MEDICAL,4.6,5
Basics of Orthopaedics,MEDICAL,5.0,1
4 Paws PH,MEDICAL,4.213205479452055,1
high cholesterol levels,MEDICAL,4.213205479452055,0
Thyroid Nodules,MEDICAL,4.213205479452055,0
Training course: Learn Nursing,MEDICAL,4.213205479452055,0
Familyfirst Messenger,MEDICAL,4.0,1
14thStreetVet,MEDICAL,4.213205479452055,0
Clinic Doctor EHr,MEDICAL,5.0,2
OMD Protocols,MEDICAL,4.213205479452055,0
Anthem BC Anywhere,MEDICAL,2.6,496
Ovia Fertility Tracker & Ovulation Calculator,MEDICAL,4.8,53747
My Cancer Coach,MEDICAL,4.3,44
IHSS Help,MEDICAL,4.7,10
mobileRx Pharmacy,MEDICAL,2.5,124
Youper - AI Therapy,MEDICAL,4.6,2014
BURST Professionals,MEDICAL,4.5,11
LactMed,MEDICAL,4.3,573
Blue CareOnDemand,MEDICAL,4.4,163
HHS,MEDICAL,4.213205479452055,0
Every disease has a drug without internet,MEDICAL,4.213205479452055,44
PulsePoint AED,MEDICAL,4.5,330
Deaf Interpreter,MEDICAL,3.8,24
High Blood Pressure Symptoms,MEDICAL,4.0,531
MedStar eVisit,MEDICAL,4.5,20
Blood Pressure(BP) Diary,MEDICAL,3.7,3596
REDCap Mobile App,MEDICAL,4.3,56
Blood Pressure,MEDICAL,4.213205479452055,10
VITAS Hospice Referral App for Healthcare Pros,MEDICAL,4.4,27
AAFP,MEDICAL,3.8,63
Airway Ex - Intubate. Anesthetize. Train.,MEDICAL,4.3,123
myvi by,MEDICAL,3.8,122
420 BZ Budeze Delivery,MEDICAL,5.0,2
Fever Meter,MEDICAL,3.6,26
Super Ear Super Hearing,MEDICAL,4.0,122
Blood Pressure Monitor,MEDICAL,4.3,17
BELONG Beating Cancer Together,MEDICAL,4.7,623
BP Journal - Blood Pressure Diary,MEDICAL,5.0,6
TelaDoc,MEDICAL,4.7,6
Blood Pressure - Stay Healthy,MEDICAL,4.6,7
ConnectLine,MEDICAL,3.1,253
Club,MEDICAL,4.4,3786
Zen Leaf,MEDICAL,5.0,1
Homeopathic Medicine Finder,MEDICAL,3.6,10
Patient Portal,MEDICAL,2.8,66
Nemours CareConnect,MEDICAL,4.4,65
tökr,MEDICAL,4.6,17
Low Blood Pressure Symptoms,MEDICAL,4.2,28
PatientPORTAL by InteliChart,MEDICAL,4.213205479452055,1
Hypertension High blood pressure,MEDICAL,3.8,292
Fever Care,MEDICAL,3.5,19
Facebook,SOCIAL,4.1,78158306
Instagram,SOCIAL,4.5,66577313
Facebook Lite,SOCIAL,4.3,8606259
"Messages, Text and Video Chat for Messenger",SOCIAL,4.4,49173
Tumblr,SOCIAL,4.4,2955326
All Social Networks,SOCIAL,4.2,22492
Snapchat,SOCIAL,4.0,17014787
Social network all in one 2018,SOCIAL,4.3,1403
Pinterest,SOCIAL,4.6,4305441
TextNow - free text + calls,SOCIAL,4.4,441189
Google+,SOCIAL,4.2,4831125
The Messenger App,SOCIAL,4.4,4919
Messenger Pro,SOCIAL,4.4,13762
"Free Messages, Video, Chat,Text for Messenger Plus",SOCIAL,4.3,6086
Telegram X,SOCIAL,4.6,70616
The Video Messenger App,SOCIAL,4.4,1200
Jodel - The Hyperlocal App,SOCIAL,4.5,76480
Who Viewed My Facebook Profile - Stalkers Visitors,SOCIAL,4.6,271445
"Hide Something - Photo, Video",SOCIAL,4.6,225103
Love Sticker,SOCIAL,4.6,33177
Web Browser & Fast Explorer,SOCIAL,4.4,54768
"LiveMe - Video chat, new friends, and make money",SOCIAL,4.5,457197
VidStatus app - Status Videos & Status Downloader,SOCIAL,4.5,25562
Love Images,SOCIAL,4.3,16404
Web Browser ( Fast & Secure Web Explorer),SOCIAL,4.4,2508
SPARK - Live random video chat & meet new people,SOCIAL,4.6,79658
Golden telegram,SOCIAL,4.3,374
Amino: Communities and Chats,SOCIAL,4.8,1259075
Facebook Local,SOCIAL,4.2,4751
Meet – Talk to Strangers Using Random Video Chat,SOCIAL,4.6,60562
MobilePatrol Public Safety App,SOCIAL,4.0,22695
"💘 WhatsLov: Smileys of love, stickers and GIF",SOCIAL,4.6,22098
Phone Tracker : Family Locator,SOCIAL,4.3,231325
HTC Social Plugin - Facebook,SOCIAL,3.6,13223
Periscope - Live Video,SOCIAL,4.0,479908
Quora,SOCIAL,4.5,313633
Kate Mobile for VK,SOCIAL,4.4,540930
Family GPS tracker KidControl + GPS by SMS Locator,SOCIAL,4.5,57146
LinkedIn,SOCIAL,4.2,1225339
Moment,SOCIAL,4.5,19583
"Text Me: Text Free, Call Free, Second Phone Number",SOCIAL,4.3,344921
Meetup,SOCIAL,4.2,79129
Text Free: WiFi Calling App,SOCIAL,4.2,83488
Badoo - Free Chat & Dating App,SOCIAL,4.3,3781770
Text free - Free Text + Call,SOCIAL,4.3,315441
textPlus: Free Text & Calls,SOCIAL,4.1,382120
"Free phone calls, free texting SMS on free number",SOCIAL,4.5,412725
Tango - Live Video Broadcast,SOCIAL,4.3,3806669
MeetMe: Chat & Meet New People,SOCIAL,4.2,1259849
"Tagged - Meet, Chat & Dating",SOCIAL,4.1,486824
"ooVoo Video Calls, Messaging & Stories",SOCIAL,4.3,1157004
"SayHi Chat, Meet New People",SOCIAL,4.2,423105
Whisper,SOCIAL,4.1,205803
"Tapatalk - 100,000+ Forums",SOCIAL,4.1,285816
Tumblr,SOCIAL,4.4,2955325
Blogger,SOCIAL,3.7,138026
Bloglovin',SOCIAL,3.9,8936
Blogaway for Android (Blogger),SOCIAL,3.7,4253
Snapchat,SOCIAL,4.0,17014705
Instagram,SOCIAL,4.5,66577446
TwitCasting Live,SOCIAL,3.6,14835
Stream - Live Video Community,SOCIAL,4.1,6388
YouNow: Live Stream Video Chat,SOCIAL,4.1,309872
Periscope - Live Video,SOCIAL,4.0,479909
Mirrativ: Live Stream Any App,SOCIAL,4.1,17955
Snapchat,SOCIAL,4.0,17015352
Nextdoor - Local neighborhood news & classifieds,SOCIAL,4.3,51502
"SKOUT - Meet, Chat, Go Live",SOCIAL,4.3,1064049
Banjo,SOCIAL,4.2,58341
We Heart It,SOCIAL,4.5,637309
MeetMe: Chat & Meet New People,SOCIAL,4.2,1259894
"ooVoo Video Calls, Messaging & Stories",SOCIAL,4.3,1157003
Timehop,SOCIAL,4.1,161610
Frontback - Social Photos,SOCIAL,3.8,19446
LinkedIn,SOCIAL,4.2,1225367
Path,SOCIAL,4.4,1520959
"SayHi Chat, Meet New People",SOCIAL,4.2,423138
"Tapatalk - 100,000+ Forums",SOCIAL,4.1,285820
Couple - Relationship App,SOCIAL,4.0,33249
Nextdoor - Local neighborhood news & classifieds,SOCIAL,4.3,51504
POF Free Dating App,SOCIAL,4.2,1175794
LOVOO,SOCIAL,4.0,852455
"Jaumo Dating, Flirt & Live Video",SOCIAL,4.4,900064
Patook - make platonic friends,SOCIAL,4.0,3677
Zello PTT Walkie Talkie,SOCIAL,4.4,695613
textPlus: Free Text & Calls,SOCIAL,4.1,382121
magicApp Calling & Messaging,SOCIAL,4.1,207712
"Dating App, Flirt & Chat : W-Match",SOCIAL,4.3,175722
uCiC- Videos and Photos on demand,SOCIAL,4.0,2052
Meetup,SOCIAL,4.2,79130
POF Free Dating App,SOCIAL,4.2,1175815
"Tagged - Meet, Chat & Dating",SOCIAL,4.1,486830
"SKOUT - Meet, Chat, Go Live",SOCIAL,4.3,1064076
"Mico- Stranger Chat Random video Chat, Live, Meet",SOCIAL,4.4,624557
"Waplog - Free Chat, Dating App, Meet Singles",SOCIAL,4.2,522018
Amazon for Tablets,SHOPPING,4.0,141613
Wish - Shopping Made Fun,SHOPPING,4.5,6210998
OfferUp - Buy. Sell. Offer Up,SHOPPING,4.6,591312
Shopee - No. 1 Online Shopping,SHOPPING,4.3,94294
Shopee: No.1 Online Shopping,SHOPPING,4.2,608753
Kroger,SHOPPING,4.3,38961
"AliExpress - Smarter Shopping, Better Living",SHOPPING,4.6,5916606
Walmart,SHOPPING,4.4,441473
eBay: Buy & Sell this Summer - Discover Deals Now!,SHOPPING,4.4,2788923
"letgo: Buy & Sell Used Stuff, Cars & Real Estate",SHOPPING,4.5,973270
Amazon Shopping,SHOPPING,4.3,909226
Lazada - Online Shopping & Deals,SHOPPING,4.2,1573054
OLX - Buy and Sell,SHOPPING,4.2,857923
The wall,SHOPPING,4.4,35563
Flipp - Weekly Shopping,SHOPPING,4.6,85858
"Shrimp skin shopping: spend less, buy better",SHOPPING,4.2,106798
Lotte Home Shopping LOTTE Homeshopping,SHOPPING,3.6,8820
"Horn, free country requirements",SHOPPING,4.5,37186
Jiji.ng,SHOPPING,4.4,25714
GS SHOP,SHOPPING,3.8,44255
The birth,SHOPPING,4.7,1084945
CJmall,SHOPPING,3.6,18252
Home & Shopping - Only in apps. 10% off + 10% off,SHOPPING,4.2,42750
EHS Dongsen Shopping,SHOPPING,3.6,3656
bigbasket - online grocery,SHOPPING,4.3,216741
Bukalapak - Buy and Sell Online,SHOPPING,4.4,662287
Life market,SHOPPING,4.5,30834
Jabong Online Shopping App,SHOPPING,4.1,367290
Family Dollar,SHOPPING,4.3,2588
Jumia online shopping,SHOPPING,4.3,162655
Mercado Libre: Find your favorite brands,SHOPPING,4.7,3860225
"Carousell: Snap-Sell, Chat-Buy",SHOPPING,4.3,125783
Blibli.com Online Shopping,SHOPPING,4.2,171584
"Club Factory Everything, Unbeaten Price",SHOPPING,4.2,244141
"Real Estate, Car, Shopping and Others",SHOPPING,4.3,568273
ZALORA Fashion Shopping,SHOPPING,4.2,142512
Magazine Luiza Online Shopping,SHOPPING,4.3,109124
ROMWE - Women's Fashion,SHOPPING,4.6,135043
Buscapé - Offers and discounts,SHOPPING,4.4,108592
Myntra Online Shopping App,SHOPPING,4.3,1315242
11st,SHOPPING,3.8,48732
Coupang,SHOPPING,4.6,308234
Wemep - Special price representative (special / shopping / shopping app / coupon / shipping),SHOPPING,4.5,178497
Target - now with Cartwheel,SHOPPING,4.1,68406
Flipkart Online Shopping App,SHOPPING,4.4,6012719
Sam's Club: Wholesale Shopping & Instant Savings,SHOPPING,4.3,45362
Chilindo,SHOPPING,3.8,18364
Rossmann PL,SHOPPING,4.0,15867
"Jingdong - pick good things, go to Jingdong",SHOPPING,3.3,9189
CheckPoints 🏆 Rewards App,SHOPPING,4.1,23187
Extreme Coupon Finder,SHOPPING,4.1,11798
SnipSnap Coupon App,SHOPPING,4.2,9975
Checkout 51: Grocery coupons,SHOPPING,4.1,52896
Coupon Sherpa,SHOPPING,4.4,7793
Gyft - Mobile Gift Card Wallet,SHOPPING,4.1,9701
SavingStar - Grocery Coupons,SHOPPING,4.2,31519
The Coupons App,SHOPPING,4.5,181990
"Shopkick: Free Gift Cards, Shop Rewards & Deals",SHOPPING,4.3,213735
Wish - Shopping Made Fun,SHOPPING,4.5,6211039
Key Ring: Cards Coupon & Sales,SHOPPING,4.1,42871
"Ibotta: Cash Back Savings, Rewards & Coupons App",SHOPPING,4.5,315908
"RetailMeNot - Coupons, Deals & Discount Shopping",SHOPPING,4.4,210208
"Groupon - Shop Deals, Discounts & Coupons",SHOPPING,4.6,1370749
"Kohl's: Scan, Shop, Pay & Save",SHOPPING,4.5,79261
Stocard - Rewards Cards Wallet,SHOPPING,4.6,284725
Nike,SHOPPING,4.7,67071
Poshmark - Buy & Sell Fashion,SHOPPING,4.3,46153
Mercari: The Selling App,SHOPPING,4.4,101883
Blidz - Hunt Free Deals On Trending Items!,SHOPPING,4.4,1659
"Shopular: Coupons, Weekly Ads & Shopping Deals",SHOPPING,4.7,57920
LivingSocial - Local Deals,SHOPPING,4.1,28523
Coupons.com – Grocery Coupons & Cash Back Savings,SHOPPING,4.2,24953
"Ebates: Cash Back, Coupons, Rewards & Savings",SHOPPING,4.5,37253
FidMe Loyalty Cards & Deals at Grocery Supermarket,SHOPPING,4.2,33758
Stocard - Rewards Cards Wallet,SHOPPING,4.6,284721
Ratings by Consumer Reports,SHOPPING,4.3,3420
HauteLook,SHOPPING,4.1,7193
Nordstrom,SHOPPING,4.6,2278
Modcloth – Unique Indie Women's Fashion & Style,SHOPPING,4.2,5121
Fancy,SHOPPING,4.2,39735
"Twice: Buy, Sell Clothing",SHOPPING,4.2,1558
Slice: Package Tracker,SHOPPING,4.2,16966
LightInTheBox Online Shopping,SHOPPING,4.0,41986
Best Buy,SHOPPING,4.4,186116
JackThreads: Men's Shopping,SHOPPING,4.0,13085
"AliExpress - Smarter Shopping, Better Living",SHOPPING,4.6,5916569
zulily - Shop Daily Deals in Fashion and Home,SHOPPING,4.5,28560
MiniInTheBox Online Shopping,SHOPPING,3.9,34171
Zappos – Shoe shopping made simple,SHOPPING,4.5,44588
Urban Outfitters,SHOPPING,4.2,4158
Tophatter - 90 Second Auctions,SHOPPING,4.3,105773
Amazon Shopping,SHOPPING,4.3,909204
Shopfully - Weekly Ads & Deals,SHOPPING,4.4,279428
Slickdeals: Coupons & Shopping,SHOPPING,4.5,33583
Wanelo Shopping,SHOPPING,4.6,94205
Etsy: Handmade & Vintage Goods,SHOPPING,4.3,95520
ASOS,SHOPPING,4.7,181798
"Overstock – Home Decor, Furniture Shopping",SHOPPING,4.4,25719
Find&Save - Local Shopping,SHOPPING,4.0,4602
Receipt Hog - Receipts to Cash,SHOPPING,4.5,72596
ShopSavvy Barcode & QR Scanner,SHOPPING,4.1,110425
"Savory - Deals,Freebies,Sales",SHOPPING,4.4,2375
"AliExpress - Smarter Shopping, Better Living",SHOPPING,4.6,5917485
Newegg Mobile,SHOPPING,4.5,35497
REI – Shop Outdoor Gear,SHOPPING,4.4,3878
Target - now with Cartwheel,SHOPPING,4.1,68406
The Home Depot,SHOPPING,4.3,44071
Wish - Shopping Made Fun,SHOPPING,4.5,6212081
Boxed Wholesale,SHOPPING,3.8,6380
La La-Shop Designer Brands Street,SHOPPING,4.5,5123
ASOS,SHOPPING,4.7,181823
TouchNote: Cards & Gifts,PHOTOGRAPHY,4.1,19232
"Shutterfly: Free Prints, Photo Books, Cards, Gifts",PHOTOGRAPHY,4.6,98716
FreePrints – Free Photos Delivered,PHOTOGRAPHY,4.8,109500
Groovebook Photo Books & Gifts,PHOTOGRAPHY,4.0,21159
"Moony Lab - Print Photos, Books & Magnets ™",PHOTOGRAPHY,4.7,1320
"LALALAB prints your photos, photobooks and magnets",PHOTOGRAPHY,4.7,50424
Snapfish,PHOTOGRAPHY,4.1,32398
Google Photos,PHOTOGRAPHY,4.5,10858556
Motorola Camera,PHOTOGRAPHY,3.6,219745
HD Camera - Best Cam with filters & panorama,PHOTOGRAPHY,4.5,38953
"Face Filter, Selfie Editor - Sweet Camera",PHOTOGRAPHY,4.7,142634
LightX Photo Editor & Photo Effects,PHOTOGRAPHY,4.7,259450
"Sweet Snap - live filter, Selfie photo edit",PHOTOGRAPHY,4.5,123029
Adobe Photoshop Express:Photo Editor Collage Maker,PHOTOGRAPHY,4.2,914804
HD Camera - Quick Snap Photo & Video,PHOTOGRAPHY,4.5,21841
B612 - Beauty & Filter Camera,PHOTOGRAPHY,4.4,5282578
Waterfall Photo Frames,PHOTOGRAPHY,4.5,10349
Photo frame,PHOTOGRAPHY,4.5,859
Huji Cam,PHOTOGRAPHY,4.4,40289
Unicorn Photo,PHOTOGRAPHY,3.7,3362
HD Camera,PHOTOGRAPHY,4.3,49680
Makeup Editor -Beauty Photo Editor & Selfie Camera,PHOTOGRAPHY,4.5,3378
Makeup Photo Editor: Makeup Camera & Makeup Editor,PHOTOGRAPHY,4.4,10525
Moto Photo Editor,PHOTOGRAPHY,3.3,3492
InstaBeauty -Makeup Selfie Cam,PHOTOGRAPHY,4.3,654419
Garden Photo Frames - Garden Photo Editor,PHOTOGRAPHY,4.4,1864
Photo Frame,PHOTOGRAPHY,4.5,74476
Camera360 Lite - Selfie Camera,PHOTOGRAPHY,4.4,221858
Selfie Camera - Photo Editor & Filter & Sticker,PHOTOGRAPHY,4.2,401820
"Sweet Snap Lite - live filter, Selfie photo editor",PHOTOGRAPHY,4.5,3116
"Selfie Camera: Beauty Camera, Photo Editor,Collage",PHOTOGRAPHY,4.7,31985
Night Photo Frame,PHOTOGRAPHY,4.5,4400
YouCam Makeup - Magic Selfie Makeovers,PHOTOGRAPHY,4.6,3337956
Selfie Photo Editor,PHOTOGRAPHY,4.6,11677
BeautyPlus - Easy Photo Editor & Selfie Camera,PHOTOGRAPHY,4.4,3158047
ASUS Gallery,PHOTOGRAPHY,4.3,125259
My Photo Keyboard,PHOTOGRAPHY,4.3,56114
Kids Photo Frames,PHOTOGRAPHY,4.6,15700
Pencil Photo Sketch-Sketching Drawing Photo Editor,PHOTOGRAPHY,4.4,16523
"Pretty Makeup, Beauty Photo Editor & Snappy Camera",PHOTOGRAPHY,4.5,26361
Photo Collage - Layout Editor,PHOTOGRAPHY,4.5,285788
DSLR Camera Hd Ultra Professional,PHOTOGRAPHY,4.2,4410
Snap Cat Face Camera,PHOTOGRAPHY,4.0,5855
Silent Camera [High Quality],PHOTOGRAPHY,4.4,47090
"Sweet Camera - Selfie Filters, Beauty Camera",PHOTOGRAPHY,4.7,233039
Photo Frames,PHOTOGRAPHY,4.3,28578
"Sweet Selfie - selfie camera, beauty cam, photo edit",PHOTOGRAPHY,4.6,1159058
"Candy selfie - photo editor, live filter camera",PHOTOGRAPHY,4.4,53421
YouCam Perfect - Selfie Photo Editor,PHOTOGRAPHY,4.5,1579287
Open Camera,PHOTOGRAPHY,4.3,116880
Beauty Makeup – Photo Makeover,PHOTOGRAPHY,4.3,21730
Blur Image Background Editor (Blur Photo Editor),PHOTOGRAPHY,4.4,62421
Google Photos,PHOTOGRAPHY,4.5,10858538
Muzy - Share photos & collages,PHOTOGRAPHY,4.4,70189
QuickPic - Photo Gallery with Google Drive Support,PHOTOGRAPHY,4.6,847159
Flickr,PHOTOGRAPHY,4.3,251951
InstaBeauty -Makeup Selfie Cam,PHOTOGRAPHY,4.3,654418
B612 - Beauty & Filter Camera,PHOTOGRAPHY,4.4,5282558
Camera for Android,PHOTOGRAPHY,4.2,240475
Photo Editor Selfie Camera Filter & Mirror Image,PHOTOGRAPHY,4.3,527247
BeautyPlus - Easy Photo Editor & Selfie Camera,PHOTOGRAPHY,4.4,3157936
Photo Mixer,PHOTOGRAPHY,3.9,55427
Photo Editor-,PHOTOGRAPHY,4.3,68070
"Cymera Camera- Photo Editor, Filter,Collage,Layout",PHOTOGRAPHY,4.4,2418135
Wondershare PowerCam,PHOTOGRAPHY,4.2,329160
love,PHOTOGRAPHY,4.3,42677
LINE Camera - Photo editor,PHOTOGRAPHY,4.3,1517369
InstaSize Photo Filters & Collage Editor,PHOTOGRAPHY,4.3,811693
"KVAD Camera +: Selfie, Photo Filter, Grids",PHOTOGRAPHY,4.1,23440
"Candy Camera - selfie, beauty camera, photo editor",PHOTOGRAPHY,4.4,3368649
Photo Editor,PHOTOGRAPHY,4.3,42079
Camera51 - a smarter camera,PHOTOGRAPHY,4.0,29707
InstaCam - Camera for Selfie,PHOTOGRAPHY,4.0,15098
"Phogy, 3D Camera",PHOTOGRAPHY,4.0,35724
Sweet Camera,PHOTOGRAPHY,4.4,71898
Camera360: Selfie Photo Editor with Funny Sticker,PHOTOGRAPHY,4.3,4865093
RetroSelfie - Selfie Editor,PHOTOGRAPHY,4.1,106080
Mega Photo,PHOTOGRAPHY,4.2,44941
Blur Image Background,PHOTOGRAPHY,3.9,129272
MIX by Camera360,PHOTOGRAPHY,4.4,111066
Facetune - For Free,PHOTOGRAPHY,4.4,49553
Google Photos,PHOTOGRAPHY,4.5,10859051
SuperPhoto - Effects & Filters,PHOTOGRAPHY,4.1,43296
Camera FV-5 Lite,PHOTOGRAPHY,4.0,130081
HD Camera Ultra,PHOTOGRAPHY,4.3,462152
Cameringo Lite. Filters Camera,PHOTOGRAPHY,4.2,140917
Camera ZOOM FX - FREE,PHOTOGRAPHY,4.0,88860
HD Camera Pro for Android,PHOTOGRAPHY,4.1,49211
HD Camera for Android,PHOTOGRAPHY,4.1,351254
GoPro (formerly Capture),PHOTOGRAPHY,4.0,157506
Photo Editor Pro,PHOTOGRAPHY,4.3,1871416
Beauty Makeup Snappy Collage Photo Editor - Lidow,PHOTOGRAPHY,4.5,420973
Samsung SMART CAMERA App,PHOTOGRAPHY,4.0,34753
Square InPic - Photo Editor & Collage Maker,PHOTOGRAPHY,4.4,635846
"High-Speed Camera (GIF,Burst)",PHOTOGRAPHY,4.1,78140
Camera MX - Free Photo & Video Camera,PHOTOGRAPHY,4.3,244371
Lapse It • Time Lapse • Pro,PHOTOGRAPHY,4.3,12865
EyeEm - Camera & Photo Filter,PHOTOGRAPHY,4.2,215343
Retrica,PHOTOGRAPHY,4.3,6120977
"Candy Camera - selfie, beauty camera, photo editor",PHOTOGRAPHY,4.4,3368646
VSCO,PHOTOGRAPHY,4.4,753115
Camera360: Selfie Photo Editor with Funny Sticker,PHOTOGRAPHY,4.3,4865107
Camera FV-5,PHOTOGRAPHY,3.8,16320
PhotoWonder: Pro Beauty Photo Editor Collage Maker,PHOTOGRAPHY,4.4,852649
Photo Effects Pro,PHOTOGRAPHY,4.4,1494491
Photo Editor Selfie Camera Filter & Mirror Image,PHOTOGRAPHY,4.3,527248
No Crop & Square for Instagram,PHOTOGRAPHY,4.6,819774
Picture Grid Builder,PHOTOGRAPHY,4.0,33439
HD Camera for Android,PHOTOGRAPHY,4.1,351255
Photo Studio,PHOTOGRAPHY,4.2,477831
Photo Editor Pro,PHOTOGRAPHY,4.3,1871421
YouCam Makeup - Magic Selfie Makeovers,PHOTOGRAPHY,4.6,3337952
FilterGrid - Cam&Photo Editor,PHOTOGRAPHY,4.6,126337
Photo Editor-,PHOTOGRAPHY,4.3,68071
Mirror Photo:Editor Collage (HD),PHOTOGRAPHY,4.1,373606
Pic Stitch - #1 Collage Maker,PHOTOGRAPHY,4.2,15426
PhotoDirector Photo Editor App,PHOTOGRAPHY,4.6,714340
Pic Collage - Photo Editor,PHOTOGRAPHY,4.6,1451000
Photo Editor by Aviary,PHOTOGRAPHY,4.4,1490732
"Video Editor Music,Cut,No Crop",PHOTOGRAPHY,4.7,2163282
Pixlr – Free Photo Editor,PHOTOGRAPHY,4.4,1163232
Photo Editor,PHOTOGRAPHY,4.1,114680
Photo Collage Maker,PHOTOGRAPHY,4.3,751766
"Cymera Camera- Photo Editor, Filter,Collage,Layout",PHOTOGRAPHY,4.4,2418158
Adobe Photoshop Express:Photo Editor Collage Maker,PHOTOGRAPHY,4.2,914917
BeautyPlus - Easy Photo Editor & Selfie Camera,PHOTOGRAPHY,4.4,3158151
PicsArt Photo Studio: Collage Maker & Pic Editor,PHOTOGRAPHY,4.5,7594559
Photo Collage Editor,PHOTOGRAPHY,4.2,1028637
Color Touch Effects,PHOTOGRAPHY,3.8,167652
InstaSize Photo Filters & Collage Editor,PHOTOGRAPHY,4.3,811714
"Z Camera - Photo Editor, Beauty Selfie, Collage",PHOTOGRAPHY,4.4,1075277
"PhotoGrid: Video & Pic Collage Maker, Photo Editor",PHOTOGRAPHY,4.6,7529865
"Candy Camera - selfie, beauty camera, photo editor",PHOTOGRAPHY,4.4,3368705
YouCam Perfect - Selfie Photo Editor,PHOTOGRAPHY,4.5,1579343
Pixgram- video photo slideshow,PHOTOGRAPHY,4.2,93726
Fotor Photo Editor - Photo Collage & Photo Effects,PHOTOGRAPHY,4.5,597068
Snapseed,PHOTOGRAPHY,4.5,823109
Camera360: Selfie Photo Editor with Funny Sticker,PHOTOGRAPHY,4.3,4865132
Font Studio- Photo Texts Image,PHOTOGRAPHY,4.2,197295
Add Text To Photo,PHOTOGRAPHY,4.1,21578
Phonto - Text on Photos,PHOTOGRAPHY,4.3,307453
Collage&Add Stickers papelook,PHOTOGRAPHY,4.0,32896
"Shutterfly: Free Prints, Photo Books, Cards, Gifts",PHOTOGRAPHY,4.6,98717
Photo Collage - InstaMag,PHOTOGRAPHY,4.3,542561
"Meitu – Beauty Cam, Easy Photo Editor",PHOTOGRAPHY,4.5,462702
ESPN,SPORTS,4.2,521138
Free Sports TV,SPORTS,4.3,1802
LiveScore: Live Sport Updates,SPORTS,4.4,283662
MLB At Bat,SPORTS,4.2,82882
NFL,SPORTS,4.1,459795
"theScore: Live Sports Scores, News, Stats & Videos",SPORTS,4.4,133825
Onefootball - Soccer Scores,SPORTS,4.7,911995
Cristiano Ronaldo Wallpaper,SPORTS,4.6,1733
"FIFA - Tournaments, Soccer News & Live Scores",SPORTS,4.2,342909
Futbol24,SPORTS,4.3,31908
kicker football news,SPORTS,4.3,56270
Football Live Scores,SPORTS,4.5,107724
Pro 2018 - Series A and B,SPORTS,4.6,101455
BeSoccer - Soccer Live Score,SPORTS,4.5,152780
Sport.pl LIVE,SPORTS,4.4,21733
FotMob - Live Soccer Scores,SPORTS,4.7,410384
Yahoo Fantasy Sports - #1 Rated Fantasy App,SPORTS,4.2,277902
"CBS Sports App - Scores, News, Stats & Watch Live",SPORTS,4.3,91031
"The Team - Live Sport: football, tennis, rugby ..",SPORTS,4.2,112725
MARCA - Sports Leader Diary,SPORTS,3.9,76346
Sahadan Live Scores,SPORTS,3.9,63938
BBC Sport,SPORTS,4.2,18678
"Foot Mercato: transfers, results, news, live",SPORTS,4.3,39878
All Football - Latest News & Videos,SPORTS,4.6,152867
Premier League - Official App,SPORTS,4.3,63580
Eurosport,SPORTS,4.0,121003
beIN SPORTS TR,SPORTS,4.0,135763
ESPN Fantasy Sports,SPORTS,4.0,176448
"All Football GO- Live Score, Games",SPORTS,4.6,1981
Top Mercato: football news,SPORTS,4.3,16016
GollerCepte Live Score,SPORTS,4.2,9992
Championat,SPORTS,4.3,36490
"Bleacher Report: sports news, scores, & highlights",SPORTS,4.4,122282
Hovercraft Racer,SPORTS,4.0,218
World Cup 2018,SPORTS,4.6,4011
GollerCepte 1903,SPORTS,4.7,25172
League18,SPORTS,4.3,14123
Speed Boat Racing,SPORTS,4.0,2487
La Liga - Spanish Soccer League Official,SPORTS,4.5,180938
Lionel Messi Wallpapers,SPORTS,4.7,950
Goal Live Scores,SPORTS,4.4,232423
The 5th Stand,SPORTS,4.8,1664
NUsport,SPORTS,3.3,1391
U + professional baseball,SPORTS,4.3,2486
Mackolik Live Results,SPORTS,3.9,188834
Mercato foot by Maxifoot,SPORTS,4.4,697
MLB Ballpark,SPORTS,3.9,5510
MUTV - Manchester United TV,SPORTS,4.4,4549
"Hole19: Golf GPS App, Rangefinder & Scorecard",SPORTS,4.4,6106
Yahoo Fantasy Sports - #1 Rated Fantasy App,SPORTS,4.2,277900
WatchESPN,SPORTS,4.1,288809
CBS Sports Fantasy,SPORTS,4.0,43611
NBC Sports,SPORTS,3.1,78442
NBC Sports Gold,SPORTS,2.9,3017
UFC,SPORTS,4.0,30840
Telemundo Deportes - Live,SPORTS,4.5,36255
SwingAid - Level up Golf,SPORTS,4.3,752
Golf Channel,SPORTS,4.1,19230
The Rules of Golf,SPORTS,4.3,926
"GolfNow: Tee Time Deals at Golf Courses, Golf GPS",SPORTS,4.5,26102
Golf GPS by SwingxSwing,SPORTS,4.6,37167
Zepp Golf Swing Analyzer,SPORTS,4.4,2020
Live Golf Scores - US & European Golf,SPORTS,4.2,798
Golfshot: Golf GPS + Tee Times,SPORTS,4.3,7543
PGA TOUR LIVE,SPORTS,3.4,1845
Golf GPS Rangefinder: Golf Pad,SPORTS,4.6,13098
Mobitee GPS Golf Free,SPORTS,4.2,1904
GolfLogix GPS + Putt Breaks,SPORTS,4.0,11085
Golfshot Plus: Golf GPS,SPORTS,4.1,3387
PGA TOUR,SPORTS,4.0,11151
FanDuel: Daily Fantasy Sports,SPORTS,4.6,29673
Yahoo Fantasy Sports - #1 Rated Fantasy App,SPORTS,4.2,277904
DraftKings - Daily Fantasy Sports,SPORTS,4.5,50017
Fantasy Football Manager (FPL),SPORTS,4.4,63650
ESPN Fantasy Sports,SPORTS,4.0,176450
Fantasy Football,SPORTS,3.5,50179
ESPN,SPORTS,4.2,521140
US Open Tennis Championships 2018,SPORTS,4.0,9971
"Bleacher Report: sports news, scores, & highlights",SPORTS,4.4,122283
Live Tennis Rankings / LTR,SPORTS,4.8,1660
Tennis Livescore Widget,SPORTS,4.1,361
Tennis Temple - Live Scores,SPORTS,4.6,5305
"The Championships, Wimbledon 2018",SPORTS,4.3,24082
"theScore: Live Sports Scores, News, Stats & Videos",SPORTS,4.4,133833
"CBS Sports App - Scores, News, Stats & Watch Live",SPORTS,4.3,91033
Tennis 24 - tennis live scores,SPORTS,4.6,990
"Yahoo Sports - scores, stats, news, & highlights",SPORTS,4.5,32386
Tennis News and Scores,SPORTS,4.3,101
MLB At Bat,SPORTS,4.2,82883
MSN Sports - Scores & Schedule,SPORTS,4.5,35394
"FOX Sports: Live Streaming, Scores & News",SPORTS,4.0,28895
FotMob - Live Soccer Scores,SPORTS,4.7,410395
Sports Alerts - NFL edition,SPORTS,4.6,11549
NCAA March Madness Live,SPORTS,4.1,34123
NFL,SPORTS,4.1,459797
SportsManias Fantasy Team News,SPORTS,3.5,4057
Thuuz Sports,SPORTS,4.5,5517
NCAA Sports,SPORTS,3.9,4272
850 Sports News Digest,SPORTS,4.6,539
"FIFA - Tournaments, Soccer News & Live Scores",SPORTS,4.2,342912
365Scores - Live Scores,SPORTS,4.6,666521
Cricbuzz - Live Cricket Scores & News,SPORTS,4.5,838765
Fantasy Football & NFL News,SPORTS,4.5,2943
NBA,SPORTS,4.4,108318
BBC Sport,SPORTS,4.2,18679
NHL,SPORTS,4.0,68935
NASCAR MOBILE,SPORTS,4.2,80900
MLB Ballpark,SPORTS,3.9,5511
"Univision Deportes: Liga MX, MLS, Fútbol Live",SPORTS,4.2,75545
Real Basketball,SPORTS,4.5,1605267
"Expedia Hotels, Flights & Car Rental Travel Deals",TRAVEL_AND_LOCAL,4.1,136626
trivago: Hotels & Travel,TRAVEL_AND_LOCAL,4.2,219848
Hopper - Watch & Book Flights,TRAVEL_AND_LOCAL,4.4,52029
TripIt: Travel Organizer,TRAVEL_AND_LOCAL,4.4,49190
Trip by Skyscanner - City & Travel Guide,TRAVEL_AND_LOCAL,4.1,5150
CityMaps2Go Plan Trips Travel Guide Offline Maps,TRAVEL_AND_LOCAL,4.3,64713
"KAYAK Flights, Hotels & Cars",TRAVEL_AND_LOCAL,4.5,216388
Skyscanner,TRAVEL_AND_LOCAL,4.5,481545
World Travel Guide by Triposo,TRAVEL_AND_LOCAL,4.4,6012
Hotels.com: Book Hotel Rooms & Find Vacation Deals,TRAVEL_AND_LOCAL,4.5,260121
Booking.com Travel Deals,TRAVEL_AND_LOCAL,4.7,1830388
Hostelworld: Hostels & Cheap Hotels Travel App,TRAVEL_AND_LOCAL,4.4,17878
Google Trips - Travel Planner,TRAVEL_AND_LOCAL,4.1,26871
TripAdvisor Hotels Flights Restaurants Attractions,TRAVEL_AND_LOCAL,4.4,1162837
Airbnb,TRAVEL_AND_LOCAL,4.4,359403
Maps - Navigate & Explore,TRAVEL_AND_LOCAL,4.3,9235155
GPS Map Free,TRAVEL_AND_LOCAL,4.0,33782
Offline Maps & Navigation,TRAVEL_AND_LOCAL,4.7,192641
Google Earth,TRAVEL_AND_LOCAL,4.3,2338655
GasBuddy: Find Cheap Gas,TRAVEL_AND_LOCAL,4.6,751551
Southwest Airlines,TRAVEL_AND_LOCAL,3.9,24781
"AT&T Navigator: Maps, Traffic",TRAVEL_AND_LOCAL,3.6,32862
VZ Navigator,TRAVEL_AND_LOCAL,4.0,16101
KakaoMap - Map / Navigation,TRAVEL_AND_LOCAL,4.1,76779
Google Street View,TRAVEL_AND_LOCAL,4.2,2129689
AirAsia,TRAVEL_AND_LOCAL,3.9,98585
"Expedia Hotels, Flights & Car Rental Travel Deals",TRAVEL_AND_LOCAL,4.1,136633
Goibibo - Flight Hotel Bus Car IRCTC Booking App,TRAVEL_AND_LOCAL,4.3,459851
Allegiant,TRAVEL_AND_LOCAL,3.1,5572
Amtrak,TRAVEL_AND_LOCAL,3.7,16815
JAL (Domestic and international flights),TRAVEL_AND_LOCAL,3.4,2277
Flight & Hotel Booking App - ixigo,TRAVEL_AND_LOCAL,4.4,45562
VZ Navigator for Tablets,TRAVEL_AND_LOCAL,3.6,285
TripAdvisor Hotels Flights Restaurants Attractions,TRAVEL_AND_LOCAL,4.4,1162838
"HSL - Tickets, route planner and information",TRAVEL_AND_LOCAL,3.3,256
Wisepilot for XPERIA™,TRAVEL_AND_LOCAL,3.7,21443
VZ Navigator for Galaxy S4,TRAVEL_AND_LOCAL,3.0,2750
MAIN,TRAVEL_AND_LOCAL,3.6,7081
"Yoriza Pension - travel, lodging, pension, camping, caravan, pool villas accommodation discount",TRAVEL_AND_LOCAL,4.8,17882
Foursquare Swarm: Check In,TRAVEL_AND_LOCAL,3.9,421800
PagesJaunes - local search,TRAVEL_AND_LOCAL,3.8,43935
Flightradar24 Flight Tracker,TRAVEL_AND_LOCAL,4.3,171889
"Yatra - Flights, Hotels, Bus, Trains & Cabs",TRAVEL_AND_LOCAL,4.5,251037
SNCF,TRAVEL_AND_LOCAL,3.4,15750
Fly Delta,TRAVEL_AND_LOCAL,3.7,27560
Skyscanner,TRAVEL_AND_LOCAL,4.5,481546
Despegar.com Hotels and Flights,TRAVEL_AND_LOCAL,4.4,150932
Navigation Plus,TRAVEL_AND_LOCAL,4.1,928
2GIS: directory & navigator,TRAVEL_AND_LOCAL,4.5,768833
Poynt,TRAVEL_AND_LOCAL,4.0,26665
Gaode Map,TRAVEL_AND_LOCAL,3.9,13275
"Priceline Hotel Deals, Rental Cars & Flights",TRAVEL_AND_LOCAL,4.4,48930
TravelPirates,TRAVEL_AND_LOCAL,4.8,43054
Booking.com Travel Deals,TRAVEL_AND_LOCAL,4.7,1830387
Free Radar Detector,TRAVEL_AND_LOCAL,4.3,15680
American Airlines,TRAVEL_AND_LOCAL,3.7,16980
Where to travel - ticket. hotel. train ticket. car ticket. travel. tickets,TRAVEL_AND_LOCAL,4.2,5112
United Airlines,TRAVEL_AND_LOCAL,3.5,30447
NTES,TRAVEL_AND_LOCAL,4.3,165299
Where is my Train : Indian Railway & PNR Status,TRAVEL_AND_LOCAL,4.7,620534
MakeMyTrip-Flight Hotel Bus Cab IRCTC Rail Booking,TRAVEL_AND_LOCAL,4.3,599872
Restaurant Finder,TRAVEL_AND_LOCAL,4.1,12564
Zagat,TRAVEL_AND_LOCAL,3.1,2528
Gormey: Find Best Restaurants,TRAVEL_AND_LOCAL,4.3,34
Find Dining Restaurant Finder,TRAVEL_AND_LOCAL,4.1,427
Urbanspoon Restaurant Reviews,TRAVEL_AND_LOCAL,4.2,35560
"Yelp: Food, Shopping, Services Nearby",TRAVEL_AND_LOCAL,4.3,397422
Qatar Airways,TRAVEL_AND_LOCAL,4.3,11182
Hipmunk Hotels & Flights,TRAVEL_AND_LOCAL,4.3,16734
Skiplagged — Exclusive Flights & Hotels,TRAVEL_AND_LOCAL,4.6,10035
CWT To Go,TRAVEL_AND_LOCAL,4.4,20313
British Airways,TRAVEL_AND_LOCAL,4.2,25740
Cheap Flights & Hotels momondo,TRAVEL_AND_LOCAL,4.2,42546
"CheapTickets – Hotels, Flights & Travel Deals",TRAVEL_AND_LOCAL,4.4,6925
JetBlue,TRAVEL_AND_LOCAL,4.4,24281
Hopper - Watch & Book Flights,TRAVEL_AND_LOCAL,4.4,52028
Flights,TRAVEL_AND_LOCAL,4.4,18039
The Emirates App,TRAVEL_AND_LOCAL,4.4,22748
Cheapflights – Flight Search,TRAVEL_AND_LOCAL,4.4,47780
KLM - Royal Dutch Airlines,TRAVEL_AND_LOCAL,3.7,7705
"Orbitz - Hotels, Flights & Package Deals",TRAVEL_AND_LOCAL,4.4,33256
Lufthansa,TRAVEL_AND_LOCAL,3.6,14544
easyJet: Travel App,TRAVEL_AND_LOCAL,4.4,134895
IndiGo,TRAVEL_AND_LOCAL,4.0,48082
LateRooms: Find Hotel Deals,TRAVEL_AND_LOCAL,4.1,2419
Choice Hotels,TRAVEL_AND_LOCAL,4.4,17915
Couchsurfing Travel App,TRAVEL_AND_LOCAL,4.4,61776
Hotwire Hotel & Car Rental App,TRAVEL_AND_LOCAL,4.3,10323
HOTEL DEALS,TRAVEL_AND_LOCAL,4.2,1609
HomeAway Vacation Rentals,TRAVEL_AND_LOCAL,4.3,30403
IHG®: Hotel Deals & Rewards,TRAVEL_AND_LOCAL,4.3,18622
SPG: Starwood Hotels & Resorts,TRAVEL_AND_LOCAL,4.2,8258
Hotels.com: Book Hotel Rooms & Find Vacation Deals,TRAVEL_AND_LOCAL,4.5,260133
HotelTonight: Book amazing deals at great hotels,TRAVEL_AND_LOCAL,4.4,57573
Airbnb,TRAVEL_AND_LOCAL,4.4,359560
Hotels Combined - Cheap deals,TRAVEL_AND_LOCAL,4.1,17202
Agoda – Hotel Booking Deals,TRAVEL_AND_LOCAL,4.6,263525
Turo - Better Than Car Rental,TRAVEL_AND_LOCAL,4.4,14114
Ascape VR: 360° Virtual Travel,TRAVEL_AND_LOCAL,4.1,890
Cheap hotel deals and discounts — Hotellook,TRAVEL_AND_LOCAL,4.5,7153
Maps - Navigate & Explore,TRAVEL_AND_LOCAL,4.3,9235373
GPS Status & Toolbox,TRAVEL_AND_LOCAL,4.5,149723
Airport + Flight Tracker Radar,TRAVEL_AND_LOCAL,4.2,6762
Scout GPS Navigation & Meet Up,TRAVEL_AND_LOCAL,4.2,120373
Street Panorama View,TRAVEL_AND_LOCAL,4.2,40225
Geo Tracker - GPS tracker,TRAVEL_AND_LOCAL,4.5,42849
DreamTrips,TRAVEL_AND_LOCAL,4.7,9971
Navmii GPS USA (Navfree),TRAVEL_AND_LOCAL,4.0,5960
Sygic Truck GPS Navigation,TRAVEL_AND_LOCAL,4.2,18294
Google Street View,TRAVEL_AND_LOCAL,4.2,2129707
Moto File Manager,TOOLS,4.1,38655
Google,TOOLS,4.4,8033493
Google Translate,TOOLS,4.4,5745093
Moto Display,TOOLS,4.2,18239
Motorola Alert,TOOLS,4.2,24199
Motorola Assist,TOOLS,4.1,37333
Cache Cleaner-DU Speed Booster (booster & cleaner),TOOLS,4.5,12759663
Moto Suggestions ™,TOOLS,4.6,308
Moto Voice,TOOLS,4.1,33216
Calculator,TOOLS,4.3,40770
Device Help,TOOLS,4.2,28860
Account Manager,TOOLS,4.1,76604
myMetro,TOOLS,4.0,26189
File Manager,TOOLS,4.6,739329
My Telcel,TOOLS,3.1,45838
"Calculator - free calculator, multi calculator app",TOOLS,4.6,25592
ASUS Sound Recorder,TOOLS,4.5,34126
iWnn IME for Nexus,TOOLS,3.2,2394
Samsung Max - Data Savings & Privacy Protection,TOOLS,4.3,330468
Android TV Remote Service,TOOLS,4.213205479452055,1
ZenUI Help,TOOLS,4.6,136874
"Calculator - free calculator ,multi calculator app",TOOLS,4.4,1236
SHAREit - Transfer & Share,TOOLS,4.6,7790693
"ZenUI Keyboard – Emoji, Theme",TOOLS,4.5,537554
Files Go by Google: Free up space on your phone,TOOLS,4.6,315585
SD card backup,TOOLS,4.213205479452055,142
Nokia mobile support,TOOLS,4.4,12215
File Manager -- Take Command of Your Files Easily,TOOLS,4.2,127223
Samsung Calculator,TOOLS,4.4,9602
Clear,TOOLS,3.1,24151
Phone,TOOLS,3.6,45483
HTC Lock Screen,TOOLS,4.1,28250
Gboard - the Google Keyboard,TOOLS,4.2,1859115
Google Korean Input,TOOLS,3.5,74819
AT&T Smart Wi-Fi,TOOLS,3.9,18513
Google app for Android TV,TOOLS,3.0,66
Sound Recorder: Recorder & Voice Changer Free,TOOLS,3.9,14552
Remote Link (PC Remote),TOOLS,4.5,87055
HTC Sense Input,TOOLS,3.4,17030
Share Music & Transfer Files - Xender,TOOLS,4.4,1280423
App vault,TOOLS,3.4,25094
TouchPal Keyboard for vivo,TOOLS,4.3,357
Google Assistant Go,TOOLS,3.7,315
My love,TOOLS,3.5,163997
DuraSpeed,TOOLS,3.8,5431
HTC Sense Input-LV,TOOLS,3.6,59
HTC Sense Input-CA,TOOLS,3.1,124
HTC Sense Input-AR,TOOLS,3.8,1420
Digital Alarm Clock,TOOLS,4.2,118439
Alarm Clock Free,TOOLS,4.0,59973
Puzzle Alarm Clock ⏰,TOOLS,4.3,32111
Alarm Clock,TOOLS,4.3,114788
I Can't Wake Up! Alarm Clock,TOOLS,4.5,70404
High-Powered Flashlight,TOOLS,4.5,429580
Brightest Flashlight - LED Light,TOOLS,4.5,876866
LED Flashlight,TOOLS,4.4,207706
Tiny Flashlight + LED,TOOLS,4.4,4254879
Flashlight & LED Torch,TOOLS,4.3,111507
Color Flashlight,TOOLS,4.2,472904
Flashlight,TOOLS,4.7,115409
"CM Flashlight (Compass, SOS)",TOOLS,4.4,166367
Flashlight HD LED,TOOLS,4.3,618918
Flashlight - Torch LED Light,TOOLS,4.4,192661
Super Flashlight + LED,TOOLS,4.3,54207
Brightest LED Flashlight,TOOLS,4.5,60571
Brightest Flashlight Free ®,TOOLS,4.7,1335799
Fraction Calculator Plus Free,TOOLS,4.5,148506
Calculator Plus Free,TOOLS,4.6,679912
CALCU™ Stylish Calculator Free,TOOLS,4.7,152692
Mobi Calculator free & AD free!,TOOLS,4.6,77311
Calculator with Percent (Free),TOOLS,4.8,48211
Graphing Calculator,TOOLS,3.9,12388
Unit Converter,TOOLS,4.5,85387
Calculator ++,TOOLS,4.6,33509
MyScript Calculator,TOOLS,4.5,342336
ConvertPad - Unit Converter,TOOLS,4.4,90831
Unit Converter Pro,TOOLS,4.5,12718
Classic Calculator,TOOLS,4.0,85659
Scientific Calculator Free,TOOLS,4.3,16395
weight conversion calculator,TOOLS,4.0,807
Age Calculator,TOOLS,4.4,24265
EzCalculator,TOOLS,4.1,1657
SuperVPN Free VPN Client,TOOLS,4.3,576454
Hideman VPN,TOOLS,4.1,88675
Fast Secure VPN,TOOLS,4.3,56848
Free & Premium VPN - FinchVPN,TOOLS,4.2,19096
Hotspot Shield Free VPN Proxy & Wi-Fi Security,TOOLS,4.2,1116393
OpenVPN Connect – Fast & Safe SSL VPN Client,TOOLS,4.2,154578
"VPN - Fast, Secure & Unlimited WiFi with VyprVPN",TOOLS,4.2,40676
FREEDOME VPN Unlimited anonymous Wifi Security,TOOLS,4.3,39833
SurfEasy Secure Android VPN,TOOLS,4.5,273283
TunnelBear VPN,TOOLS,4.4,139480
VPN Free - Betternet Hotspot VPN & Private Browser,TOOLS,4.5,801054
Gboard - the Google Keyboard,TOOLS,4.2,1859109
Smart Keyboard Trial,TOOLS,4.1,65597
"Emoji keyboard - Cute Emoticons, GIF, Stickers",TOOLS,4.4,1107320
"GO Keyboard - Cute Emojis, Themes and GIFs",TOOLS,4.5,4594198
Google Handwriting Input,TOOLS,4.3,94427
Wifi Analyzer,TOOLS,4.4,335115
Network Signal Info,TOOLS,4.1,33926
Speedtest by Ookla,TOOLS,4.4,1028794
osmino Wi-Fi: free WiFi,TOOLS,4.2,134203
WiFi Overview 360,TOOLS,4.1,15693
Speedcheck,TOOLS,4.6,48979
Internet Speed Meter Lite,TOOLS,4.5,410303
Wifi Inspector,TOOLS,4.3,63712
WiFi Automatic,TOOLS,4.1,10595
NETGEAR WiFi Analytics,TOOLS,4.1,9496
Keypad Lock Screen,TOOLS,4.2,428581
photo keypad lockscreen,TOOLS,4.1,225544
CM Locker - Security Lockscreen,TOOLS,4.6,3090727
Solo Locker (DIY Locker),TOOLS,4.5,474439
Lock Screen,TOOLS,4.0,41137
ZERO Lock Screen,TOOLS,3.5,75336
AppLock - Fingerprint,TOOLS,4.4,745245
Applock,TOOLS,4.4,4934130
Smart AppLock (App Protect),TOOLS,4.4,137562
Screen Off and Lock,TOOLS,4.1,172990
Screen Lock,TOOLS,4.2,68309
Nova Launcher,PERSONALIZATION,4.6,1121805
Funny Ringtones,PERSONALIZATION,4.4,7146
ZEDGE™ Ringtones & Wallpapers,PERSONALIZATION,4.6,6466641
"XOS - Launcher,Theme,Wallpaper",PERSONALIZATION,4.6,49657
3D Live Neon Weed Launcher,PERSONALIZATION,4.5,1724
Evie Launcher,PERSONALIZATION,4.7,139258
Golden Launcher,PERSONALIZATION,4.4,32794
Launcher,PERSONALIZATION,4.5,102923
"CM Launcher 3D - Theme, Wallpapers, Efficient",PERSONALIZATION,4.6,6702776
4K Wallpapers and Ultra HD Backgrounds,PERSONALIZATION,4.6,7583
OnePlus Launcher,PERSONALIZATION,4.0,24215
Birds Sounds Ringtones & Wallpapers,PERSONALIZATION,4.6,5073
Funny Alarm Clock Ringtones,PERSONALIZATION,4.5,15633
ZenUI Launcher,PERSONALIZATION,4.7,1141545
"Color Call - Caller Screen, LED Flash",PERSONALIZATION,4.7,29485
New Launcher 2018,PERSONALIZATION,4.4,142393
Diamond Zipper Lock Screen,PERSONALIZATION,4.3,71688
"Emoji Keyboard - Cute Emoji,GIF, Sticker, Emoticon",PERSONALIZATION,4.7,114851
3D Blue Glass Water Keyboard Theme,PERSONALIZATION,4.1,62209
Backgrounds (HD Wallpapers),PERSONALIZATION,4.7,202474
Smart Launcher 5,PERSONALIZATION,4.4,512102
New 2018 Keyboard,PERSONALIZATION,4.6,298321
"APUS Launcher - Theme, Wallpaper, Hide Apps",PERSONALIZATION,4.5,5783441
ZenUI Themes – Stylish Themes,PERSONALIZATION,4.4,47393
"Keyboard - wallpapers , photos",PERSONALIZATION,4.4,55525
Lovely Cute Pink Kitty Cat Keyboard Theme,PERSONALIZATION,4.3,2267
Apex Launcher,PERSONALIZATION,4.3,266401
Microsoft Launcher,PERSONALIZATION,4.6,649568
Goku Wallpaper Art,PERSONALIZATION,4.7,6342
Door Lock Screen,PERSONALIZATION,4.3,5413
Yandex Browser with Protect,PERSONALIZATION,4.5,1237135
Cute wallpapers & kawaii backgrounds images,PERSONALIZATION,4.6,4724
ASUS Cover for ZenFone 2,PERSONALIZATION,4.4,43960
"Hola Launcher- Theme,Wallpaper",PERSONALIZATION,4.5,3277209
OnePlus Icon Pack - Square,PERSONALIZATION,4.7,229
Live 3D Neon Blue Love Heart Keyboard Theme,PERSONALIZATION,4.3,6626
Pink Diamond Princess Keyboard Theme,PERSONALIZATION,3.7,10796
"Wallpapers HD, 4K Backgrounds",PERSONALIZATION,4.7,273994
Photo Lock App - Hide Pictures & Videos,PERSONALIZATION,4.5,29203
Romantic Love Photo Frames,PERSONALIZATION,4.4,18918
Colorful Glitter Neon Butterfly Keyboard Theme,PERSONALIZATION,4.3,2056
OnePlus Icon Pack,PERSONALIZATION,4.8,440
Water Garden Live Wallpaper,PERSONALIZATION,4.6,66453
Water Droplets Keyboard Theme,PERSONALIZATION,4.1,398
"FUN Keyboard – Emoji Keyboard, Sticker,Theme & GIF",PERSONALIZATION,4.7,12089
Freeme Launcher—Stylish Theme,PERSONALIZATION,4.1,2828
Ringtones & Wallpapers for Me,PERSONALIZATION,4.2,89342
Ringtone Maker,PERSONALIZATION,4.3,495905
Retro Clock Widget,PERSONALIZATION,4.2,86743
Zooper Widget,PERSONALIZATION,4.0,30498
Beautiful Widgets Pro,PERSONALIZATION,4.2,97890
Beautiful Widgets Free,PERSONALIZATION,3.9,25037
HD Widgets,PERSONALIZATION,4.3,58617
DashClock Widget,PERSONALIZATION,4.1,62301
Fancy Widgets,PERSONALIZATION,4.2,37237
Kairo XP (for HD Widgets),PERSONALIZATION,4.4,1591
icon wallpaper dressup💞CocoPPa,PERSONALIZATION,4.3,595120
The real aquarium - HD,PERSONALIZATION,4.3,100130
Best Wallpapers QHD,PERSONALIZATION,4.4,294701
Dog Licks Screen Wallpaper,PERSONALIZATION,4.3,63624
Waterfall Live Wallpaper,PERSONALIZATION,4.1,112977
Galaxy Live Wallpaper,PERSONALIZATION,4.2,58052
Northern Lights FREE (Aurora),PERSONALIZATION,4.1,12180
Flowers Live Wallpaper,PERSONALIZATION,4.1,118459
Petals 3D live wallpaper,PERSONALIZATION,4.2,112479
Galactic Core Free Wallpaper,PERSONALIZATION,4.1,69417
LINE Launcher,PERSONALIZATION,4.4,733838
Asteroids 3D live wallpaper,PERSONALIZATION,4.1,157495
Sun Rise Free Live Wallpaper,PERSONALIZATION,4.3,86481
Wallpapers HD,PERSONALIZATION,4.6,484981
Tiger Live Wallpaper,PERSONALIZATION,4.1,77724
Backgrounds HD (Wallpapers),PERSONALIZATION,4.6,2390185
Pink Roses Live Wallpaper,PERSONALIZATION,4.2,33074
Butterfly Live Wallpaper,PERSONALIZATION,4.1,35771
Koi Free Live Wallpaper,PERSONALIZATION,4.2,290241
Wallpaper,PERSONALIZATION,4.5,69488
Wolves Live Wallpaper,PERSONALIZATION,4.3,10401
Horses Live Wallpaper,PERSONALIZATION,4.2,28806
Tropical Beach Live Wallpaper,PERSONALIZATION,4.0,11343
Glowing Flowers Live Wallpaper,PERSONALIZATION,4.2,66730
Dolphins Live Wallpaper,PERSONALIZATION,4.2,25807
Apex Launcher,PERSONALIZATION,4.3,266402
Smart Launcher 5,PERSONALIZATION,4.4,512106
Buzz Launcher-Smart&Free Theme,PERSONALIZATION,4.4,251616
Yandex.Shell (Launcher+Dialer),PERSONALIZATION,4.4,87300
ADW Launcher 2,PERSONALIZATION,4.3,181399
BIG Launcher,PERSONALIZATION,4.3,881
Smart Launcher Pro 3,PERSONALIZATION,4.6,40704
"iKeyboard - emoji, emoticons",PERSONALIZATION,4.5,624924
Simple Neon Blue Future Tech Keyboard Theme,PERSONALIZATION,4.1,51145
ai.type Free Emoji Keyboard,PERSONALIZATION,4.3,647844
"GO Keyboard - Emoticon keyboard, Free Theme, GIF",PERSONALIZATION,4.4,2591941
TouchPal Purple Butterfly Theme,PERSONALIZATION,4.2,7435
2018Emoji Keyboard 😂 Emoticons Lite -sticker&gif,PERSONALIZATION,4.2,115773
Lavender Emoji Keyboard Theme,PERSONALIZATION,4.1,12008
Microsoft Word,PRODUCTIVITY,4.5,2084126
"All-In-One Toolbox: Cleaner, Booster, App Manager",PRODUCTIVITY,4.7,536926
Adobe Acrobat Reader,PRODUCTIVITY,4.3,3016297
"AVG Cleaner – Speed, Battery & Memory Booster",PRODUCTIVITY,4.4,1188154
Google Drive,PRODUCTIVITY,4.4,2731171
QR Scanner & Barcode Scanner 2018,PRODUCTIVITY,3.8,8226
Chrome Beta,PRODUCTIVITY,4.4,228794
Microsoft Outlook,PRODUCTIVITY,4.3,3252896
Google PDF Viewer,PRODUCTIVITY,4.2,226456
Microsoft Excel,PRODUCTIVITY,4.5,1079491
My Claro Peru,PRODUCTIVITY,3.2,11200
Power Booster - Junk Cleaner & CPU Cooler & Boost,PRODUCTIVITY,4.5,9653
Google Assistant,PRODUCTIVITY,4.2,58675
Microsoft OneDrive,PRODUCTIVITY,4.4,1038306
Calculator - unit converter,PRODUCTIVITY,4.7,287250
Microsoft OneNote,PRODUCTIVITY,4.4,480643
Metro name iD,PRODUCTIVITY,4.0,27800
Google Keep,PRODUCTIVITY,4.4,691474
Archos File Manager,PRODUCTIVITY,4.0,2131
ES File Explorer File Manager,PRODUCTIVITY,4.6,5383985
ASUS SuperNote,PRODUCTIVITY,4.5,26559
HTC File Manager,PRODUCTIVITY,4.2,13500
MyMTN,PRODUCTIVITY,4.0,8550
Dropbox,PRODUCTIVITY,4.4,1861310
ASUS Quick Memo,PRODUCTIVITY,4.5,23089
HTC Calendar,PRODUCTIVITY,3.9,6949
Google Calendar,PRODUCTIVITY,4.2,858208
Google Docs,PRODUCTIVITY,4.3,815981
ASUS Calling Screen,PRODUCTIVITY,4.2,102451
lifebox,PRODUCTIVITY,4.2,56403
Yandex.Disk,PRODUCTIVITY,4.4,115072
Content Transfer,PRODUCTIVITY,4.7,19302
"Evernote – Organizer, Planner for Notes & Memos",PRODUCTIVITY,4.6,1488396
HTC Mail,PRODUCTIVITY,3.1,6572
Advanced Task Killer,PRODUCTIVITY,4.4,577059
MyVodafone (India) - Online Recharge & Pay Bills,PRODUCTIVITY,4.1,1092367
Microsoft PowerPoint,PRODUCTIVITY,4.5,618798
Microsoft Translator,PRODUCTIVITY,4.6,209696
"My Airtel-Online Recharge, Pay Bill, Wallet, UPI",PRODUCTIVITY,4.3,1498393
Samsung Notes,PRODUCTIVITY,3.9,15368
Do It Later: Tasks & To-Dos,PRODUCTIVITY,4.5,123412
Verizon Cloud,PRODUCTIVITY,4.3,185632
myAT&T,PRODUCTIVITY,3.7,80847
SwiftKey Keyboard,PRODUCTIVITY,4.5,2764964
Hacker's Keyboard,PRODUCTIVITY,4.4,41418
MEGA,PRODUCTIVITY,4.0,549973
Security & Privacy,PRODUCTIVITY,4.0,212
7 Weeks - Habit & Goal Tracker,PRODUCTIVITY,4.4,6011
Loop - Habit Tracker,PRODUCTIVITY,4.7,17955
"TickTick: To Do List with Reminder, Day Planner",PRODUCTIVITY,4.6,25370
Keeper: Free Password Manager & Secure Vault,PRODUCTIVITY,4.2,74146
Pushbullet - SMS on PC,PRODUCTIVITY,4.5,176873
Wunderlist: To-Do List & Tasks,PRODUCTIVITY,4.6,404617
Planner Pro-Personal Organizer,PRODUCTIVITY,4.0,10270
Todoist: To-do lists for task management & errands,PRODUCTIVITY,4.5,155999
Cozi Family Organizer,PRODUCTIVITY,4.4,56713
IFTTT,PRODUCTIVITY,4.3,117255
"Any.do: To-do list, Calendar, Reminders & Planner",PRODUCTIVITY,4.5,298843
Trello,PRODUCTIVITY,4.5,72513
Easy Voice Recorder,PRODUCTIVITY,4.4,205191
Dashlane Free Password Manager,PRODUCTIVITY,4.6,73695
CM FILE MANAGER HD,PRODUCTIVITY,4.3,144879
ES File Explorer File Manager,PRODUCTIVITY,4.6,5383971
Solid Explorer Classic,PRODUCTIVITY,4.5,49794
File Browser by Astro (File Manager),PRODUCTIVITY,4.3,609182
File Explorer,PRODUCTIVITY,4.1,979
The Maner,PRODUCTIVITY,4.2,53015
AndroZip™ FREE File Manager,PRODUCTIVITY,4.2,277794
Solid Explorer File Manager,PRODUCTIVITY,4.6,67523
Smart File Manager,PRODUCTIVITY,4.2,17415
Microsoft Word,PRODUCTIVITY,4.5,2084125
Google Drive,PRODUCTIVITY,4.4,2731211
Adobe Acrobat Reader,PRODUCTIVITY,4.3,3016305
Google Sheets,PRODUCTIVITY,4.3,496399
Microsoft Excel,PRODUCTIVITY,4.5,1079616
Google Docs,PRODUCTIVITY,4.3,815974
"Polaris Office - Word, Docs, Sheets, Slide, PDF",PRODUCTIVITY,4.3,549900
Microsoft PowerPoint,PRODUCTIVITY,4.5,618796
"WPS Office - Word, Docs, PDF, Note, Slide & Sheet",PRODUCTIVITY,4.5,1508137
Microsoft OneNote,PRODUCTIVITY,4.4,480640
Google Calendar,PRODUCTIVITY,4.2,858227
Google Slides,PRODUCTIVITY,4.2,244567
ColorNote Notepad Notes,PRODUCTIVITY,4.6,2401017
Note Everything,PRODUCTIVITY,4.4,57033
Simple Notepad,PRODUCTIVITY,4.3,12321
Keep My Notes - Notepad & Memo,PRODUCTIVITY,4.6,122424
Sticky Note + : Sync Notes,PRODUCTIVITY,4.2,21507
Notepad,PRODUCTIVITY,4.2,80581
Squid - Take Notes & Markup PDFs,PRODUCTIVITY,4.2,37204
Ultimate Notepad,PRODUCTIVITY,4.0,10643
Notepad & To do list,PRODUCTIVITY,4.3,226295
"JotterPad - Writer, Screenplay, Novel",PRODUCTIVITY,4.6,57904
Wunderlist: To-Do List & Tasks,PRODUCTIVITY,4.6,404610
"Evernote – Organizer, Planner for Notes & Memos",PRODUCTIVITY,4.6,1488397
"Any.do: To-do list, Calendar, Reminders & Planner",PRODUCTIVITY,4.5,298854
Microsoft OneNote,PRODUCTIVITY,4.4,480638
Planning Center Services,PRODUCTIVITY,4.3,5157
Calendar+ Schedule Planner App,PRODUCTIVITY,4.0,8985
Today Calendar 2017,PRODUCTIVITY,4.2,16349
To-Do Calendar Planner,PRODUCTIVITY,4.2,30291
New Calendar,PRODUCTIVITY,4.5,25985
Calendar Widget Month + Agenda,PRODUCTIVITY,4.2,60840
DigiCal Calendar Agenda,PRODUCTIVITY,4.4,133573
Time Recording - Timesheet App,PRODUCTIVITY,4.6,23393
Jorte Calendar & Organizer,PRODUCTIVITY,4.3,198051
Business Calendar 2,PRODUCTIVITY,4.6,102594
Google Calendar,PRODUCTIVITY,4.2,858230
aCalendar - Android Phone,PRODUCTIVITY,4.4,80119
aCalendar+ Calendar & Tasks,PRODUCTIVITY,4.6,26919
G Cloud Backup,PRODUCTIVITY,4.6,267189
Microsoft OneDrive,PRODUCTIVITY,4.4,1038303
Unclouded - Cloud Manager,PRODUCTIVITY,4.1,6850
Dropbox,PRODUCTIVITY,4.4,1861309
Amazon Drive,PRODUCTIVITY,4.4,18669
SugarSync,PRODUCTIVITY,4.1,16420
pCloud: Free Cloud Storage,PRODUCTIVITY,4.3,16149
MediaFire,PRODUCTIVITY,4.1,71432
Cloud Print,PRODUCTIVITY,4.1,282460
Baby Names,PARENTING,4.5,86
My baby Piano,PARENTING,3.9,17941
Zoo For Preschool Kids 3-9 Years,PARENTING,4.213205479452055,76
My baby Game (Balloon POP!),PARENTING,3.8,3614
Arabic Alphabets,PARENTING,4.213205479452055,34
Learn the letters and words,PARENTING,4.213205479452055,31
Development of the child up to a year,PARENTING,4.6,1413
Favorite children's songs,PARENTING,4.7,39
Ali Baba's Farm Tutorial Kids Games,PARENTING,4.213205479452055,36
Baby Panda Learns Shapes,PARENTING,4.0,3789
Learning English for children,PARENTING,4.213205479452055,67
Mozart Baby Sleep,PARENTING,4.7,107
Kids Videos,PARENTING,4.1,559
My baby firework,PARENTING,3.7,4976
We learn children's verses in kindergarten,PARENTING,4.213205479452055,3248
Baby Food - Homemade Recipes,PARENTING,4.1,44
My baby Phone,PARENTING,3.7,9293
Baby Sleep: White noise lullabies for newborns,PARENTING,4.6,62386
Arabic Chat - Chat,PARENTING,4.4,162
BookBaby - Baby Development,PARENTING,4.6,1002
Kids Craft Ideas,PARENTING,4.1,99
Child Growth Tracking,PARENTING,4.4,498
Family Album Mitene: Private Photo & Video Sharing,PARENTING,4.7,34336
Family GPS Tracker and Chat + Baby Monitor Online,PARENTING,4.4,9073
Educational Children's Songs,PARENTING,4.213205479452055,163
How do I take care of my child?,PARENTING,4.8,190
Baby Name Together,PARENTING,4.0,464
White Noise for Baby,PARENTING,4.9,717
Favorite Soviet cartoons,PARENTING,4.213205479452055,63
The first year of a baby's life,PARENTING,4.8,7505
Safe365 – Cell Phone GPS Locator For Your Family,PARENTING,4.4,11501
Listen to the story~The Story of the Fairy Tales,PARENTING,4.7,69
"Amazon FreeTime – Kids’ Videos, Books, & TV shows",PARENTING,4.2,2715
"Kids Fang - Infant Videos, Children's Songs, Fairy Tales, Lullaby Collections",PARENTING,4.6,349
PPS Online,PARENTING,4.6,37
Johny Johny Yes Papa Nursery Rhyme - offline Video,PARENTING,4.5,806
Latest Emmanuella Comedy Video,PARENTING,4.6,60
Baby Care & Tracker,PARENTING,4.1,319
Urban Limo Taxi Simulator,PARENTING,3.8,824
Rainbow - Journal & Activities,PARENTING,4.8,6668
Classical music for baby,PARENTING,4.8,1940
How do I care about my child?,PARENTING,4.213205479452055,34
My Child from eDziecko.pl,PARENTING,4.5,1025
Baby Panda Musical Genius,PARENTING,4.0,3346
Baby Monitor,PARENTING,4.4,5343
Daniel Tiger for Parents,PARENTING,4.7,247
Voice Tables - no internet,PARENTING,4.213205479452055,970
Vegetable Fun,PARENTING,3.9,3182
It's open.,PARENTING,4.4,1528
Children's Stories 2018 - The Lion Come Lion,PARENTING,4.4,39
Feed Baby - Baby Tracker,PARENTING,4.5,76795
The Weather Channel: Rain Forecast & Storm Alerts,WEATHER,4.4,1558437
Weather forecast,WEATHER,4.8,159455
AccuWeather: Daily Forecast & Live Weather Reports,WEATHER,4.4,2053404
Live Weather Pro,WEATHER,4.8,892
"Weather by WeatherBug: Forecast, Radar & Alerts",WEATHER,4.5,981995
weather - weather forecast,WEATHER,4.7,11118
MyRadar NOAA Weather Radar,WEATHER,4.5,178934
SMHI Weather,WEATHER,3.5,11297
Free live weather on screen,WEATHER,4.4,15370
Weather Radar Widget,WEATHER,4.3,18194
Weather –Simple weather forecast,WEATHER,4.4,40606
Weather Crave,WEATHER,4.2,133338
Klara weather,WEATHER,4.6,36900
Yahoo Weather,WEATHER,4.4,1312037
Real time Weather Forecast,WEATHER,4.4,4184
METEO FRANCE,WEATHER,3.9,100994
APE Weather ( Live Forecast),WEATHER,4.3,20008
Live Weather & Daily Local Weather Forecast,WEATHER,4.5,13426
Weather,WEATHER,4.2,18773
Rainfall radar - weather,WEATHER,3.7,26941
Yahoo! Weather for SH Forecast for understanding the approach of rain clouds Free,WEATHER,4.2,7457
The Weather Network,WEATHER,3.9,135337
Klart.se - Sweden's best weather,WEATHER,3.6,7623
"GO Weather - Widget, Theme, Wallpaper, Efficient",WEATHER,4.5,1422858
Info BMKG,WEATHER,4.3,21404
Weather From DMI/YR,WEATHER,4.3,2143
wetter.com - Weather and Radar,WEATHER,4.2,189313
Storm Radar: Tornado Tracker & Hurricane Alerts,WEATHER,4.6,89868
Yandex.Weather,WEATHER,4.5,309617
Local Weather Forecast & Visual Widget,WEATHER,4.5,3478
Wetter by t-online.de,WEATHER,4.2,24349
HTC Weather,WEATHER,3.9,22154
Weather Live Pro,WEATHER,4.8,17493
AEMET's time,WEATHER,3.8,15966
New 2018 Weather App & Widget,WEATHER,4.5,2332
Météociel,WEATHER,4.5,29344
Weather by eltiempo.es,WEATHER,4.2,67772
Climatempo Lite - 15 day weather forecast,WEATHER,4.0,634
ForecaWeather,WEATHER,4.2,18425
YouTube,VIDEO_PLAYERS,4.3,25655305
All Video Downloader 2018,VIDEO_PLAYERS,4.3,7557
Video Downloader,VIDEO_PLAYERS,4.2,59089
HD Video Player,VIDEO_PLAYERS,4.3,1551
Iqiyi (for tablet),VIDEO_PLAYERS,3.6,12764
Motorola FM Radio,VIDEO_PLAYERS,3.9,54807
Video Player All Format,VIDEO_PLAYERS,4.8,259003
Motorola Gallery,VIDEO_PLAYERS,3.9,121916
Free TV series,VIDEO_PLAYERS,3.7,400
Video Player All Format for Android,VIDEO_PLAYERS,4.6,3930
VLC for Android,VIDEO_PLAYERS,4.4,1032076
Code,VIDEO_PLAYERS,4.4,239242
Vote for,VIDEO_PLAYERS,4.2,193381
XX HD Video downloader-Free Video Downloader,VIDEO_PLAYERS,4.1,7624
OBJECTIVE,VIDEO_PLAYERS,3.8,19738
Music - Mp3 Player,VIDEO_PLAYERS,4.4,259605
HD Movie Video Player,VIDEO_PLAYERS,4.5,18699
"YouCut - Video Editor & Video Maker, No Watermark",VIDEO_PLAYERS,4.6,98819
"Video Editor,Crop Video,Movie Video,Music,Effects",VIDEO_PLAYERS,4.7,53006
YouTube Studio,VIDEO_PLAYERS,4.3,436921
video player for android,VIDEO_PLAYERS,4.5,351168
Vigo Video,VIDEO_PLAYERS,4.3,1615596
Google Play Movies & TV,VIDEO_PLAYERS,3.7,906384
HTC Service － DLNA,VIDEO_PLAYERS,3.9,3484
VPlayer,VIDEO_PLAYERS,3.6,5639
MiniMovie - Free Video and Slideshow Editor,VIDEO_PLAYERS,4.5,504823
Samsung Video Library,VIDEO_PLAYERS,4.4,25922
OnePlus Gallery,VIDEO_PLAYERS,3.8,5555
LIKE – Magic Video Maker & Community,VIDEO_PLAYERS,4.6,921868
HTC Service—Video Player,VIDEO_PLAYERS,4.2,6449
Play Tube,VIDEO_PLAYERS,4.3,15874
Droid Zap by Motorola,VIDEO_PLAYERS,3.8,2093
video player,VIDEO_PLAYERS,4.4,26421
G Guide Program Guide (SOFTBANK EMOBILE WILLCOM version),VIDEO_PLAYERS,3.1,2689
Video.Guru - Video Maker,VIDEO_PLAYERS,4.6,36969
HTC Gallery,VIDEO_PLAYERS,4.1,45744
"PowerDirector Video Editor App: 4K, Slow Mo & More",VIDEO_PLAYERS,4.5,714665
Cartoon Network App,VIDEO_PLAYERS,4.0,119202
MX Player,VIDEO_PLAYERS,4.5,6474426
Video Status,VIDEO_PLAYERS,4.3,6685
Video Wallpaper Show,VIDEO_PLAYERS,4.213205479452055,0
SVT Play,VIDEO_PLAYERS,3.7,11549
BluTV,VIDEO_PLAYERS,3.9,28835
Tencent Video - Supporting the whole network,VIDEO_PLAYERS,3.5,13205
Casper Ssinema,VIDEO_PLAYERS,3.3,1261
amazer - Global Kpop Video Community,VIDEO_PLAYERS,4.3,1215
MX Player,VIDEO_PLAYERS,4.5,6474672
Video Editor,VIDEO_PLAYERS,4.1,159622
"Omlet Arcade - Stream, Meet, Play",VIDEO_PLAYERS,4.4,169965
VUE: video editor & camcorder,VIDEO_PLAYERS,4.4,38630
"Fox News – Breaking News, Live Video & News Alerts",NEWS_AND_MAGAZINES,4.5,249919
"NEW - Read Newspaper, News 24h",NEWS_AND_MAGAZINES,4.4,158196
BaBe + - Indonesian News,NEWS_AND_MAGAZINES,4.3,42624
daily News,NEWS_AND_MAGAZINES,4.5,26411
BBC News,NEWS_AND_MAGAZINES,4.3,296781
"Free TV Shows App:News, TV Series, Episode, Movies",NEWS_AND_MAGAZINES,4.6,29706
News24,NEWS_AND_MAGAZINES,4.1,30693
"Le Monde, the continuous news",NEWS_AND_MAGAZINES,4.2,83558
Wireless news,NEWS_AND_MAGAZINES,3.5,6066
CNN Breaking US & World News,NEWS_AND_MAGAZINES,4.0,293080
Gnoche entertainment news · sports news is also free,NEWS_AND_MAGAZINES,3.8,54256
BaBe - Read News,NEWS_AND_MAGAZINES,4.3,355921
Nigeria News NAIJ.com,NEWS_AND_MAGAZINES,4.3,37882
detikcom - Latest & Most Complete News,NEWS_AND_MAGAZINES,4.1,190888
"Dailyhunt (Newshunt) - Latest News, Viral Videos",NEWS_AND_MAGAZINES,4.3,948198
BaBe Lite - Read Quota Saving News,NEWS_AND_MAGAZINES,4.5,9548
ARY NEWS URDU,NEWS_AND_MAGAZINES,4.4,1071
Bengali Newspaper - The first L.,NEWS_AND_MAGAZINES,4.0,11908
"Read- Latest News, Information, Gossip and Politics",NEWS_AND_MAGAZINES,4.1,185058
"Reddit: Social News, Trending Memes & Funny Videos",NEWS_AND_MAGAZINES,4.6,697212
BBC Persian | BBC Farsi News,NEWS_AND_MAGAZINES,4.3,978
Google News,NEWS_AND_MAGAZINES,3.9,877635
Opera News - Trending news and videos,NEWS_AND_MAGAZINES,4.5,51684
"Topbuzz: Breaking News, Videos & Funny GIFs",NEWS_AND_MAGAZINES,4.7,175110
Twitter,NEWS_AND_MAGAZINES,4.3,11667403
"Pulse Nabd - World News, Urgent",NEWS_AND_MAGAZINES,4.5,357944
Asahi Shimbun Digital,NEWS_AND_MAGAZINES,3.1,735
"Breaking News, Local news, Attacks and Alerts Free",NEWS_AND_MAGAZINES,4.7,2543
WE,NEWS_AND_MAGAZINES,3.8,18818
Sky News,NEWS_AND_MAGAZINES,4.0,30287
Microsoft News,NEWS_AND_MAGAZINES,4.2,31504
"Onet - news, weather, sport",NEWS_AND_MAGAZINES,4.0,13950
"Vietnam Today - Read online newspapers, the hottest news 24h",NEWS_AND_MAGAZINES,4.2,21147
Apple Daily Apple News,NEWS_AND_MAGAZINES,3.4,41490
"The Report, Fox, Breitbart - Conservative News",NEWS_AND_MAGAZINES,4.6,2090
РИА Новости,NEWS_AND_MAGAZINES,4.5,44274
Tencent News,NEWS_AND_MAGAZINES,4.0,7006
ARY NEWS,NEWS_AND_MAGAZINES,4.4,2959
Kurio - Read the Latest News,NEWS_AND_MAGAZINES,4.2,40167
Daily Mail Online,NEWS_AND_MAGAZINES,4.1,56807
Flipboard: News For Our Time,NEWS_AND_MAGAZINES,4.4,1284017
Loop - Caribbean Local News,NEWS_AND_MAGAZINES,4.0,4332
"AD - News, Sports, Region & Entertainment",NEWS_AND_MAGAZINES,3.7,10382
Podcast Addict,NEWS_AND_MAGAZINES,4.6,413999
Podcast Republic - Podcast Player & Radio Player,NEWS_AND_MAGAZINES,4.5,66978
Podcast App: Free & Offline Podcasts by Player FM,NEWS_AND_MAGAZINES,4.6,66384
Spreaker Podcast Radio,NEWS_AND_MAGAZINES,4.5,17703
BeyondPod Podcast Manager,NEWS_AND_MAGAZINES,3.9,32121
Dezeen Magazine RSS Reader,NEWS_AND_MAGAZINES,4.3,350
"issuu - Read Magazines, Catalogs, Newspapers.",NEWS_AND_MAGAZINES,4.4,74425
"BuzzFeed: News, Tasty, Quizzes",NEWS_AND_MAGAZINES,4.3,131028
Fast News,NEWS_AND_MAGAZINES,4.4,84957
LA Times: Your California News,NEWS_AND_MAGAZINES,3.6,3311
The Washington Post Classic,NEWS_AND_MAGAZINES,4.5,23158
Chicago Tribune,NEWS_AND_MAGAZINES,3.6,1380
USA TODAY,NEWS_AND_MAGAZINES,4.1,49259
World Newspapers,NEWS_AND_MAGAZINES,4.4,185884
The Wall Street Journal: Business & Market News,NEWS_AND_MAGAZINES,4.1,40975
Financial Times,NEWS_AND_MAGAZINES,4.2,27104
The Guardian,NEWS_AND_MAGAZINES,4.7,247992
NYTimes - Latest News,NEWS_AND_MAGAZINES,3.9,63647
Digg,NEWS_AND_MAGAZINES,3.9,6105
News360: Personalized News,NEWS_AND_MAGAZINES,4.4,30722
RT News (Russia Today),NEWS_AND_MAGAZINES,4.6,56524
NPR News,NEWS_AND_MAGAZINES,4.0,24790
Reuters News,NEWS_AND_MAGAZINES,4.3,13169
Bloomberg: Market & Financial News,NEWS_AND_MAGAZINES,4.2,61692
Haystack TV: Local & World News - Free,NEWS_AND_MAGAZINES,4.3,3684
ABC News - US & World News,NEWS_AND_MAGAZINES,4.0,18976
NBC News,NEWS_AND_MAGAZINES,4.1,63020
Sync for reddit,NEWS_AND_MAGAZINES,4.6,62740
AP Mobile - Breaking News,NEWS_AND_MAGAZINES,4.5,76677
HuffPost - News,NEWS_AND_MAGAZINES,4.2,78154
News Republic,NEWS_AND_MAGAZINES,4.3,479594
Newsroom: News Worth Sharing,NEWS_AND_MAGAZINES,4.2,201737
SmartNews: Breaking News Headlines,NEWS_AND_MAGAZINES,4.2,233305
Updates for Samsung - Android Update Versions,NEWS_AND_MAGAZINES,4.0,80368
AC - Tips & News for Android™,NEWS_AND_MAGAZINES,4.2,23292
CBS News,NEWS_AND_MAGAZINES,4.3,23641
NPR One,NEWS_AND_MAGAZINES,3.9,13217
JailBase - Arrests + Mugshots,NEWS_AND_MAGAZINES,4.0,17240
Pocket,NEWS_AND_MAGAZINES,4.5,256680
"AOL - News, Mail & Video",NEWS_AND_MAGAZINES,4.1,62465
Google News,NEWS_AND_MAGAZINES,3.9,877643
BaconReader for Reddit,NEWS_AND_MAGAZINES,4.5,103074
Flipboard: News For Our Time,NEWS_AND_MAGAZINES,4.4,1284018
"Waze - GPS, Maps, Traffic Alerts & Live Navigation",MAPS_AND_NAVIGATION,4.6,7232629
"T map (te map, T map, navigation)",MAPS_AND_NAVIGATION,4.2,15681
"MapQuest: Directions, Maps, GPS & Navigation",MAPS_AND_NAVIGATION,4.1,53481
"Yahoo! transit guide free timetable, operation information, transfer search",MAPS_AND_NAVIGATION,4.4,104800
乗換NAVITIME　Timetable & Route Search in Japan Tokyo,MAPS_AND_NAVIGATION,4.4,50459
Transit: Real-Time Transit App,MAPS_AND_NAVIGATION,4.2,43269
Mapy.cz - Cycling & Hiking offline maps,MAPS_AND_NAVIGATION,4.5,56443
Uber,MAPS_AND_NAVIGATION,4.2,4928420
GPS Navigation & Offline Maps Sygic,MAPS_AND_NAVIGATION,4.4,1421884
Map and Router Badge,MAPS_AND_NAVIGATION,4.4,3652
Yandex.Transport,MAPS_AND_NAVIGATION,4.0,126282
Air Traffic,MAPS_AND_NAVIGATION,4.3,14110
Speed Cameras Radar,MAPS_AND_NAVIGATION,4.4,18710
Atlan3D Navigation: Korea navigator,MAPS_AND_NAVIGATION,4.2,22063
Compass,MAPS_AND_NAVIGATION,4.3,286454
"Mappy - Plan, route comparison, GPS",MAPS_AND_NAVIGATION,4.1,15922
Gps Route Finder,MAPS_AND_NAVIGATION,4.4,652
"My Location: GPS Maps, Share & Save Places",MAPS_AND_NAVIGATION,4.3,29768
"Yanosik: ""antyradar"", traffic jams, navigation, camera",MAPS_AND_NAVIGATION,4.4,102248
NAVITIME - Map & Transfer Navi,MAPS_AND_NAVIGATION,4.2,41225
Sygic Car Navigation,MAPS_AND_NAVIGATION,4.7,162049
Czech Public Transport IDOS,MAPS_AND_NAVIGATION,4.3,26014
Karta GPS - Offline Navigation,MAPS_AND_NAVIGATION,4.5,53562
Circle ratio,MAPS_AND_NAVIGATION,3.7,10562
Soviet Military Maps Free,MAPS_AND_NAVIGATION,4.3,21589
"Truck Car Navi by Navitime Large size car, traffic jam, traffic closure, live camera, typhoon / precipitation map",MAPS_AND_NAVIGATION,4.2,3682
Sentin Information Map,MAPS_AND_NAVIGATION,4.1,2909
Snapp,MAPS_AND_NAVIGATION,4.5,37937
GPS Speedometer and Odometer,MAPS_AND_NAVIGATION,4.8,15865
GPS Traffic Speedcam Route Planner by ViaMichelin,MAPS_AND_NAVIGATION,4.3,63920
Trucker Path – Truck Stops & Weigh Stations,MAPS_AND_NAVIGATION,4.7,38375
Map Coordinates,MAPS_AND_NAVIGATION,4.3,16657
Grab Driver,MAPS_AND_NAVIGATION,4.2,301413
SBB Mobile,MAPS_AND_NAVIGATION,3.7,20605
"GPS Speedometer, Distance Meter",MAPS_AND_NAVIGATION,4.6,16094
Blitzer.de,MAPS_AND_NAVIGATION,4.5,65590
GPS Speedometer - Trip Meter - Altimeter,MAPS_AND_NAVIGATION,4.3,32225
Radarbot Free: Speed Camera Detector & Speedometer,MAPS_AND_NAVIGATION,4.5,44348
FindShip,MAPS_AND_NAVIGATION,4.2,23279
ÖBB Scotty,MAPS_AND_NAVIGATION,4.2,12572
Subway Terminator: Smarter Subway,MAPS_AND_NAVIGATION,4.3,70556
Alopec - Online Shipping System,MAPS_AND_NAVIGATION,4.3,1240
Yandex.Trains,MAPS_AND_NAVIGATION,4.4,56471
NAVITIME Bus Transit JAPAN,MAPS_AND_NAVIGATION,3.7,6939
hum app,MAPS_AND_NAVIGATION,4.4,10218
Moovit: Bus Time & Train Time Live Info,MAPS_AND_NAVIGATION,4.4,617477
"Dynavix - Navigation, Maps, Traffic data & Cameras",MAPS_AND_NAVIGATION,4.2,1688
National Rail Enquiries,MAPS_AND_NAVIGATION,3.5,18857
ixigo Cabs-Compare & Book Taxi,MAPS_AND_NAVIGATION,4.2,11838
Maps & GPS Navigation — OsmAnd,MAPS_AND_NAVIGATION,4.2,60838
Snapchat,SOCIAL,4.0,17000166
Flashlight,TOOLS,4.5,162335
aa,FAMILY,4.2,886418
A Call From Santa Claus!,FAMILY,3.9,3720
Rope Hero Return of a Legend,GAME,4.3,9951
A Word A Day,FAMILY,3.7,2398
Draw a Stickman: EPIC 2 Free,GAME,4.3,213340
Akinator,FAMILY,4.3,1805398
Dog Sim Online: Raise a Family,FAMILY,4.6,94989
Pou,FAMILY,4.3,10483141
Agar.io,GAME,4.2,3815614
Color by Number - Draw Sandbox Pixel Art,FAMILY,4.6,10247
A+ Mobile,FINANCE,3.9,730
Angry Birds Classic,GAME,4.4,5565856
Build a Bridge!,FAMILY,4.6,263454
UNO ™ & Friends,GAME,4.1,1728557
Find a Way: Addictive Puzzle,FAMILY,4.8,39480
CompTIA A+ Pocket Prep,FAMILY,4.3,1311
My Talking Tom,FAMILY,4.5,14885236
Netflix,FAMILY,4.4,5453997
Comptia A+ 220-901 & 220-902,FAMILY,4.4,174
Create A Superhero HD,FAMILY,3.3,8642
Azar,COMMUNICATION,4.2,1092337
4 in a Row,GAME,3.8,4257
Bubble Shooter,GAME,4.5,43576
Adobe Acrobat Reader,PRODUCTIVITY,4.3,3014548
Subway Surfers,GAME,4.5,27711703
Super Mario Run,GAME,3.7,1221896
STARDOM: THE A-LIST,GAME,4.5,152658
LokLok: Draw on a Lock Screen,COMMUNICATION,4.1,14766
The Tribez: Build a Village,FAMILY,4.4,1852384
Photo Warp,FAMILY,3.7,353342
LEGO® Juniors Create & Cruise,FAMILY,4.1,672089
CompTIA Exam Training,FAMILY,4.8,3053
WhatsApp Messenger,COMMUNICATION,4.4,69109672
Magisto Video Editor & Maker,VIDEO_PLAYERS,4.3,960726
Glow Hockey,GAME,4.1,1703479
Google Translate,TOOLS,4.4,5741684
Pokémon GO,GAME,4.1,10421284
Instagram,SOCIAL,4.5,66509917
My Talking Angela,FAMILY,4.5,9876369
YouTube Kids,FAMILY,4.5,469851
Asphalt 8: Airborne,GAME,4.5,8389714
PAC-MAN,GAME,4.2,685450
Basketball Stars,SPORTS,4.4,867920
Colorfy: Coloring Book for Adults - Free,FAMILY,4.5,787107
Lep's World 2 🍀🍀,GAME,4.3,798522
Wolfify - Be a Werewolf,FAMILY,3.8,6760
Law of Creation: A Playable Manga,GAME,4.5,13118
Real City Car Driver,GAME,3.7,413609
Toca Kitchen 2,FAMILY,4.5,1013465
Rolling Sky,GAME,4.5,1117212
Amazon Shopping,SHOPPING,4.3,908525
Gymnastics Superstar - Spin your way to gold!,FAMILY,4.6,305765
Fake Call - Fake Caller ID,PRODUCTIVITY,4.3,154668
SuperCity: Build a Story,FAMILY,4.4,98324
Chick-fil-A,FOOD_AND_DRINK,4.3,27931
4 in a row,GAME,4.3,47698
YouTube,VIDEO_PLAYERS,4.3,25623548
Four In A Line Free,GAME,4.3,133195
Flow Free,FAMILY,4.3,1295293
Like A Boss,FAMILY,4.4,17069
AutoCAD - DWG Viewer & Editor,PRODUCTIVITY,4.2,145088
Hungry Hearts Diner: A Tale of Star-Crossed Souls,FAMILY,4.9,46253
Microsoft Word,PRODUCTIVITY,4.5,2078744
Dragon Sim Online: Be A Dragon,FAMILY,4.6,111741
Alto's Adventure,GAME,4.6,515240
Fortune City - A Finance App,FINANCE,4.6,49275
Draw A Stickman,GAME,3.4,29265
Be A Legend: Soccer,SPORTS,3.8,85763
Zombie Tsunami,GAME,4.4,4918776
Bible,BOOKS_AND_REFERENCE,4.7,2440695
Cat Sim Online: Play with Cats,FAMILY,4.6,137198
Facebook,SOCIAL,4.1,78128208
Four In A Line,GAME,3.8,22191
Tik Tok - including musical.ly,SOCIAL,4.4,5637451
B612 - Beauty & Filter Camera,PHOTOGRAPHY,4.4,5276983
Disney Magic Timer by Oral-B,FAMILY,3.9,31061
B-Messenger Video Chat,SOCIAL,4.1,12495
Bestie - Camera360 Selfie,PHOTOGRAPHY,4.5,512996
B,FINANCE,3.7,800
BIGO LIVE - Live Stream,SOCIAL,4.4,2349421
Block Craft 3D: Building Simulator Games For Free,FAMILY,4.5,944661
8 Ball Pool,SPORTS,4.5,14184910
B-BLE(BLE4.0 Scan),TOOLS,3.8,159
Cardi B Piano Game,GAME,3.1,50
VPN Free - Betternet Hotspot VPN & Private Browser,TOOLS,4.5,799206
ADS-B Driver,TOOLS,5.0,2
MORTAL KOMBAT X,GAME,4.4,3039889
B-17 Flying Fortress WWII LWP,PERSONALIZATION,4.213205479452055,7
► MultiCraft ― Free Miner! 👍,GAME,4.3,1305050
B.GOOD,FOOD_AND_DRINK,2.9,155
B-Dubs®,LIFESTYLE,3.1,3042
Oral-B App,HEALTH_AND_FITNESS,3.3,14210
Smart Launcher theme b. gold,PERSONALIZATION,4.1,291
Next Launcher 3D Theme Hit-B,PERSONALIZATION,4.4,83
Pixel Gun 3D: Survival shooter & Battle Royale,GAME,4.5,4487182
B-52 Spirits of Glory Deluxe,GAME,4.3,12
Servers Ultimate Pack B,TOOLS,4.3,668
EMT-B Pocket Prep,MEDICAL,4.5,2948
Air Transat CinePlus B,TRAVEL_AND_LOCAL,2.2,83
Hungry Shark Evolution,GAME,4.5,6071542
Perfect Piano,GAME,4.2,828489
Hay Day,FAMILY,4.5,10053186
Diary with lock,LIFESTYLE,4.6,815280
B-Grade Renegade,GAME,3.9,24
CARDI B WALLPAPERS,PERSONALIZATION,4.1,8
Plan B,MAPS_AND_NAVIGATION,3.3,19
Block! Hexa Puzzle™,FAMILY,4.5,472247
B Tiff Viewer,PHOTOGRAPHY,4.1,283
Cardi B Wallpaper,ART_AND_DESIGN,4.8,253
A & B Taxi,MAPS_AND_NAVIGATION,4.1,41
Cardi B HD Wallpapers Lock Screen,PERSONALIZATION,4.5,2
CURSUM B,GAME,4.213205479452055,30
Clash of Clans,FAMILY,4.6,44881447
Clash Royale,FAMILY,4.6,23125280
C Programming,FAMILY,4.3,22248
CppDroid - C/C++ IDE,FAMILY,4.1,29978
Learn C [NEW],FAMILY,4.5,349
Mobile C [ C/C++ Compiler ],FAMILY,4.3,4624
Critical Ops,GAME,4.4,1397944
C4droid - C/C++ compiler & IDE,FAMILY,4.7,2890
Candy Crush Saga,FAMILY,4.4,22419455
CL Mobile - Classifieds for Craigslist,SHOPPING,4.4,27275
Google Chrome: Fast & Secure,COMMUNICATION,4.3,9642112
C Locker Pro,PERSONALIZATION,4.2,1531
C Programs and Reference,BOOKS_AND_REFERENCE,4.2,873
Learn C++,FAMILY,4.6,73404
"C Launcher: Themes, Wallpapers, DIY, Smart, Clean",PERSONALIZATION,4.5,901110
C Programming Zone,FAMILY,4.6,1218
C Offline Tutorial,BOOKS_AND_REFERENCE,4.7,88
Neon Glow C - Icon Pack,PERSONALIZATION,4.8,557
All C Programs,FAMILY,4.7,2387
Clean Master- Space Cleaner & Antivirus,TOOLS,4.7,42916526
C by GE,LIFESTYLE,1.7,686
CPlus for Craigslist - Officially Licensed,LIFESTYLE,4.5,8096
Alt-C,PRODUCTIVITY,4.0,499
C-SPAN Radio,FAMILY,3.6,608
Bridge-C - Get More Storage,TOOLS,2.0,24
Community by C Space,LIFESTYLE,4.7,707
My C Spire,PRODUCTIVITY,4.1,376
learn c in hindi,FAMILY,4.3,109
Learn C Programming (Examples) (OFFLINE),FAMILY,4.3,43
"C Programming - Learn Code, Theory & Discuss",FAMILY,4.5,2751
Expert C Programming - Learn C Coding Easily,FAMILY,4.4,77
Hill Climb Racing,GAME,4.4,8921451
codeEazy - C/C++/JAVA,FAMILY,4.6,130
Batmobile™ R/C Controller,FAMILY,3.7,452
C Pattern Programs Free,FAMILY,4.5,4115
C Programs Handbook,BOOKS_AND_REFERENCE,4.0,459
C Functions,FAMILY,4.8,55
Learn C# - .Net - C Sharp Programming Tutorial App,FAMILY,4.0,1320
Learn Basic C - For Beginners,FAMILY,4.7,27
C Prowess,FAMILY,4.8,306
101 C Programming Problems,FAMILY,4.6,498
Let us C - Example Programs,FAMILY,4.3,36
C Examples,FAMILY,4.2,1002
C BOOK-C PROGRAMS,FAMILY,4.8,138
100+ C Programs,FAMILY,4.2,20
ZEDGE™ Ringtones & Wallpapers,PERSONALIZATION,4.6,6459626
Dubsmash,VIDEO_PLAYERS,4.2,1971777
Discord - Chat for Gamers,COMMUNICATION,4.5,305347
Hitman Sniper,GAME,4.6,408292
FRONTLINE COMMANDO: D-DAY,GAME,4.5,1736105
Minion Rush: Despicable Me Official Game,FAMILY,4.5,10214862
Fruit Ninja®,GAME,4.3,5091448
"DU Recorder – Screen Recorder, Video Editor, Live",VIDEO_PLAYERS,4.8,2588730
Crossy Road,GAME,4.5,4229977
Temple Run 2,GAME,4.3,8116142
Beach Buggy Blitz,GAME,4.2,640974
Vector,GAME,4.4,3058687
Dr. Driving,GAME,4.5,4972230
D Day World War II Commando Survival Shooting,GAME,4.2,951
Geometry Dash Meltdown,GAME,4.6,1591129
Koi Live Wallpaper,PERSONALIZATION,4.6,14026
Dropbox,PRODUCTIVITY,4.4,1860844
KineMaster – Pro Video Editor,VIDEO_PLAYERS,4.5,1013867
Block City Wars + skins export,FAMILY,4.5,762706
Sniper 3D Gun Shooter: Free Shooting Games - FPS,GAME,4.6,7657490
Bike Race Free - Top Motorcycle Racing Games,GAME,4.5,2586261
Dance School Stories - Dance Dreams Come True,FAMILY,4.4,91171
3D Bowling,SPORTS,4.1,1076243
Plants vs. Zombies FREE,FAMILY,4.4,4064868
Dream League Soccer 2018,SPORTS,4.6,9873470
Mind Games Pro,FAMILY,4.6,15301
Z Ringtones PREMIUM 2018,PERSONALIZATION,4.5,10158
Smash Hit,GAME,4.5,4147718
Bad Piggies,FAMILY,4.3,1168959
Temple Run,GAME,4.3,4000433
Broken Screen Prank,FAMILY,3.3,23682
Screen Lock - with Fingerprint Simulator,TOOLS,3.7,338449
Tuner - gStrings Free,TOOLS,4.5,214265
Car Parking Game 3D - Real City Driving Challenge,FAMILY,4.4,187892
E!,FAMILY,3.1,740
E! News,NEWS_AND_MAGAZINES,4.0,15443
eBay: Buy & Sell this Summer - Discover Deals Now!,SHOPPING,4.4,2788460
ESPN,SPORTS,4.2,521081
Chuck E.'s Skate Universe,FAMILY,3.9,94910
Eventbrite - Discover popular events & nearby fun,FAMILY,4.4,63773
ES File Explorer File Manager,PRODUCTIVITY,4.6,5378795
Eternium,FAMILY,4.8,1506783
Firefox Browser fast & private,COMMUNICATION,4.4,3075096
E*TRADE Mobile,FINANCE,3.9,10657
WWE,FAMILY,4.5,736824
E-cigarette for free,FAMILY,3.6,1354
Moto LED for Moto X & E [Root],LIFESTYLE,3.4,4082
Mobile Security & Antivirus,PRODUCTIVITY,4.7,564759
Lookout Security & Antivirus,TOOLS,4.4,951413
World History Quick e-Book,FAMILY,4.4,1657
Greeting Cards & Wishes,SOCIAL,4.5,17350
Amazon Kindle,BOOKS_AND_REFERENCE,4.2,814151
"Evernote – Organizer, Planner for Notes & Memos",PRODUCTIVITY,4.6,1488289
Maps & GPS Navigation OsmAnd+,TRAVEL_AND_LOCAL,4.3,15209
Microsoft Edge,COMMUNICATION,4.3,27156
Microsoft Outlook,PRODUCTIVITY,4.3,3249518
Pinterest,SOCIAL,4.6,4300936
ClassDojo,FAMILY,4.4,148536
The Coupons App,SHOPPING,4.5,181983
theScore esports,SPORTS,4.5,16257
EX File Explorer File Manager,PRODUCTIVITY,4.0,4660
Aab e Hayat Full Novel,BOOKS_AND_REFERENCE,4.3,1476
EBookDroid - PDF & DJVU Reader,PRODUCTIVITY,4.5,75951
E-NUM,FINANCE,4.0,10374
Maps - Navigate & Explore,TRAVEL_AND_LOCAL,4.3,9231613
"AliExpress - Smarter Shopping, Better Living",SHOPPING,4.6,5911055
Aldiko Book Reader,BOOKS_AND_REFERENCE,4.2,210534
Flipkart Online Shopping App,SHOPPING,4.4,6003590
Wish - Shopping Made Fun,SHOPPING,4.5,6200739
Synd e-Passbook,FINANCE,4.3,9400
Facebook Lite,SOCIAL,4.3,8595964
Messenger Lite: Free Calls & Messages,COMMUNICATION,4.4,1429038
Video Downloader for Facebook,TOOLS,4.6,894435
F-Stop Gallery Pro,PHOTOGRAPHY,4.4,1302
Offroad Pickup Truck F,FAMILY,4.3,4551
F-Stop Gallery,PHOTOGRAPHY,4.2,12726
Talking Tom Cat 2,FAMILY,4.3,3213548
FlashLight F.Light,TOOLS,4.3,3943
F-Secure SENSE,TOOLS,4.6,57
Super Car F. Mod for MCPE,GAME,3.6,214
Twitter,NEWS_AND_MAGAZINES,4.3,11657972
F-Secure KEY Password manager,TOOLS,4.2,2588
Inputting Plus: Ctrl + Z/F/C/V,PRODUCTIVITY,4.2,1117
CTRL-F - Search the real world,PRODUCTIVITY,4.4,607
F-Secure SAFE,TOOLS,4.3,9433
MHD F-Series,AUTO_AND_VEHICLES,4.9,73
F-Secure AV Test,TOOLS,4.5,1250
LINE: Free Calls & Messages,COMMUNICATION,4.2,10790092
F-Secure Mobile Security,TOOLS,4.2,13096
f'east,LIFESTYLE,3.8,38
Dumb Ways to Die 2: The Games,FAMILY,4.2,1671658
Speech Therapy: F,FAMILY,1.0,1
HumorCast - Authentic Weather,WEATHER,4.4,6495
F & M Mobile Banking,FINANCE,4.0,43
F,TOOLS,4.213205479452055,6
RPG End of Aspiration F,FAMILY,4.4,20368
F-Sim Space Shuttle,FAMILY,4.4,5427
Weather Live,WEATHER,4.5,76593
Norwegian For Kids & Babies F,FAMILY,4.213205479452055,0
R+F PULSE,BUSINESS,3.4,58
F-Secure Freedome for Business,BUSINESS,3.8,183
F-1 watchface by Delta,PERSONALIZATION,4.213205479452055,0
"f.lux (preview, root-only)",HEALTH_AND_FITNESS,3.7,5559
F Length Sim (no Ads),PHOTOGRAPHY,4.213205479452055,0
Arto: f.infrared photo,PHOTOGRAPHY,4.1,41
Geometry Dash World,GAME,4.6,759838
Convert degree Celsius to Fahrenheit or °F to °C,TOOLS,4.4,51
F-Gas Solutions,BUSINESS,4.2,127
Google+,SOCIAL,4.2,4828372
PUBG MOBILE,GAME,4.4,3697174
Gangstar Vegas - mafia game,GAME,4.5,4830407
Gboard - the Google Keyboard,TOOLS,4.2,1855262
Granny,GAME,4.5,1128805
Offroad Car G,FAMILY,4.3,64884
Google,TOOLS,4.4,8021623
Google Now Launcher,TOOLS,4.2,857215
Rolling G Sky,GAME,3.6,2065
Hangouts,COMMUNICATION,4.0,3419464
G-Switch 2,GAME,4.4,12683
G-Switch 3,GAME,4.6,3656
G Cloud Apps Backup Key * root,TOOLS,4.5,1034
Share G - Images Sharing - Wallpapers App,SOCIAL,4.4,120
Next Launcher 3D Theme Hit-G,PERSONALIZATION,4.2,59
Wrestling Revolution 3D,SPORTS,4.3,989344
G Cloud Backup,PRODUCTIVITY,4.6,267042
G-Playlists,TOOLS,1.8,53
G-Switch,GAME,3.8,4116
Offroad G-Class 2018,FAMILY,4.4,7715
G-SHOCK+,LIFESTYLE,3.0,4710
Ramfer - CNC Lathe G-code Tool,PRODUCTIVITY,3.4,5
G-Force Driving Assistant,SPORTS,4.6,10
My G:,MAPS_AND_NAVIGATION,3.7,96
G-SHOCK Connected,LIFESTYLE,3.0,543
Go,PERSONALIZATION,4.6,89
Google Drive,PRODUCTIVITY,4.4,2728941
G-Homa,LIFESTYLE,3.1,777
G-NetTrack Pro,TOOLS,4.3,255
"G Theme 2 for LG V30, LG G6",PERSONALIZATION,4.3,25
Speedometer with G-FORCE meter,TOOLS,3.8,415
A41 WatchFace for Android Wear Smart Watch,LIFESTYLE,4.5,231
Radial-G : Infinity,GAME,3.6,517
G-NetReport Pro,TOOLS,4.213205479452055,0
Dialer theme G Black Gold,PERSONALIZATION,4.2,33
G-REMOTE,HOUSE_AND_HOME,4.5,30
Car G-Force Meter,TOOLS,4.2,184
G-NetWiFi Pro,TOOLS,3.3,6
Helix Jump,GAME,4.2,1485806
HSPA+ Tweaker (3G booster),TOOLS,4.3,99290
Offroad Car H,FAMILY,4.2,1960
H&M,LIFESTYLE,3.7,41917
Guns - Shot Sounds,FAMILY,3.8,29544
HPlus,HEALTH_AND_FITNESS,2.9,1786
Geometry Dash Lite,GAME,4.5,6181640
DNS Changer - BEST (Gprs/Edge/3G/H/H+/4G),TOOLS,4.3,123
H*nest Meditation,LIFESTYLE,4.9,145
Car Driving Simulator Drift,GAME,4.4,19816
Deaf - Hearing chat device H,COMMUNICATION,4.4,9
صور حرف H,ART_AND_DESIGN,4.4,13
H Band 2.0,HEALTH_AND_FITNESS,2.9,4031
H!LooK - Dating,DATING,4.2,46
H-Connect,HEALTH_AND_FITNESS,4.0,50
most expensive app (H),FAMILY,4.3,6
AntennaPict β,COMMUNICATION,4.3,15439
Elkhart County 4-H Fair,FAMILY,3.9,38
H TV,FAMILY,4.3,103064
H letter images,SOCIAL,4.213205479452055,17
H Band,HEALTH_AND_FITNESS,4.0,214
The World Ends With You,GAME,4.6,4108
MJX H,FAMILY,3.7,126
tinyCam Monitor FREE,HOUSE_AND_HOME,4.0,65914
H-Kakashi - theme Xperia™,PERSONALIZATION,4.6,621
RC City Police Heavy Traffic Racer,GAME,4.4,3250
"Alphabet ""H"" Passcode Lock Screen",PERSONALIZATION,4.5,2
Ohio State Fair 4-H,FAMILY,3.0,4
Larry H Miller Automotive,PRODUCTIVITY,3.1,67
Talking Ben the Dog,FAMILY,4.3,1633565
Add-On: Alcatel (h),PRODUCTIVITY,4.5,107
My Android Device S/W & H/W,FAMILY,4.5,681
ADMIRALTY H-Note,BUSINESS,4.5,176
Force LTE Only,TOOLS,4.1,10426
Ulysse Speedometer Pro,AUTO_AND_VEHICLES,4.6,4140
Talking Ginger,FAMILY,4.2,1752017
D+H Reaction Wall,GAME,4.213205479452055,0
Motorbike Driving Simulator 3D,GAME,3.9,178723
Helix,GAME,3.9,2454
Mobile Number Tracker,TOOLS,3.9,19758
I am Nose Doctor -Save my Nose,FAMILY,4.2,3133
free video calls and chat,COMMUNICATION,4.2,594720
What was I in my Past Life,FAMILY,3.7,7453
How Old am I?,FAMILY,2.8,4635
slither.io,GAME,4.4,5231553
I Screen Dialer,TOOLS,4.1,8137
Where's My Water? Free,FAMILY,4.4,1372013
How Do I Look,PHOTOGRAPHY,2.7,3032
Solitaire!,GAME,4.7,403911
POF Free Dating App,SOCIAL,4.2,1175188
iGun Pro -The Original Gun App,GAME,4.2,249308
Sonic Dash,GAME,4.5,3777822
I'm Ping Pong King :),SPORTS,4.4,29864
LINE I Love Coffee,FAMILY,4.0,250257
Text Free: WiFi Calling App,SOCIAL,4.2,83474
"Talkatone: Free Texts, Calls & Phone Number",COMMUNICATION,4.1,132015
Instachat 😜,SOCIAL,4.0,80987
Textgram - write on photos,ART_AND_DESIGN,4.4,295237
"Fame Boom for Real Followers, Likes",SOCIAL,4.7,896118
NinJump,GAME,4.3,421000
Zombie Catchers,GAME,4.7,989158
FollowMeter for Instagram,SOCIAL,4.4,90082
I LOVE PASTA,FAMILY,4.0,83875
Talking Tom Cat,FAMILY,4.3,1838090
Fidget Spinner,GAME,4.2,307398
Jetpack Joyride,GAME,4.4,4637439
J Touch,TOOLS,4.6,2176
J-Novel Club,FAMILY,3.3,162
Anger of stick 5 : zombie,GAME,4.5,547644
J - Style Pro,HEALTH_AND_FITNESS,2.3,74
Cook Baked Lasagna,FAMILY,4.2,56259
Tom's Love Letters,FAMILY,4.1,705805
The J-Notes: Jazz News,SPORTS,4.213205479452055,7
Cut the Rope FULL FREE,FAMILY,4.4,2122705
Mali J,SOCIAL,3.2,185
J-UFO,FAMILY,3.5,339
Cut the Rope GOLD,FAMILY,4.6,61264
Turbo FAST,FAMILY,4.3,1329008
"The Voice, sing and connect",FAMILY,4.1,405824
J. Cole Rapper Wallpaper HD,PERSONALIZATION,4.1,8
Keyboard for Sony Xperia J,PERSONALIZATION,4.1,797
J Alvarej Moji,COMMUNICATION,4.213205479452055,2
Harris J Lyrics,FAMILY,4.7,36
Smart TV Remote,TOOLS,3.5,81747
J.ME Fly,FAMILY,3.9,28
J Balvin Piano Tiles,GAME,4.213205479452055,6
Guess the song of J Balvin,GAME,4.213205479452055,28
J-Stars Victory VS Guide,GAME,4.1,609
2048 BTS J Hope KPop Puzzle Game,FAMILY,4.7,17
J. Polep Plus Mobile,PRODUCTIVITY,4.213205479452055,0
J. Cole Albums (2007-2017),FAMILY,4.6,7
J Dark Ice Substratum Theme,PERSONALIZATION,4.5,164
BTS J-Hope Wallpaper KPOP Fans HD,PERSONALIZATION,4.7,98
BTS j-hope LINE Launcher theme,PERSONALIZATION,4.9,934
BTS J-Hope Wallpaper HD for KPOP Fans,PERSONALIZATION,4.213205479452055,4
Kik,COMMUNICATION,4.3,2451136
K Health,HEALTH_AND_FITNESS,4.1,290
CIRCLE K,SHOPPING,4.4,9140
K-@ Mail Pro - Email App,COMMUNICATION,4.2,1603
K-@ Mail - Email App,COMMUNICATION,4.1,1760
Keepsafe Photo Vault: Hide Private Photos & Videos,PHOTOGRAPHY,4.6,1656808
KIM KARDASHIAN: HOLLYWOOD,GAME,4.3,1017408
Sight Words Pre-K to Grade-3,FAMILY,4.4,1185
K PLUS,FINANCE,4.4,124324
[Substratum] K-Manager for K-Klock,PERSONALIZATION,4.5,14
KDRAMA Amino for K-Drama Fans,SOCIAL,4.6,4046
K keyboard - Myanmar,TOOLS,4.8,1955
Zapzapmath: K-6 Math Games,FAMILY,4.3,1065
KPOP Amino for K-Pop Entertainment,SOCIAL,4.8,19047
K.MOJI,FAMILY,4.8,16
K-Chiing VPN (Free),TOOLS,3.7,43
Preschool All-In-One,FAMILY,4.1,9019
OST),FAMILY,3.7,4444
Kpop Music Quiz (K-pop Game),FAMILY,4.2,6418
Radio K - KUOM,FAMILY,4.5,39
Math Games for Pre-K - Grade 4,FAMILY,4.6,28
"PowerDirector Video Editor App: 4K, Slow Mo & More",VIDEO_PLAYERS,4.5,712737
Fuzzy Numbers: Pre-K Number Foundation,FAMILY,4.7,21
KakaoTalk: Free Calls & Text,COMMUNICATION,4.3,2546549
Speech Therapy: K,FAMILY,4.213205479452055,2
K-Otic Universe,FAMILY,4.9,55
Magic Tiles - TWICE Edition (K-Pop),GAME,4.4,2351
CASE K-12 Math English Science,FAMILY,4.6,60
Mermaid Princess Pre K Games,FAMILY,4.213205479452055,19
K-App Mitarbeiter Galeria Kaufhof,PRODUCTIVITY,4.213205479452055,0
"Niche: College, K-12, and Neighborhood Search",LIFESTYLE,4.0,42
"K-Spapp, the K-Space app",FAMILY,4.8,39
"Math Quiz Free: Grades K,1,2,3",FAMILY,4.3,159
K-9 Material (unofficial),COMMUNICATION,4.4,64
Discovery K!ds Play! Español,FAMILY,4.2,11263
Magic Tiles - Blackpink Edition (K-Pop),GAME,4.6,4304
Wallpapers Bus Scania Irizar K,PERSONALIZATION,4.213205479452055,35
Anna.K Tarot,FAMILY,4.8,17
K-pop Music,FAMILY,4.0,369
Daily K-Talk,FAMILY,4.3,264
Korean Dungeon: K-Word 1000,GAME,4.7,703
"LiveMe - Video chat, new friends, and make money",SOCIAL,4.5,456866
Talking Tom Gold Run,GAME,4.6,2694969
"letgo: Buy & Sell Used Stuff, Cars & Real Estate",SHOPPING,4.5,972256
Lep's World 🍀,GAME,4.3,696019
"L.POINT - 엘포인트 [ 포인트, 멤버십, 적립, 사용, 모바일 카드, 쿠폰, 롯데]",LIFESTYLE,4.0,45224
Love Balls,FAMILY,4.2,357049
SpongeBob Diner Dash,FAMILY,4.0,576210
Last Day on Earth: Survival,GAME,4.5,2308916
"Messenger L SMS, MMS",PERSONALIZATION,4.0,6263
Tom Loves Angela,FAMILY,4.1,1111915
EXO-L,FAMILY,4.6,67410
Lie Detector,FAMILY,3.1,306
EXO-L Amino for EXO Fans,SOCIAL,4.9,5677
Calculator L,PRODUCTIVITY,4.5,2965
My Teacher - Classroom Play,FAMILY,4.0,155276
Emoji Android L Keyboard,PRODUCTIVITY,4.0,11535
Lollipop Keyboard L Pro,PERSONALIZATION,3.6,5525
French to English Speaking - Apprendre l' Anglais,FAMILY,4.5,4251
Ant Smasher by Best Cool & Fun Games,GAME,4.2,1185148
Cheating Tom 3 - Genius School,GAME,4.3,90415
Clock L,PERSONALIZATION,3.9,2852
Dialer theme Droid L,PERSONALIZATION,4.3,1734
SPEED L,SHOPPING,4.3,85
Lie Detector Test Prank,FAMILY,4.4,222308
Xbox,FAMILY,4.3,556659
Je Parle ANGLAIS - Apprendre l’anglais Audio cours,FAMILY,4.4,499
"Mobizen Screen Recorder - Record, Capture, Edit",PRODUCTIVITY,4.3,1827212
Minecraft,FAMILY,4.5,2375336
Mobizen Screen Recorder for SAMSUNG,VIDEO_PLAYERS,4.4,953894
MapleStory M,FAMILY,3.5,31538
M-Files,BUSINESS,4.4,236
M Launcher -Marshmallow 6.0,PERSONALIZATION,4.4,37234
"Mobizen Screen Recorder for LG - Record, Capture",VIDEO_PLAYERS,4.5,58820
MakeupPlus - Your Own Virtual Makeup Artist,PHOTOGRAPHY,4.4,758780
M3-X5-X6-M-İ3-İ8 RACİNG 2018,GAME,4.4,596
MEGA,PRODUCTIVITY,4.0,549214
360-M Flight,TOOLS,3.9,84
M-acceleration 3D Car Racing,GAME,3.9,1202
m>notes notepad,PRODUCTIVITY,4.3,184
M+,NEWS_AND_MAGAZINES,4.9,198
Super Hero M Craft Run,GAME,3.7,303
M-Sight Pro,VIDEO_PLAYERS,3.3,30
💎 I'm rich,LIFESTYLE,3.8,718
Don't Hug Me I'm So Scared,GAME,3.5,901
GTS-M,TOOLS,4.2,38
MX Player,VIDEO_PLAYERS,4.5,6469179
M star Dialer,COMMUNICATION,3.5,400
I'm Rich - Trump Edition,LIFESTYLE,3.6,275
I’m Expecting - Pregnancy App,HEALTH_AND_FITNESS,4.6,71266
Free WiFi Connect,COMMUNICATION,3.9,167229
M Notifier for M Launcher,TOOLS,4.2,2803
M Theme - Dark Green Icon Pack,PERSONALIZATION,4.2,202
m-Faisaa,FINANCE,4.0,142
m:go BiH,COMMUNICATION,3.2,559
Diabetes:M,MEDICAL,4.6,15537
Libre Scan (Diabetes:M addon),MEDICAL,2.4,102
m.ride - your motorcycle app,AUTO_AND_VEHICLES,4.5,189
Rope'n'Fly 4,GAME,4.1,234606
N Launcher: Nougat Theme,PERSONALIZATION,4.2,128
Dino in City-Dinosaur N Police,FAMILY,3.7,10035
N Launcher Pro - Nougat 7.0,PERSONALIZATION,4.3,2538
Cops N Robbers - FPS Mini Game,GAME,4.2,156862
Cops N Robbers 2,GAME,4.1,63680
Hands 'n Guns Simulator,FAMILY,3.9,19727
Hide N Seek : Mini Game,GAME,3.8,4719
N Launcher - Nougat 7.0,PERSONALIZATION,4.4,32597
Cook'n Recipe App,LIFESTYLE,3.4,552
Rope'n'Fly 3 - Dusk Till Dawn,GAME,4.0,166033
Tap N Pay,PRODUCTIVITY,4.4,253
N-Com Wizard,COMMUNICATION,3.3,960
Drag'n'Boom,GAME,4.8,133180
Traps n' Gemstones,GAME,4.5,413
Shop 'n Save,SHOPPING,3.4,620
Dual N-Back - Brain game,FAMILY,4.3,817
N Files - File Manager & Explorer,PRODUCTIVITY,4.3,369
Guns'n'Glory Zombies Premium,FAMILY,4.1,313
Cops N Robbers,GAME,4.0,37789
Guns'n'Glory Premium,FAMILY,4.4,3570
Madagascar Surf n' Slides Free,FAMILY,3.8,48929
Guns'n'Glory,FAMILY,4.4,89947
Ghosts'n Goblins MOBILE,GAME,3.8,466
Mopar Drag N Brag,GAME,4.2,30630
Read Unlimitedly! Kids'n Books,FAMILY,3.8,7462
Dark Infusion Substratum Theme for Android N & O,PERSONALIZATION,4.8,133
Fantastic Chefs: Match 'n Cook,FAMILY,4.7,8600
Guns'n'Glory Heroes Premium,FAMILY,4.3,923
Eat'n Park,LIFESTYLE,3.5,292
Draw N Guess Multiplayer,GAME,3.9,29505
Car Parking Crane N Drifting,FAMILY,4.2,106
Lock 'n' Roll Pro - Ad Free,GAME,4.6,169
Rock N' Cash Casino Slots -Free Vegas Slot Games,GAME,4.7,6187
Age of Conquest: N. America,FAMILY,4.5,659
Sketch 'n' go,VIDEO_PLAYERS,3.8,3965
Guns'n'Glory WW2 Premium,FAMILY,4.5,4656
Rock n Roll Music Quiz Game,GAME,3.7,80
Cook 'n Learn Smart Kitchen,FAMILY,3.5,205
Jump'N'Shoot Attack,GAME,4.1,155
Ghouls'n Ghosts MOBILE,GAME,3.9,168
N-Back,FAMILY,4.1,413
Oddworld: New 'n' Tasty,GAME,4.6,1475
Knights N Squires,FAMILY,4.4,148826
Opera Mini - fast web browser,COMMUNICATION,4.5,5150801
Opera Browser: Fast and Secure,COMMUNICATION,4.4,2473795
Planet O - Icon Pack,PERSONALIZATION,4.6,354
The Noise-O-Meter,FAMILY,4.0,1699
O Launcher 8.0 for Android™ O Oreo Launcher,TOOLS,4.4,11393
Opera Mini browser beta,COMMUNICATION,4.4,401530
Stand O’Food® (Full),FAMILY,4.4,925
WiFi-o-Matic,PRODUCTIVITY,4.0,736
Detect-O-Gromit (D.O.G 2),FAMILY,3.8,45
O Shopping,SHOPPING,3.9,671
Obbligo o Verità? PRO,GAME,4.213205479452055,4
AC Remote for O General - NOW FREE,TOOLS,3.7,274
O'Route Orienteering,SPORTS,4.2,6
Drink-O-Tron The Drinking Game,GAME,4.1,140
Multiling O Keyboard + emoji,PRODUCTIVITY,4.3,30443
Google I/O 2018,BOOKS_AND_REFERENCE,4.3,22401
Prime Key for Nougat Launcher& O Launcher &KitKat,PERSONALIZATION,4.1,324
OO Launcher for Android O 8.0 Oreo™ Launcher,PERSONALIZATION,4.4,14832
Band O'Clock,LIFESTYLE,3.8,1140
O Launcher,TOOLS,4.3,2059
Verdad o Reto,SOCIAL,3.8,826
Pixlr-o-matic,PHOTOGRAPHY,4.5,180697
O-Level Past Papers & Solution (up to 2017),FAMILY,3.8,589
"O Multiple - App Cloner, Duals APP, tarallel",TOOLS,3.9,145
The Maze Runner,GAME,4.0,428268
Psiphon Pro - The Internet Freedom VPN,COMMUNICATION,4.3,298041
PicsArt Photo Studio: Collage Maker & Pic Editor,PHOTOGRAPHY,4.5,7590099
P Icon Pack for Pixel,PERSONALIZATION,4.4,38
Android P | Xperia™ Theme 4800+ icons,PERSONALIZATION,4.6,29
Android P Home KLWP,PERSONALIZATION,4.213205479452055,0
P-Home for KLWP,PERSONALIZATION,5.0,4
[substratum] Vacuum: P,PERSONALIZATION,4.4,230
"Super P Launcher for Android P 9.0 launcher, theme",TOOLS,4.4,2026
pixiv,SOCIAL,4.2,86956
[Sub/EMUI] P Pro - EMUI 8.1/8.0/5.X Theme,PERSONALIZATION,4.0,13
Pacify Exceed (Android P) - Theme for Xperia™,PERSONALIZATION,4.213205479452055,5
Theme Android P Design for LG V30,PERSONALIZATION,4.2,35
Pistachio Launcher for Android P 9.0,PERSONALIZATION,4.213205479452055,0
Theme Android P for LG G7 & V35,PERSONALIZATION,4.6,5
Volume Slider Like Android P Volume Control,TOOLS,4.1,1129
Pacify (Android P theme) - Theme for Xperia™,PERSONALIZATION,4.213205479452055,1
P Launcher for Android™ 9.0,PERSONALIZATION,3.9,35
PixelLab - Text on pictures,PHOTOGRAPHY,4.6,108002
Popsicle Launcher for Android P 9.0 launcher,PERSONALIZATION,4.213205479452055,0
Theme Android P Black design for LG V30,PERSONALIZATION,4.4,8
P Launcher Theme For Android™ 9.0,PERSONALIZATION,3.9,213
Theme Android P Black for LG G7 & V35,PERSONALIZATION,4.6,5
P Theme for Android™ P 9.0 Style Launcher,PERSONALIZATION,4.5,216
Android P 9.0,PERSONALIZATION,3.0,12
Pureness Pacify (Android P) - Theme for Xperia™,PERSONALIZATION,4.213205479452055,0
Android P Wallpapers,PERSONALIZATION,3.6,53
P XPERIA Theme™ | Design For SONY 🎨,PERSONALIZATION,4.4,147
Parallel Space - Multiple accounts & Two face,PERSONALIZATION,4.6,3062845
Theme for New Android P,PERSONALIZATION,4.213205479452055,13
P9 Launcher - Android™ 9.0 P Launcher Style,TOOLS,4.3,1162
Android P Style Icon Pack,PERSONALIZATION,5.0,1
Android P Stock Wallpapers,PERSONALIZATION,4.5,16
G-Pix [Android P] Dark EMUI 8/5 THEME,PERSONALIZATION,4.1,169
G-Pix [Android P] EMUI 8/5 THEME,PERSONALIZATION,4.1,720
Android-P Mono Grey EMUI 8/5 Theme,PERSONALIZATION,4.5,61
P XPERIA Theme™ | PURPLE - Design For SONY 🎨,PERSONALIZATION,4.213205479452055,3
Materialistic P Wallpapers,PERSONALIZATION,4.8,24
Android P Rotation,TOOLS,4.5,502
P XPERIA Theme™ | INDIGO - Design For SONY 🎨,PERSONALIZATION,4.213205479452055,12
Android P Launcher 9.0 launcher,TOOLS,4.0,164
Pixel Oreo/P Dark White AMOLED UI - Icon Pack,PERSONALIZATION,4.8,18
pretty Easy privacy p≡p,COMMUNICATION,3.7,21
P Icon Pack,FAMILY,4.213205479452055,0
Pi Dark [substratum],PERSONALIZATION,4.5,189
"Q Alerts: QAnon Drop Notifications, Research +++",NEWS_AND_MAGAZINES,4.7,143
The Q - Live Trivia Game Network,GAME,2.7,1486
Fossil Q,LIFESTYLE,2.9,6627
Q,FAMILY,4.2,69126
"Official QR Code® Reader ""Q""",PRODUCTIVITY,4.4,3031
Q Cat Live Wallpaper,PERSONALIZATION,4.2,4383
Q MINDshare Mobile,BUSINESS,3.4,24
Fossil Q Legacy,LIFESTYLE,2.6,680
Offroad Car Q,FAMILY,4.1,24668
Q*bert: Rebooted,GAME,4.3,13788
Quora,SOCIAL,4.5,313403
Gun Shoot War Q,GAME,4.2,26893
FaceQ,FAMILY,4.4,591411
Q Actions - Digital Assistant,PRODUCTIVITY,4.213205479452055,0
Q Link Wireless Zone,PRODUCTIVITY,4.0,2194
Q Avatar (Avatar Maker),COMICS,4.4,2012
Q downloader : download your social media videos,FAMILY,4.1,41
Q Avatar Pro,FAMILY,4.8,4
Q-See Plus,VIDEO_PLAYERS,2.2,32
Q Wunder,FAMILY,3.8,156
Q-See QC View,TOOLS,3.1,657
Leica Q,PHOTOGRAPHY,3.1,133
Q Remote Control,TOOLS,3.8,4264
Q-Ticketing,MAPS_AND_NAVIGATION,3.8,114
DJMAX TECHNIKA Q - Music Game,GAME,4.3,21107
myQ,TOOLS,3.6,3642
QR Code Reader,TOOLS,4.0,495971
ICQ — Video Calls & Chat Messenger,COMMUNICATION,4.4,697939
Q Operator,BUSINESS,4.6,60
Q Call,TOOLS,4.213205479452055,20
Q-slope,TOOLS,4.5,2
Q-Tech Companion App,FOOD_AND_DRINK,1.8,17
Q Mobile Banking,FINANCE,4.7,460
Q Quiz SK,FAMILY,3.9,159
Big Q Car Service,MAPS_AND_NAVIGATION,4.4,75
Q-See QT View,TOOLS,3.6,7357
ROBLOX,FAMILY,4.5,4443407
"DataCamp - Learn R, Python & SQL",FAMILY,4.4,944
R Language Reference Guide,BOOKS_AND_REFERENCE,3.9,54
Run R Script - Online Statistical Data Analysis,FAMILY,3.9,8
R Programming Language,FAMILY,3.8,39
R Programming,FAMILY,4.213205479452055,2
R. Physics Puzzle Game,FAMILY,4.2,5369
R Instructor,FAMILY,4.1,135
GT-R R35 Drift Simulator,FAMILY,4.4,1852
Offroad Pickup Truck R,FAMILY,4.4,6367
Learn R Programming Full,BOOKS_AND_REFERENCE,4.213205479452055,11
R Programming Tutorial,FAMILY,4.213205479452055,5
R Programing Offline Tutorial,BOOKS_AND_REFERENCE,5.0,4
Learn R Language Easy Way,FAMILY,4.1,17
.R,TOOLS,4.5,259
R-TYPE II,GAME,4.3,5682
Guide for R Programming,BOOKS_AND_REFERENCE,4.213205479452055,0
R Programming Solution,FAMILY,3.9,169
Learn R - Programming Concepts,FAMILY,3.5,6
Learn R Programming,BOOKS_AND_REFERENCE,4.213205479452055,0
Car Parking Nissan GT-R R35 Simulator,FAMILY,3.2,513
R Quick Reference Big Data,BOOKS_AND_REFERENCE,4.213205479452055,6
Learn R Programming Free EBook,FAMILY,4.213205479452055,1
RMEduS - 음성인식을 활용한 R 프로그래밍 실습 시스템,FAMILY,4.213205479452055,4
R Programming Language (Paperset 2) MCQ Quiz,FAMILY,4.213205479452055,0
R-net for Android,PRODUCTIVITY,3.3,48
R File Manager,TOOLS,4.8,17
R-TYPE,GAME,4.5,7687
R Studio,SHOPPING,3.7,23
Day R Premium,FAMILY,4.8,51068
"Join R, Community Engagement",SOCIAL,4.7,144
R Bank,FINANCE,4.3,90
Elemental Knights R Platinum,FAMILY,3.8,2925
Wonder5 Masters R,FAMILY,4.1,1655
Neon-R (Red),PERSONALIZATION,4.7,25
Mat|r viewer,PRODUCTIVITY,4.213205479452055,5
R. Lee Ermey's Official Sound,FAMILY,4.2,1696
Tutorials for R Programming Offline,FAMILY,4.213205479452055,2
R Programming Language (Paperset 1) MCQ Quiz,FAMILY,4.213205479452055,1
SHAREit - Transfer & Share,TOOLS,4.6,7775146
S Launcher for Galaxy TouchWiz,PERSONALIZATION,4.2,11244
"360 Security - Free Antivirus, Booster, Cleaner",TOOLS,4.6,16771865
S Player - Lightest and Most Powerful Video Player,TOOLS,4.6,14224
Offroad Pickup Truck S,FAMILY,4.2,5178
S Launcher Pro for Galaxy,PERSONALIZATION,4.1,47
Type S LED,LIFESTYLE,3.5,628
S Note,PRODUCTIVITY,4.1,12435
"S Photo Editor - Collage Maker , Photo Collage",PHOTOGRAPHY,4.4,972574
Stupid Zombies,GAME,4.5,464900
S’more - Earn Cash Rewards,PRODUCTIVITY,4.1,15097
PitchBlack S - Samsung Substratum Theme “For Oreo”,PERSONALIZATION,4.5,90
Samsung Smart Switch Mobile,TOOLS,4.3,146913
"S S9 Launcher - Galaxy S8/S9 Launcher, theme, cool",TOOLS,4.4,22503
Five Nights at Freddy's 2 Demo,FAMILY,4.3,1503544
Crime Wars S. Andreas,GAME,4.3,5785
S Pen Keeper,TOOLS,3.8,560
SH Script Runner,PRODUCTIVITY,3.9,334
City Taxi Driver sim 2016: Cab simulator Game-s,FAMILY,4.1,16111
Shopping List S PRO,SHOPPING,4.8,14
Tumblr,SOCIAL,4.4,2953886
Tinder,LIFESTYLE,4.0,2789775
"Topbuzz: Breaking News, Videos & Funny GIFs",NEWS_AND_MAGAZINES,4.7,174827
Twitch: Livestream Multiplayer Games & Esports,FAMILY,4.6,2133047
T-Mobile,TOOLS,4.3,482630
Dino T-Rex,GAME,4.0,69115
Telegram,COMMUNICATION,4.4,3128611
myAT&T,PRODUCTIVITY,3.7,80816
AT&T U-verse,FAMILY,3.7,38606
AT&T Messages for Tablet,COMMUNICATION,3.3,3044
T Uploader,FAMILY,4.1,75
T-Mobile DIGITS,COMMUNICATION,3.0,1820
AT&T Digital Life,LIFESTYLE,4.1,10067
DIRECTV Remote App,FAMILY,3.0,480
AT&T Smart Limits℠,LIFESTYLE,3.8,2300
T-Mobile Tuesdays,LIFESTYLE,4.0,53144
"Truecaller: Caller ID, SMS spam blocking & Dialer",COMMUNICATION,4.5,7820775
AT&T Mobile Transfer,PRODUCTIVITY,4.6,22775
T-Mobile Content Transfer,PRODUCTIVITY,4.1,370
T-Mobile Visual Voicemail,TOOLS,3.6,41502
I Can't Wake Up!,TOOLS,4.7,963
AT&T FamilyMap®,TOOLS,3.5,21592
T-Mobile® FamilyMode™,PARENTING,3.1,103
Portable Wi-Fi hotspot,COMMUNICATION,3.9,138129
Showtime Anytime,FAMILY,3.7,18522
AT&T Call Protect,COMMUNICATION,4.2,6454
Don't Starve: Pocket Edition,GAME,4.4,17988
"Please, Don't Touch Anything",FAMILY,4.4,1771
AT&T DriveMode,MAPS_AND_NAVIGATION,3.3,8465
The T Factor,EVENTS,4.8,48
Please Don't Touch Anything 3D,FAMILY,4.2,146
Don't Panic with Andrew J.,BOOKS_AND_REFERENCE,4.5,124
Don't touch my phone,TOOLS,3.8,21943
Don't Starve: Shipwrecked,GAME,4.1,1468
Ludo - Don't get angry,GAME,4.2,131
Jurassic Life: T Rex Simulator,FAMILY,4.2,1088
T-Mobile SyncUP DRIVE,AUTO_AND_VEHICLES,4.0,1981
T-shirt design - Snaptee,LIFESTYLE,4.2,29756
MBTA GPS - Track the T,MAPS_AND_NAVIGATION,3.8,82
T. Rowe Price Personal® App,FINANCE,4.5,1057
Můj T-Mobile Business,PRODUCTIVITY,3.7,10490
U by BB&T,FINANCE,4.3,16600
U LIVE – Video Chat & Stream,SOCIAL,4.5,67611
"U - Webinars, Meetings & Messenger",COMMUNICATION,4.1,6601
Hollywood U: Rising Stars,FAMILY,4.2,233588
U-Dictionary: Best English Learning Dictionary,FAMILY,4.5,166886
Ustream,VIDEO_PLAYERS,4.0,93638
UC Browser Mini -Tiny Fast Private & Secure,COMMUNICATION,4.4,3648765
Uber,MAPS_AND_NAVIGATION,4.2,4921866
ENCHANT U,FAMILY,4.3,83977
/u/app,COMMUNICATION,4.7,573
Kicker U,LIFESTYLE,4.1,124
U-Haul,TRAVEL_AND_LOCAL,3.2,852
Vienna U-Bahn,MAPS_AND_NAVIGATION,3.9,139
Kicker U Lite,LIFESTYLE,4.1,438
U-Scan,TOOLS,3.4,784
Octo U: Your driving companion,TRAVEL_AND_LOCAL,3.0,331
I Love U Theme&Emoji Keyboard,PERSONALIZATION,4.6,655
Channel U,FAMILY,4.6,34
"Parallel U - App Cloner, Duals APP, tarallel",TOOLS,4.1,3315
U Pull It Auto Dismantler,BUSINESS,3.1,71
Wii U Simulator,FAMILY,3.4,1178
U Camera : Phone 6s OS 9 style,PHOTOGRAPHY,4.2,2158
U get - Wireless Speed Test,TOOLS,4.2,26
U Guard,TOOLS,3.0,245
DRC Sim - Wii U Gamepad,FAMILY,2.4,210
"See U - Random video chat, video chat",SOCIAL,4.1,568
[verify-U] VideoIdent,COMMUNICATION,2.9,83
What U See,SOCIAL,4.0,712
U Assist - Screen Mirroring & Sharing App,PRODUCTIVITY,4.0,198
U+Box,PRODUCTIVITY,3.8,24517
Wi u Emulator,FAMILY,2.4,468
Waiting For U Launcher Theme,PERSONALIZATION,4.4,5599
U of I Community Credit Union,FINANCE,3.7,52
U-Report,SOCIAL,4.3,241
"Meet U - Get Friends for Snapchat, Kik & Instagram",SOCIAL,4.6,4435
U-Craft Mobile,FAMILY,4.2,11404
Alarmy (Sleep If U Can) - Pro,LIFESTYLE,4.8,10249
U-Disco,FAMILY,3.6,906
SAY-U,FAMILY,3.2,1011
Be U Salons Hair-Beauty Deals In Delhi & Bangalore,LIFESTYLE,4.0,889
U-48 Submarine Commander Free,GAME,3.5,4575
Berlin Subway – BVG U-Bahn & S-Bahn map and routes,MAPS_AND_NAVIGATION,4.4,509
Remote For ATT U-verse TV - NOW FREE,TOOLS,2.5,20
Pocket U ASW,FAMILY,3.9,93
V LIVE - Star Live App,FAMILY,4.4,397147
Identity V,GAME,4.2,109263
VMate,VIDEO_PLAYERS,4.2,192677
V Made,BOOKS_AND_REFERENCE,4.3,241
Grand Theft Auto V: The Manual,FAMILY,4.1,182103
Viber Messenger,COMMUNICATION,4.3,11335481
V for Voodoo,GAME,4.2,16876
Sin City Crime Simulator V - Gangster,GAME,4.2,2113
The Gang Sniper V. Pocket Edition.,GAME,3.9,6121
Vimeo,FAMILY,3.9,85578
VLC for Android,VIDEO_PLAYERS,4.4,1031045
All Video Downloader,VIDEO_PLAYERS,3.8,165723
"Vault-Hide SMS,Pics & Videos,App Lock,Cloud backup",BUSINESS,4.5,984451
VidPlay,VIDEO_PLAYERS,4.2,3546
HD Video Downloader : 2018 Best video mate,VIDEO_PLAYERS,3.7,430643
Vigo Video,VIDEO_PLAYERS,4.3,1615418
V-CUBE Seminar Mobile,BUSINESS,4.3,542
VivaVideo - Video Editor & Photo Movie,VIDEO_PLAYERS,4.6,9879473
Mod GTA V for MCPE,FAMILY,3.3,4288
Vi Trainer,HEALTH_AND_FITNESS,3.6,124
San Andreas: Gang Crime V,GAME,4.1,2399
The Grand Bike V,FAMILY,3.8,3478
V.360° Camera,PHOTOGRAPHY,3.3,582
FINAL FANTASY V,FAMILY,4.5,15924
BTS V LINE Launcher theme,PERSONALIZATION,4.8,3283
"VideoShow-Video Editor, Video Maker, Beauty Camera",VIDEO_PLAYERS,4.6,4016834
FORD V SERIES CALC - NO LIMIT,AUTO_AND_VEHICLES,4.213205479452055,2
VMate Lite - Funny Short Videos Social Network,SOCIAL,4.3,903
Mirk V Launcher Theme,PERSONALIZATION,4.5,292
Mike V: Skateboard Party PRO,SPORTS,4.2,2506
The grand theft V Wallpaper,PERSONALIZATION,3.8,87
V Bucks ProTips New,SOCIAL,4.7,594
Cheats for GTA V,FAMILY,4.2,450
V for Vampire - Free,FAMILY,4.3,2772
Get Free V-bucks_fortnite Hints,FAMILY,4.7,1997
V BTS Wallpaper,PERSONALIZATION,4.7,127
v-view,FAMILY,3.6,309
Mental Hospital V,GAME,4.2,2460
Grand Stickman Cover V,GAME,4.0,1744
Cheat Codes for GTA V,FAMILY,4.3,589
DRAGON QUEST V,FAMILY,4.7,1667
WeChat,COMMUNICATION,4.2,5387631
Easy V-Bux free,FAMILY,4.6,856
BTS V Kim Taehyung Wallpapers Kpop HD New,PERSONALIZATION,4.8,51
Wattpad 📖 Free Books,BOOKS_AND_REFERENCE,4.6,2915189
W Pro - Weather Forecast & Animated Weather Maps,WEATHER,3.8,11
"Waze - GPS, Maps, Traffic Alerts & Live Navigation",MAPS_AND_NAVIGATION,4.6,7231017
"Dating App, Flirt & Chat : W-Match",SOCIAL,4.3,175523
W - Weather Forecast & Animated Radar Maps,WEATHER,4.2,29
"WPS Office - Word, Docs, PDF, Note, Slide & Sheet",PRODUCTIVITY,4.5,1507205
W-History Standalone,SOCIAL,3.2,38
Words With Friends Classic,GAME,4.3,1704112
Fantasy Squad W,FAMILY,4.3,2142
LINE WEBTOON - Free Comics,COMICS,4.5,1013944
Weather & Clock Widget for Android,WEATHER,4.4,2371543
W Box VMS,VIDEO_PLAYERS,1.9,105
WhatsApp Business,COMMUNICATION,4.4,137144
W Box VMS HD,VIDEO_PLAYERS,2.5,24
Ace Screen Recorder w facecam,TOOLS,4.2,2447
WIFI WPS WPA TESTER,TOOLS,4.3,352097
Flashlight Free w/ compass,TOOLS,4.0,75
"App Lock: Locker w/ fingerprint, Parental Control",TOOLS,4.5,37607
IRS W-9 form,BUSINESS,4.8,492
Open in WhatsApp (click to chat),TOOLS,4.2,12121
B & W Filter for Photo Editor Pro,PERSONALIZATION,4.7,65
WowBox,LIFESTYLE,4.4,101957
Zaatar w Zeit,FOOD_AND_DRINK,4.4,205
WPSApp,TOOLS,4.4,95080
WhatsCall Free Global Phone Call App & Cheap Calls,COMMUNICATION,4.6,1130966
Dictionary - WordWeb,BOOKS_AND_REFERENCE,4.6,124970
Profile w/o crop for Telegram,PHOTOGRAPHY,4.2,348
We Heart It,SOCIAL,4.5,637254
weather HD,PERSONALIZATION,4.0,1546
TripAdvisor Hotels Flights Restaurants Attractions,TRAVEL_AND_LOCAL,4.4,1162331
Draw Something Classic,GAME,4.2,1092106
X-VPN - Free Unlimited VPN Proxy,TOOLS,4.5,40617
Telegram X,SOCIAL,4.6,70449
Share Music & Transfer Files - Xender,TOOLS,4.4,1279109
X Launcher: With OS11 Style Theme & Control Center,ART_AND_DESIGN,4.7,5754
"Phone X Launcher, OS 11 iLauncher & Control Center",TOOLS,4.2,54063
Lock Screen Phone X Style OS 11,TOOLS,4.4,1166
Nose Doctor X: Booger Mania,FAMILY,3.2,37584
Control Center iOS 11 - Phone X Control Panel,TOOLS,4.1,1925
X Browser,COMMUNICATION,4.0,142
"X Launcher Pro: PhoneX Theme, OS11 Control Center",ART_AND_DESIGN,4.7,801
X-plore File Manager,TOOLS,4.6,168487
Flashlight X,TOOLS,4.6,20418
iSwipe Phone X,TOOLS,4.7,58366
X Launcher Pro - IOS Style Theme & Control Center,ART_AND_DESIGN,4.8,1216
X Home Bar - Free,TOOLS,4.6,4210
[ROOT] X Privacy Installer,TOOLS,4.2,12147
Extreme X Ray Robot Stunts,GAME,4.3,10806
Xray Scanner Prank,FAMILY,3.3,355837
X Launcher Prime: With OS Style Theme & No Ads,ART_AND_DESIGN,4.7,149
The X-Files: Deep State - Hidden Object Adventure,FAMILY,4.5,22018
Theme for Iphone X Plus,PERSONALIZATION,4.0,126
Casino X - Free Online Slots,GAME,4.5,30515
X-WOLF,GAME,4.2,4878
Light X - Icon Pack,PERSONALIZATION,4.6,252
X-Plane 10 Flight Simulator,FAMILY,4.2,63197
Anime X Wallpaper,PERSONALIZATION,4.7,32613
NEW Theme for Phone X,PERSONALIZATION,4.7,8642
X-Plane to GPS,TOOLS,4.2,161
Control Center iOS 11 - Phone X notifications,TOOLS,4.3,514
iLocker X - iOS11 Lockscreen with HD Wallpapers,PERSONALIZATION,4.3,1714
iLauncher OS 12 Pro - Phone X,PERSONALIZATION,4.213205479452055,3
Hero Fighter X,GAME,4.5,24210
Slendrina X,GAME,4.4,12736
X Back - Icon Pack,PERSONALIZATION,4.5,56
Guide (for X-MEN),BOOKS_AND_REFERENCE,4.6,586
"Decibel X PRO - Sound Meter dBA, Noise Detector",TOOLS,4.3,60
Flight Simulator X 2016 Free,FAMILY,3.8,44636
Robocar X Ray,GAME,4.5,3432
Space X: Sky Wars of Air Force,GAME,4.5,10748
OS-X EMUI 4/5/8 THEME,PERSONALIZATION,3.9,916
Flexiroam X,TRAVEL_AND_LOCAL,4.0,875
X-ray scanner simulator,FAMILY,2.7,1616
X Construction,FAMILY,4.5,18612
X Home Bar - Home Bar Gesture Pro,TOOLS,4.0,88
PLAYBULB X,LIFESTYLE,2.9,2160
X-Wing Squadron Builder,FAMILY,4.6,5898
YouTube TV - Watch & Record Live TV,FAMILY,4.4,38517
Yandex Browser with Protect,PERSONALIZATION,4.5,1235841
JW Caleb y Sofia,FAMILY,4.6,5227
Boomerang Make and Race,FAMILY,4.4,281448
YouTube Studio,VIDEO_PLAYERS,4.3,436170
Talking Tom & Ben News,FAMILY,4.4,1131937
Vegas Crime Simulator,FAMILY,4.2,721646
PewDiePie's Tuber Simulator,FAMILY,4.8,1499466
Yahoo Mail – Stay Organized,COMMUNICATION,4.3,4188345
Real Gangster Crime,GAME,4.3,285814
Antivirus & Mobile Security,TOOLS,4.6,351267
Flashlight Ultimate,TOOLS,4.6,16936
PBS KIDS Video,FAMILY,4.2,36214
YouTube Gaming,FAMILY,4.2,130549
Gangster Town,GAME,4.1,74842
Rope Hero 3,GAME,4.4,45871
Avast Mobile Security 2018 - Antivirus & App Lock,TOOLS,4.5,5180480
"GO Keyboard - Emoticon keyboard, Free Theme, GIF",PERSONALIZATION,4.4,2591610
NQ Mobile Security & Antivirus,PRODUCTIVITY,4.4,427185
yHomework - Math Solver,FAMILY,4.2,50771
GO Launcher - 3D parallax Themes & HD Wallpapers,PERSONALIZATION,4.5,7464996
Z Origins - (Z The Game),FAMILY,4.6,4421
ZArchiver,TOOLS,4.5,337242
"Zapya - File Transfer, Sharing",TOOLS,4.6,387958
Experiment Z - Zombie,GAME,4.0,229329
War Z 2,FAMILY,4.5,97071
Last Empire - War Z: Strategy,FAMILY,4.2,853495
Z Day: Hearts of Heroes,FAMILY,3.9,5894
Z Champions,GAME,4.7,96028
Zello PTT Walkie Talkie,SOCIAL,4.4,695576
CPU-Z,TOOLS,4.5,295430
WithstandZ - Zombie Survival!,GAME,4.3,121612
"Z Camera - Photo Editor, Beauty Selfie, Collage",PHOTOGRAPHY,4.4,1075016
Empire Z: Endless War,FAMILY,4.2,367951
Zombie War Z : Hero Survival Rules,GAME,3.9,1987
DRAGON BALL Z DOKKAN BATTLE,GAME,4.1,650114
Moto Z Market,TOOLS,2.2,605
Cube Z (Pixel Zombies),GAME,4.2,41444
Z War-Zombie Modern Combat,FAMILY,4.2,62301
Z App,LIFESTYLE,2.8,405
GALAK-Z: Variant Mobile,GAME,3.9,145
Z City,FAMILY,4.3,3976
Space Z 🌏 🚀Icon Pack Theme,PERSONALIZATION,4.8,201
Reload: The Z-Team,GAME,4.3,1655
Rage Z: Multiplayer Zombie FPS Online Shooter,GAME,4.1,11258
Pixel Z Gunner 3D - Battle Survival Fps,GAME,4.2,11408
Saiyan Z: Super SSJ Ultimate Combat,GAME,4.4,306
Mini DAYZ: Zombie Survival,GAME,4.1,94661
Z-Empire: Dead Strike,FAMILY,4.6,99
Free Z Glass GO Keyboard Theme,PERSONALIZATION,4.3,71829
Zombie Avengers:(Dreamsky)Stickman War Z,GAME,4.3,13604
Z Camera,PHOTOGRAPHY,3.8,142
ZArchiver Donate,TOOLS,4.8,1721
Cardio Z,MEDICAL,4.213205479452055,24
GO SMS Pro Z Glass Theme EX,PERSONALIZATION,3.8,24198
Route Z,GAME,3.9,24697
Z PIVOT,COMMUNICATION,4.213205479452055,0
Dragon X Adventure: Warrior Z,GAME,4.3,8537
Ultimate Fighter Z,GAME,4.3,180
Theme eXp - Black Z Light,PERSONALIZATION,4.3,29540
Toy Battle Z,FAMILY,4.1,133
Wave Z Live Wallpaper,PERSONALIZATION,4.2,63699
Six Pack in 30 Days - Abs Workout,HEALTH_AND_FITNESS,4.9,272172
30 Day Ab Challenge,HEALTH_AND_FITNESS,4.5,1886
Angry Birds Blast,FAMILY,4.6,253115
ab,FAMILY,3.8,10
Ultimate Ab & Core Workouts,HEALTH_AND_FITNESS,4.7,55571
Angry Birds Evolution,FAMILY,4.5,384602
Angry Birds Match,FAMILY,4.7,227401
Angry Birds POP Bubble Shooter,FAMILY,4.5,596628
Abs Workout - Burn Belly Fat with No Equipment,HEALTH_AND_FITNESS,4.8,69279
6 Pack Promise - Ultimate Abs,HEALTH_AND_FITNESS,4.6,18921
Angry Birds 2,FAMILY,4.6,3881752
AB Repeat Player,VIDEO_PLAYERS,4.3,1628
"Abs, Core & Back Workout Challenge",HEALTH_AND_FITNESS,4.8,3908
AB Mobile App,HEALTH_AND_FITNESS,3.4,2105
Daily Ab Workout,HEALTH_AND_FITNESS,4.6,2901
Angry Birds Rio,GAME,4.4,2610328
Angry Birds Epic RPG,FAMILY,4.5,2634605
A-B repeater,VIDEO_PLAYERS,4.4,32
Daily Ab Workout - Core & Abs Fitness Exercises,HEALTH_AND_FITNESS,4.4,44939
Abs workout 7 minutes,HEALTH_AND_FITNESS,4.6,37224
Angry Birds Friends,GAME,4.2,829753
30 Day Ab Challenge FREE,HEALTH_AND_FITNESS,4.3,48253
AB Blast Match 3,FAMILY,4.3,111
AB Click2Shop,SHOPPING,3.8,454
Math games for kids : times tables - AB Math,FAMILY,3.9,2371
AB Crush Match 3,FAMILY,4.3,96
"ABS Workout - Belly workout, 30 days AB",HEALTH_AND_FITNESS,4.8,5103
AB Match,FAMILY,4.2,9
Math games for kids : times tables training,FAMILY,4.5,630
7 minute abs workout - Daily Ab Workout,HEALTH_AND_FITNESS,4.8,527
AB Anywhere Mobile Banking,FINANCE,4.213205479452055,3
5 Minute Ab Workouts,HEALTH_AND_FITNESS,4.6,2067
Angry Birds Go!,GAME,4.2,3846378
AB Screen Recorder,TOOLS,4.2,533
Six Pack Abs Photo Editor,PHOTOGRAPHY,4.0,5967
Best Blood Type AB: Food Diet & Personality,LIFESTYLE,4.213205479452055,3
Angry Birds Star Wars,GAME,4.3,1218055
30 Day AB Challenge - Lumowell,HEALTH_AND_FITNESS,4.8,793
Ab Workouts,HEALTH_AND_FITNESS,4.1,27501
Ab Workouts - Ab Generator,HEALTH_AND_FITNESS,4.7,21
Chatime AB Rewards,FAMILY,4.213205479452055,9
Abs workout - 21 Day Fitness Challenge,HEALTH_AND_FITNESS,4.8,18604
Ladies' Ab Workout FREE,HEALTH_AND_FITNESS,4.0,12906
30-Day Ab Challenge Tracker,HEALTH_AND_FITNESS,3.5,224
Universal AC Remote Control,TOOLS,3.8,40934
AC Freedom,BUSINESS,3.5,537
Smart Air Conditioner,TOOLS,3.3,4786
Assassin's Creed Identity,GAME,3.7,42529
AC Remote Control,TOOLS,3.3,472
Air conditioner remote control,TOOLS,3.4,29854
Smart-AC Universal Remote Free,FAMILY,1.8,3270
AC REMOTE UNIVERSAL-PRO,FAMILY,1.6,402
Kenmore Smart AC,LIFESTYLE,1.9,71
AC WIFI,TOOLS,3.6,41
A/C Air Conditioner Remote,TOOLS,3.4,7816
Smart Air Conditioner(CAC),TOOLS,3.2,409
Carrier Air Conditioner,TOOLS,2.5,362
AC Troubleshooter,TOOLS,4.7,147
TOSHIBA Smart AC,TOOLS,2.6,60
Trane Interactive Smart AC,TOOLS,2.8,48
AC remote control mobile,TOOLS,3.9,3043
"AC Air condition Troubleshoot,Repair,Maintenance",BOOKS_AND_REFERENCE,4.2,27
AC Remote for Haier - NOW FREE,TOOLS,3.9,336
Air Conditioner Maintenance,PRODUCTIVITY,4.0,11
AC Remote for Daikin - NOW FREE,TOOLS,3.5,383
A/C Universal Remote Control,TOOLS,3.1,3263
AC Remote for LG - NOW FREE,TOOLS,3.7,1041
Plug-in app (System AC),TOOLS,3.6,126
LG AC Smart Diagnosis,LIFESTYLE,3.4,377
AC Remote for Midea - NOW FREE,TOOLS,4.0,448
Ac remote control,TOOLS,3.7,822
A/C REFRIGERANT CAPACITY,BUSINESS,1.7,84
Remote Control For All AC - Universal Remote,PRODUCTIVITY,2.4,166
All Type Ac Repair & Services,LIFESTYLE,4.3,45
AC - Tips & News for Android™,NEWS_AND_MAGAZINES,4.2,23291
AC Remote Control Simulator,FAMILY,3.3,353
"Mi Remote controller - for TV, STB, AC and more",TOOLS,4.1,114340
AcDisplay,PERSONALIZATION,4.1,66473
AC Mobile Control,HOUSE_AND_HOME,3.4,1450
AC Remote For LG,TOOLS,3.0,1298
Universal AC Remote Control Simulator,FAMILY,3.0,119
Hi-Smart AC,TOOLS,2.2,32
AC Remote for Sharp - NOW FREE,TOOLS,3.7,332
AC Remote for Samsung - NOW FREE,TOOLS,3.7,566
Pocket AC,PHOTOGRAPHY,4.8,130
AC Remote for Carrier - NOW FREE,TOOLS,3.7,163
"AC & TV, DVD, Set Top Box - Remote control IR",TOOLS,3.6,3632
ac remote control,TOOLS,3.7,9514
Free Adblocker Browser - Adblock & Popup Blocker,COMMUNICATION,4.4,152470
Ad Detect Plugin - Handy Tool,PRODUCTIVITY,3.8,5107
AppBrain Ad Detector,TOOLS,3.7,9221
"AD - Nieuws, Sport, Regio & Entertainment",NEWS_AND_MAGAZINES,3.7,10369
Flud (Ad free),VIDEO_PLAYERS,4.8,5639
AdClear Ad blocker for Samsung,TOOLS,4.2,1586
Adblock Browser for Android,COMMUNICATION,4.1,121113
"CM Browser - Ad Blocker , Fast Download , Privacy",COMMUNICATION,4.6,2265084
Adguard Content Blocker,TOOLS,4.1,14491
tTorrent - ad free,VIDEO_PLAYERS,4.3,2976
cronometer (ad free),HEALTH_AND_FITNESS,3.9,1075
Ad Detector,TOOLS,3.8,208
Adblock Plus for Samsung Internet - Browse safe.,COMMUNICATION,4.0,8769
MyRadar NOAA Weather Radar Ad Free,WEATHER,4.5,3005
Safe Notes - Secure Ad-free notepad,PRODUCTIVITY,4.6,3362
Adblock Fast,PRODUCTIVITY,4.1,9914
FVD Ad-Free,TOOLS,4.4,1774
2000 AD Comics and Judge Dredd,COMICS,3.7,705
Anti Adware,TOOLS,3.9,18751
Ad Blocker Turbo - Adblocker Browser,COMMUNICATION,3.9,107
Weather & Radar Pro - Ad-Free,WEATHER,4.5,25243
ONScripter Plus (Ad Free),GAME,4.5,100
Vpn Hosts (ad blocker & no root & support ipv6 ),TOOLS,4.4,319
Google AdSense,PRODUCTIVITY,4.3,52677
Ad-free Triangle Solver,FAMILY,4.5,118
Ez Screen Recorder (no ad),VIDEO_PLAYERS,4.7,8696
Best Applock - Locker & No Ads,PRODUCTIVITY,4.7,10672
Local Services ads by Google,BUSINESS,4.1,7
Ad Block REMOVER - NEED ROOT,TOOLS,3.3,999
WhatsFake Pro (Ad free),SOCIAL,4.2,204
Photo Compress 2.0 - Ad Free,TOOLS,4.1,6267
Ad Removal: thereisonlywe,PRODUCTIVITY,3.4,16
Brave Browser: Fast AdBlocker,COMMUNICATION,4.3,40241
Solitaire: Decked Out Ad Free,GAME,4.9,37302
"WeatherClear - Ad-free Weather, Minute forecast",WEATHER,4.5,3252
Ad Remove Plugin for App2SD,PRODUCTIVITY,4.1,66
"Digital Clock : Simple, Tiny, Ad-free Desk Clock.",LIFESTYLE,4.4,317
Google Ads,BUSINESS,4.3,29331
RAM Cleanup Ad-Free Option,TOOLS,4.4,457
Emo Ads Blocker Browser,TOOLS,3.4,1555
Bing Ads,BUSINESS,4.1,1828
My baby firework (Remove ad),FAMILY,4.1,30
Apps Ads Detector,TOOLS,3.5,315
TIMBER AD FILTER - Very useful ad block app,PRODUCTIVITY,3.8,1343
Alchemy Classic Ad Free,FAMILY,4.6,20178
Mobi Calculator free & AD free!,TOOLS,4.6,77302
Easy Hotspot Ad Free,TOOLS,5.0,2
Flipp - Weekly Shopping,SHOPPING,4.6,85782
"AE + Aerie: Jeans, Dresses, Swimsuits & Bralettes",SHOPPING,4.2,20476
A&E - Watch Full Episodes of TV Shows,FAMILY,4.0,29708
Adobe Premiere Clip,VIDEO_PLAYERS,3.9,39495
Shortcuts for After Effects,FAMILY,3.7,464
AE Sudoku,FAMILY,4.3,2171
ESS Mobile for AE,PRODUCTIVITY,1.9,63
AE Jewels 2: Island Adventures,GAME,4.2,652
AE Bubble:Offline Bubble Games,FAMILY,4.2,6973
AE Basketball,SPORTS,4.0,8100
AE Bingo: Offline Bingo Games,GAME,4.4,61746
AE Jewels,GAME,4.2,960
AE Spider Solitaire,GAME,4.5,17263
AE Coin Mania : Arcade Fun,GAME,4.3,30002
AE Roundy POP,FAMILY,4.4,5262
Mupen64+AE FREE (N64 Emulator),GAME,4.0,41759
Mupen64Plus AE (N64 Emulator),GAME,4.2,4569
AE Lucky Fishing,GAME,4.3,18277
AE Video Poker,GAME,4.0,721
AE Solitaire,GAME,4.3,1776
AE Archer,SPORTS,3.9,8638
AE Blackjack,GAME,4.0,1417
AE Gun Ball: arcade ball games,GAME,3.7,8581
AE Order,TOOLS,4.1,19
TV.AE,FAMILY,3.9,109
AE 3D MOTOR :Racing Games Free,GAME,4.2,74902
AE Garage,AUTO_AND_VEHICLES,4.4,64
AE Bulletins,BOOKS_AND_REFERENCE,4.5,14
AE GTO Racing,GAME,3.9,6988
AE 3D Moto 3,GAME,3.9,2588
AE FreeCell,GAME,4.2,358
AE City Jump,GAME,4.5,804
AE Angry Chef,GAME,4.1,533
Ae Allah na Dai (Rasa),BOOKS_AND_REFERENCE,4.7,263
Dashboard AE,AUTO_AND_VEHICLES,4.213205479452055,0
FilmoraGo - Free Video Editor,VIDEO_PLAYERS,4.4,238459
Event Manager - AllEvents.in,EVENTS,4.7,120
Nasihat - Chalo ae Pyaara,FAMILY,4.7,557
AE Master Moto,GAME,4.0,17876
Brica BPRO5 AE,PHOTOGRAPHY,3.9,4726
AE Manager,TOOLS,4.213205479452055,0
AE Air Hockey,SPORTS,3.8,926
Connect.ae - Local Search UAE,TRAVEL_AND_LOCAL,3.9,194
AE Fishing Hunter,GAME,4.4,14
ActionDirector Video Editor - Edit Videos Fast,VIDEO_PLAYERS,4.5,74531
Ivanti AE Agent,BUSINESS,4.213205479452055,1
AE Checkout Plugin,SHOPPING,3.8,208
NewTek NDI,PHOTOGRAPHY,3.5,77
AfterFocus,PHOTOGRAPHY,4.2,165224
AF Link,NEWS_AND_MAGAZINES,4.7,210
AF Hydro,HEALTH_AND_FITNESS,2.0,136
Gunship III Vietnam People AF,FAMILY,4.3,726
AF Comics Reader - Free,COMICS,2.8,5
Camera FV-5 Lite,PHOTOGRAPHY,4.0,130063
Flim Af Somali Hindi Fanproj,FAMILY,3.9,12
"Cardiac diagnosis (heart rate, arrhythmia)",MEDICAL,4.2,4559
DSLR camera - Auto Focus and Blur Professional,PHOTOGRAPHY,3.4,30
AF-STROKE (FREE),MEDICAL,4.5,93
Hesab.af - Send money in Afghanistan,FINANCE,4.7,51
AppFinder by AppTap,TOOLS,2.0,2221
iFunny :),FAMILY,4.4,503757
Toppen af Danmark,TRAVEL_AND_LOCAL,4.213205479452055,8
AF-STROKE,MEDICAL,4.213205479452055,5
i-share AF/KLM (AFKL ishare),SOCIAL,4.213205479452055,2
Bazar.af,SHOPPING,4.7,13
DSLR Blur Camera Auto Focus,TOOLS,3.3,75
Ariana News AF,NEWS_AND_MAGAZINES,4.1,20
AF Legendary 2017,BUSINESS,4.213205479452055,0
AR effect,PHOTOGRAPHY,4.2,79792
ASUS PixelMaster Camera,PHOTOGRAPHY,4.4,626366
AzadBazar.af,SHOPPING,4.213205479452055,3
easyFocus,PHOTOGRAPHY,3.7,3396
AF Nutrition - Integratori,HEALTH_AND_FITNESS,4.213205479452055,6
Open Camera,PHOTOGRAPHY,4.3,116769
Blur Image - DSLR focus effect,PHOTOGRAPHY,3.9,38055
Tafsiir Quraan MP3 Af Soomaali Quraanka Kariimka,LIFESTYLE,5.0,7
Camera Pro,PHOTOGRAPHY,4.1,7479
Rоhi.af,NEWS_AND_MAGAZINES,4.8,46
HD Camera - silent shutter,PHOTOGRAPHY,4.0,26530
AF Our Time to Shine,BUSINESS,4.213205479452055,0
A Better Camera,PHOTOGRAPHY,4.1,76484
Auto Dslr Photo Effect : Auto Focus Effect,PHOTOGRAPHY,3.8,6
"9GAG: Funny Gifs, Pics, Memes & Videos for IGTV",FAMILY,4.6,1450632
AF Johannesburg,FAMILY,4.213205479452055,3
PhotoScan by Google Photos,PHOTOGRAPHY,4.3,61990
Gun Strike Shoot,GAME,4.1,94761
All Football - Latest News & Videos,SPORTS,4.6,152653
50000 Free eBooks & Free AudioBooks,BOOKS_AND_REFERENCE,4.1,52312
AppLock,TOOLS,4.4,4931562
King of Avalon: Dragon Warfare,FAMILY,4.2,306652
What's Up,LIFESTYLE,4.1,23453
Afterlight,PHOTOGRAPHY,4.3,50893
Blurfoto : Auto blur photo background & DSLR focus,PHOTOGRAPHY,4.3,2215
Blur,PHOTOGRAPHY,4.0,9013
"AG Contacts, Premium edition",COMMUNICATION,4.5,88
Ag PhD Field Guide,BOOKS_AND_REFERENCE,4.1,114
AG Drive 3D,GAME,3.8,164
Apps for SportsBєtting.ag - Bitcoin Welcome here!,SPORTS,4.213205479452055,0
"AG Contacts, Lite edition",COMMUNICATION,4.5,185
Ag Weather Tools,WEATHER,4.213205479452055,0
Trimble Ag Mobile,PRODUCTIVITY,4.1,85
Ag Tools,TOOLS,4.213205479452055,2
Ag PhD Deficiencies,BOOKS_AND_REFERENCE,3.9,20
AG Screen Recorder,TOOLS,3.7,7
SOLEM AG,TOOLS,4.213205479452055,1
AG Subway Simulator Mobile,FAMILY,4.5,623
AG Subway Simulator Lite,FAMILY,4.4,6738
Elim AG,LIFESTYLE,4.213205479452055,7
EZ Ag Mobile,FINANCE,3.4,19
AG Subway Simulator Pro,FAMILY,4.213205479452055,0
BRL AG,TOOLS,4.213205479452055,0
Oklahoma Ag Co-op Council,COMMUNICATION,4.213205479452055,0
AG Fast Service Automotive,AUTO_AND_VEHICLES,4.213205479452055,5
Ag PhD Soils,PRODUCTIVITY,2.3,3
All States Ag Parts,SHOPPING,4.7,68
VR AG Racing for Cardboard,GAME,3.4,13
Safe Ag Systems™,BUSINESS,4.7,3
Ag PhD Planting Population Calculator,BOOKS_AND_REFERENCE,4.213205479452055,0
Ag Trucking Mobile App,PRODUCTIVITY,4.213205479452055,0
Lakeside AG Moultrie,LIFESTYLE,5.0,3
Ag Guardian,PRODUCTIVITY,4.213205479452055,1
Wind & Weather Meter for Ag,WEATHER,4.213205479452055,3
Ag Across America,FAMILY,4.213205479452055,0
Border Ag & Energy,BUSINESS,4.213205479452055,0
Ag-Pro Companies,BUSINESS,4.213205479452055,0
My Ag Report,PRODUCTIVITY,4.213205479452055,1
Alabama Ag Credit Ag Banking,FINANCE,4.213205479452055,0
AG EMS Tour,FAMILY,4.213205479452055,3
Mix Tank – Tank Mixing Ag App,PRODUCTIVITY,3.6,64
Eternal Light AG,SOCIAL,5.0,30
AG test,TOOLS,4.213205479452055,3
West Central Ag,BUSINESS,4.213205479452055,3
Platincoin Wallet - PLC Group AG,LIBRARIES_AND_DEMO,4.3,375
Tri-Ag (WV) FCU,FINANCE,4.213205479452055,0
Ag PhD Soybean Diseases,BOOKS_AND_REFERENCE,4.213205479452055,0
United Ag Cooperative,BUSINESS,4.213205479452055,0
Ag Valley Cooperative,BUSINESS,5.0,6
Michael's AG Sound Board,FAMILY,4.213205479452055,0
Ag-Power,BUSINESS,4.213205479452055,0
Fertilizer Removal By Crop,BOOKS_AND_REFERENCE,4.1,295
AG Track,TOOLS,4.1,12
Denis Brogniart - AH !,FAMILY,4.5,2931
Freeland AH,MEDICAL,4.213205479452055,0
MD PAWS AH,MEDICAL,4.213205479452055,0
AH Connect (Adventist Health),HEALTH_AND_FITNESS,3.4,5
Woodland AH,MEDICAL,4.213205479452055,0
Mukwonago AH,MEDICAL,4.213205479452055,1
Angelcare AH,MEDICAL,4.213205479452055,0
WoW AH Tracker,TOOLS,2.9,33
AH Kollection for KLWP,PERSONALIZATION,4.6,644
Chenoweth AH,MEDICAL,5.0,1
Sayers AH,MEDICAL,4.213205479452055,0
Claus Paws AH,MEDICAL,4.213205479452055,1
Denis Brogniart - AH 2 !,FAMILY,4.213205479452055,4
Ah! Cutie,FAMILY,3.9,536
AH Alarm Panel,TOOLS,3.9,7
Arrowhead AH App,MEDICAL,5.0,3
Ah! Monster,FAMILY,4.1,1998
Kimbrough AH,MEDICAL,5.0,5
The Ah Yeah! Button,FAMILY,3.0,30
Bee'ah Employee App,COMMUNICATION,4.0,4
Clarksburg AH,MEDICAL,1.0,1
WAH AH,MEDICAL,4.213205479452055,0
Prestige AH,MEDICAL,4.0,2
San Dimas AH,MEDICAL,4.213205479452055,0
Ah Bailar,FAMILY,4.213205479452055,10
Ebenezer AH,MEDICAL,4.0,4
Boston AH,MEDICAL,4.213205479452055,1
AH-1 Viper Cobra Ops - helicopter flight simulator,GAME,3.8,1088
Ah !,FAMILY,4.213205479452055,3
Kay AH GA,MEDICAL,4.213205479452055,0
Bayview Hill AH,MEDICAL,4.213205479452055,0
Hilltop AH,MEDICAL,4.213205479452055,0
Ah Ha Block,FAMILY,4.213205479452055,2
AH Lake Villa,MEDICAL,4.213205479452055,3
Ferguson AH,MEDICAL,4.213205479452055,0
be'ah,HEALTH_AND_FITNESS,4.213205479452055,5
Ah! Bird,SPORTS,3.5,1689
Downers Grove AH,MEDICAL,4.213205479452055,0
AH! Soundboard,FAMILY,4.213205479452055,11
Sherbourne AH,MEDICAL,4.213205479452055,1
Cathy AH,TOOLS,4.213205479452055,0
Monticello AH,MEDICAL,4.213205479452055,0
Brandon Lakes AH,MEDICAL,2.6,5
Forest Crossing AH,MEDICAL,4.213205479452055,0
Ah! Coins,GAME,3.4,256
Mitchell AH,MEDICAL,4.213205479452055,0
AH of Rocky Hill,MEDICAL,4.213205479452055,0
Replika,FAMILY,4.5,45458
Ai illustrator viewer,ART_AND_DESIGN,3.4,486
Real AI,FAMILY,3.8,949
The Artificial Intelligence Project (A.I. Chat),FAMILY,3.0,76
Virtual Assistant DataBot: Artificial Intelligence,FAMILY,4.4,80927
ALPHA - Artificial Intelligence,FAMILY,4.0,51
Artificial Intelligence,FAMILY,3.9,339
Orbita AI — Exciting mobile puzzles & riddles,FAMILY,4.6,116973
SMS AI Bot,TOOLS,3.8,89
ChatBot AI Talking Girl,FAMILY,3.8,3597
Ai File Viewer,TOOLS,4.0,66
Youper - AI Therapy,MEDICAL,4.6,1976
ParaTek Ai Speech generator,TOOLS,3.6,448
Extreme- Personal Voice Assistant,PRODUCTIVITY,4.4,25627
AI Face Beauty Analysis - IntelliFace (Free),BEAUTY,3.1,40
Robin - AI Voice Assistant,MAPS_AND_NAVIGATION,4.2,55313
Learn Artificial Intelligence,FAMILY,4.6,27
AI Benchmark,TOOLS,4.0,97
AI Today : Artificial Intelligence News & AI 101,NEWS_AND_MAGAZINES,5.0,43
Tomo A.i. Pet Chat Bot,FAMILY,3.3,40
Puck AI Personal Assistant Robot,PRODUCTIVITY,4.1,22
Builder (by Engineer.ai),PRODUCTIVITY,3.6,8
Chat With Artificial Intelligence,FAMILY,3.2,32
Friday: Smart Personal Assistant,PRODUCTIVITY,4.4,2087
Picai - Smart AI Camera,PHOTOGRAPHY,4.0,529
Virtual Eye AI,TOOLS,4.4,26
Lyra Virtual Assistant,PRODUCTIVITY,4.5,41624
2048(AI),FAMILY,4.3,20
ai robot keyboard,PERSONALIZATION,4.7,1891
AI with Python Tutorial,FAMILY,4.4,8
ai.Bot Box,PRODUCTIVITY,4.213205479452055,0
Adobe Illustrator Draw,PHOTOGRAPHY,4.4,65766
FaceApp,PHOTOGRAPHY,4.4,346681
Message AI - Write Better Messages (Free),SOCIAL,3.7,3
ChatBolo - AI Chatbot Online,FAMILY,3.3,1407
Artificial intelligence,FAMILY,4.213205479452055,3
MiAI (Artificial Intelligence) Assistant,PRODUCTIVITY,3.7,3
AI Draw | Art Filter for Selfie,PHOTOGRAPHY,3.0,20
Turbo AI™ - Personal assistant,PRODUCTIVITY,2.6,91
Message AI - Write Better Messages,TOOLS,4.213205479452055,0
AI Image Recognizer (beta),PHOTOGRAPHY,4.213205479452055,0
AI Sight,PRODUCTIVITY,3.5,43
Jarvis artificial intelligent,FAMILY,3.9,253
Age of AI: War Strategy,FAMILY,4.6,71
DREAM-e: Dream Analysis A.I.,LIFESTYLE,3.8,89
Animal Jam - Play Wild!,FAMILY,4.6,361734
AJ Jump: Animal Jam Kangaroos!,GAME,4.4,2975
AJ Academy: Amazing Animals,FAMILY,4.5,1564
Dash Tag - Fun Endless Runner!,FAMILY,4.5,6750
Jamaa Amino for Animal Jam,SOCIAL,4.7,3873
Tunnel Town,FAMILY,4.4,74744
AJ+ Beta,NEWS_AND_MAGAZINES,4.213205479452055,0
AJ Cam,PHOTOGRAPHY,5.0,44
AJ Reminders,MAPS_AND_NAVIGATION,4.213205479452055,0
tournaments and more.aj.2,COMMUNICATION,4.213205479452055,0
Club Penguin Island,FAMILY,2.8,107441
Aj. Vallbona,NEWS_AND_MAGAZINES,4.213205479452055,0
AJ Official,FAMILY,4.6,31
AJ Bell Youinvest,FINANCE,2.8,135
Hey AJ! It's Saturday!,BOOKS_AND_REFERENCE,5.0,12
Selfie With Champion AJ Style,PHOTOGRAPHY,5.0,2
Baby Game Animal Jam Free,GAME,2.8,9
AJ Concept Group App,HOUSE_AND_HOME,4.213205479452055,0
Blackjack aj Poker,GAME,3.8,8
Bonza Poly Art - Tenkyu Animal Jam for Kids,FAMILY,4.1,22
A.J. Styles HD Wallpapers 2018,PHOTOGRAPHY,4.213205479452055,1
AJ Player,VIDEO_PLAYERS,4.8,18
AJ RETAILS,SHOPPING,5.0,9
Hey AJ! It's Bedtime!,FAMILY,5.0,1
AJ AUTO,AUTO_AND_VEHICLES,4.213205479452055,0
AJ Percent Off Calculator,SHOPPING,4.4,134
AJ Nails Supply,SHOPPING,4.213205479452055,1
Aj.Petra,COMMUNICATION,4.213205479452055,5
AJ Men's Grooming,LIFESTYLE,5.0,2
Watch Face Swiss AJ-6,PERSONALIZATION,4.1,21
AJ Rafael Music Lyrics,FAMILY,4.213205479452055,0
AJ Styles HD Wallpapers,ART_AND_DESIGN,4.8,48
AJ and Alyssa,LIFESTYLE,4.213205479452055,0
A.J. Green Wallpapers 4 Fans,LIFESTYLE,4.213205479452055,0
AJ Gray Icon Pack,PERSONALIZATION,4.8,5
AJ Styles Wallpaper 2018 - AJ Styles HD Wallpaper,ART_AND_DESIGN,4.0,18
A-J Media Vault,BOOKS_AND_REFERENCE,4.213205479452055,1
AJ Gray Dark Icon Pack,PERSONALIZATION,5.0,2
Little Pets Animal Guardians,FAMILY,4.6,18893
AJ-COMICS,FOOD_AND_DRINK,4.213205479452055,0
AJ Blue Icon Pack,PERSONALIZATION,5.0,4
AJ Tracey Music and Lyrics,FAMILY,4.213205479452055,0
AJ Turquoise Dark Icon Pack,PERSONALIZATION,4.213205479452055,0
AJ렌터카 법인 카셰어링,MAPS_AND_NAVIGATION,4.213205479452055,0
My Wild Pet: Online Animal Sim,FAMILY,4.5,26916
AJ Rafael Music Lessons,FAMILY,5.0,1
AJ Orange Icon Pack,PERSONALIZATION,4.213205479452055,0
AJ Wallpapers,PERSONALIZATION,4.213205479452055,0
Aj Di Awaaz,NEWS_AND_MAGAZINES,4.213205479452055,9
How it works: AK-74N,FAMILY,4.4,1031
AK-47: Simulator and Shooting,FAMILY,4.0,345
AK-47 Simulation and Info,FAMILY,4.213205479452055,2
AK-47 Sounds,FAMILY,3.9,656
AK 47 Live Wallpaper,PERSONALIZATION,4.1,585
Puppy Shooting an AK-47: Platformer Zombie Game,GAME,4.8,21
AK Interactive,FAMILY,4.3,734
AK-47 sounds,FAMILY,3.9,7
Wallpapers AK 47 Guns,PERSONALIZATION,4.5,37
AK 47 Assault Rifle Wallpapers,PERSONALIZATION,4.213205479452055,1
AK-47 Assault Rifle,FAMILY,3.7,165
Crisis Action: 2018 NO.1 FPS,GAME,4.3,807226
AK 47 Guns Wallpaper,PERSONALIZATION,4.2,322
AK-47 3D,GAME,3.7,91
Book of AK-47,LIFESTYLE,3.8,6
Weapon stripping 3D,FAMILY,4.6,23971
AK-47 Assult Rifle: Gun Shooting Simulator Game,GAME,4.213205479452055,1
Ak-47 Wallpapers 2018,PERSONALIZATION,4.213205479452055,7
Wallpapers New AK 47 Assault Rifle Guns Arms,PERSONALIZATION,4.213205479452055,0
Weapon AK-74 Live Wallpaper,PERSONALIZATION,3.3,25
Shoot M-16 vs AK-47 : realistic weapon simulator,FAMILY,3.0,2
Counter Terrorist Attack,GAME,3.9,145931
RULES OF SURVIVAL,GAME,4.2,1343106
AK47 Assault Rifle,TOOLS,3.9,54
Wallpapers AK 74M,PERSONALIZATION,4.213205479452055,0
Weapons simulator AK-47,FAMILY,4.1,21
Wallpapers AK 12,PERSONALIZATION,4.213205479452055,0
AK 47 Lock Screen,PERSONALIZATION,4.6,5
Gun AK 47,FAMILY,4.213205479452055,3
AK Blackjack,GAME,4.213205479452055,4
Jigsaw Puzzles AK 74M,PERSONALIZATION,4.213205479452055,0
AK-47 guns Sounds,FAMILY,4.213205479452055,2
AK Phone,COMMUNICATION,4.4,9
AK Booster,TOOLS,3.8,71
GUN ZOMBIE,GAME,4.4,243121
Ak Parti Yardım Toplama,SOCIAL,4.213205479452055,0
AK Lodi Films,VIDEO_PLAYERS,4.9,23
Gun Mod: Guns in Minecraft PE,FAMILY,3.6,33812
Kymco AK 550,AUTO_AND_VEHICLES,4.3,47
AK Math Coach,FAMILY,3.6,283
Shoot Strike War Fire,GAME,4.1,82827
AL.com,NEWS_AND_MAGAZINES,3.4,803
University of Alabama,FAMILY,4.5,302
Alabama Gameday Live,SPORTS,4.7,19
AL.com: Alabama Football News,SPORTS,4.5,459
Alabama Road Trips,TRAVEL_AND_LOCAL,4.4,71
Alabama DMV Permit Test - AL,FAMILY,4.3,218
Al-Quran (Free),BOOKS_AND_REFERENCE,4.6,218451
Official AL Fishing & Hunting,TRAVEL_AND_LOCAL,4.2,1291
Al Quran (Tafsir & by Word),BOOKS_AND_REFERENCE,4.8,57400
Al-Moazin Lite (Prayer Times),LIFESTYLE,4.6,284670
Al Quran Indonesia,BOOKS_AND_REFERENCE,4.8,445756
Al'Quran Bahasa Indonesia,BOOKS_AND_REFERENCE,4.6,361780
Al Quran Al karim,BOOKS_AND_REFERENCE,4.6,41608
Al jazeera TV,FAMILY,4.6,9952
Al Jazeera English,NEWS_AND_MAGAZINES,4.1,24456
Al-Muhaffiz,BOOKS_AND_REFERENCE,4.7,2319
Al Quran Audio (Full 30 Juz),FAMILY,4.7,7878
Quran for All (Al-Huda Int.),FAMILY,4.8,6696
AL Voice Recorder,PRODUCTIVITY,3.6,4832
Ayat - Al Quran,FAMILY,4.7,173394
Quran Juz-30 - Mahad al Zahra,FAMILY,4.6,2654
Al Quran : EAlim - Translations & MP3 Offline,BOOKS_AND_REFERENCE,4.5,96419
Al Mayadeen,NEWS_AND_MAGAZINES,4.7,13620
Al-Quran Al-Muallim,FAMILY,4.5,199
We're Working Out - Al Kavadlo,HEALTH_AND_FITNESS,4.3,979
Al-Quran 30 Juz free copies,BOOKS_AND_REFERENCE,4.5,12322
Koran Read &MP3 30 Juz Offline,BOOKS_AND_REFERENCE,4.8,29551
Al Quran MP3 - Quran Reading®,FAMILY,4.7,47463
Al'Quran Bahasa Indonesia PRO,BOOKS_AND_REFERENCE,4.7,1340
Hafizi Quran 15 lines per page,BOOKS_AND_REFERENCE,4.7,55011
Al-Quran Ahmad Saud Offline,FAMILY,4.7,7116
12 Step Meditations & Sober Prayers AA NA AL-ANON,LIFESTYLE,4.7,759
Quran for Android,BOOKS_AND_REFERENCE,4.7,497826
Al Quran Free - القرآن (Islam),BOOKS_AND_REFERENCE,4.7,1777
Taha Al Junaid Quran Mp3,LIFESTYLE,4.6,518
Surah Al-Waqiah,BOOKS_AND_REFERENCE,4.7,1201
"Muslim Pro - Prayer Times, Azan, Quran & Qibla",LIFESTYLE,4.7,1133393
Hisnul Al Muslim - Hisn Invocations & Adhkaar,BOOKS_AND_REFERENCE,4.6,3234
I am rich,LIFESTYLE,3.8,3547
I AM RICH,FAMILY,3.9,1455
Amazon for Tablets,SHOPPING,4.0,141584
I am Rich Plus,FAMILY,4.0,856
I am rich VIP,LIFESTYLE,3.8,411
I Am Rich Premium,FINANCE,4.1,1867
I am extremely Rich,LIFESTYLE,2.9,41
I am Rich!,FINANCE,3.8,93
I am rich(premium),FINANCE,3.5,472
I am Rich Person,LIFESTYLE,4.2,134
I am Rich Premium Plus,FINANCE,4.6,459
I Am Rich Pro,FAMILY,4.4,201
I Am Innocent,GAME,4.4,208501
I am rich (Most expensive app),FINANCE,4.1,129
i am rich,BUSINESS,3.9,213
I Am Rich,FAMILY,3.6,217
I am Bread,GAME,4.0,630
Where Am I At?,TRAVEL_AND_LOCAL,3.8,39
I am Rich,FINANCE,4.3,180
Where Am I? GPS Loc,TRAVEL_AND_LOCAL,4.6,68
I am Millionaire - Richest guy in the town,LIFESTYLE,3.6,126
Coast To Coast AM Insider,NEWS_AND_MAGAZINES,3.9,4581
I AM RICH PRO PLUS,FINANCE,4.0,36
Where Am I?,TOOLS,4.2,1313
I Am Wizard,FAMILY,4.2,1493
What Am I? - Brain Teasers,GAME,4.2,4537
Who am I? (Biblical),GAME,4.5,5849
DWWW 774 Ultimate AM Radio,NEWS_AND_MAGAZINES,4.7,327
Anno: Build an Empire,FAMILY,3.5,33944
Vikings: an Archer's Journey,GAME,4.5,10256
Final Fantasy XV: A New Empire,FAMILY,4.0,484858
Trell: An app for Explorers | Best Wanderlust App,LIFESTYLE,4.6,8004
Virtual Families 2,FAMILY,4.2,636228
The Sims™ FreePlay,FAMILY,4.3,931503
My Emma :),FAMILY,4.1,245839
League of Gamers - Be an E-Sports Legend!,SPORTS,4.5,68072
Draw a Stickman: EPIC Free,GAME,4.2,210317
My Horse,FAMILY,4.5,1333338
My Boo - Your Virtual Pet Game,FAMILY,4.4,899748
Create apps fast with beautiful design and no code,BUSINESS,3.7,23729
THE KING OF FIGHTERS-A 2012(F),GAME,4.4,406511
Text free - Free Text + Call,SOCIAL,4.3,315390
Diary with lock password,LIFESTYLE,4.3,179139
Fast like a Fox,GAME,4.3,104389
Google Photos,PHOTOGRAPHY,4.5,10847682
Scoompa Video - Slideshow Maker and Video Editor,PHOTOGRAPHY,4.5,559931
Girls Craft: Exploration,FAMILY,3.8,130689
The PCH App,LIFESTYLE,4.5,234971
Legend - Animate Text in Video,SOCIAL,4.5,228737
"Resume Builder Free, 5 Minute CV Maker & Templates",BUSINESS,4.4,72202
AO Surgery Reference,MEDICAL,4.7,2570
ao,FAMILY,3.5,14145
AO/OTA Fracture Classification,MEDICAL,4.9,25
AO Player,EVENTS,4.0,9
Ao Oni2,GAME,4.1,21223
A. O. Smith,TOOLS,4.2,32
AO-EVENT,BUSINESS,4.213205479452055,0
Arena of Valor: 5v5 Arena Game,GAME,4.4,438911
PlacarTv Futebol Ao Vivo,COMMUNICATION,4.1,2063
Virtual lover,FAMILY,4.6,45771
The Hunt for the Lost Treasure,FAMILY,4.6,7148
Attack the Light,FAMILY,4.7,19209
Princess Closet : Otome games free dating sim,FAMILY,4.5,29495
Gravidez ao Vivo,MEDICAL,4.213205479452055,61
365Scores - Live Scores,SPORTS,4.6,666246
PES 2018 PRO EVOLUTION SOCCER,SPORTS,4.4,1721943
Mobile Legends: Bang Bang,GAME,4.4,8219586
Heroes of Order & Chaos,FAMILY,4.2,690148
Kill Shot Bravo: Sniper FPS,GAME,4.4,579519
Tennis Champion 3D - Online Sports Game,SPORTS,4.0,170973
Carnivores: Dinosaur Hunter,GAME,4.2,62636
High School Simulator 2017,FAMILY,4.2,123136
Hopeless Land: Fight for Survival,GAME,4.2,250197
SofaScore Live Score,SPORTS,4.8,221722
Virtual Cigarette Smoking (prank),FAMILY,3.7,29838
Scanning body and undressing people,FAMILY,3.4,1012
Ultimate Tennis,SPORTS,4.3,183004
Legion of Heroes,FAMILY,4.3,143087
Soccer Star 2018 Top Leagues · MLS Soccer Games,SPORTS,4.6,652940
Heroes Arena,GAME,4.2,336386
virtual lover 3D,FAMILY,4.6,5195
Range Master: Sniper Academy,SPORTS,4.1,91935
DINO HUNTER: DEADLY SHORES,GAME,4.4,1381624
FC Barcelona Official App,SPORTS,4.6,92522
Can Your Pet? : Returns - Teen,FAMILY,4.3,45370
GUYZ - Gay Chat & Gay Dating,SOCIAL,4.4,41269
Bubbu – My Virtual Pet,FAMILY,4.7,394842
3D Tennis,SPORTS,4.2,1008012
Start the Hunt for the Lost Treasure,FAMILY,3.8,302
Treasure Hunt Hidden Objects Adventure Game,FAMILY,4.3,1231
Scanning under clothes (prank),FAMILY,3.7,1443
WGT Golf Game by Topgolf,SPORTS,4.3,148083
3D Holograms Joke,FAMILY,2.9,31596
Weaphones™ Gun Sim Free Vol 1,FAMILY,4.3,598975
Hidden Objects Treasure Hunt Adventure Games,FAMILY,4.3,275
Live Camera Viewer ★ World Webcam & IP Cam Streams,TRAVEL_AND_LOCAL,4.0,64164
Body scanner (prank),FAMILY,3.3,16063
AP Mobile - Breaking News,NEWS_AND_MAGAZINES,4.5,76616
AP ENPS Mobile,PRODUCTIVITY,4.1,22
AP® Guide,FAMILY,5.0,3
WiFi Access Point (hotspot),COMMUNICATION,3.9,684
AP Mobile,FAMILY,4.6,117
AP Manager,TOOLS,4.0,177
AP App for Android™,NEWS_AND_MAGAZINES,3.6,188
Access Point Finder,LIFESTYLE,4.0,22
AP English Language: Practice Tests and Flashcards,FAMILY,4.5,19
AP Mobile 104,BUSINESS,4.213205479452055,0
AP Planner,FAMILY,2.9,45
Access Point Browser,TOOLS,4.2,25
AP Installer,TOOLS,4.5,23
Access Point Proximity,TOOLS,4.213205479452055,5
Study AP World History,FAMILY,4.6,513
UniFi,TOOLS,4.7,11018
Ap Video Downloader for fb New 2018,TOOLS,4.2,676
AP Government Review,FAMILY,4.7,3
"ap,wifi testing,iperf,ping,android,Bluetooth,tcp",TOOLS,4.7,3
HotSpot Tethering Free/WiFi AP,TOOLS,3.9,478
AP Chemistry Prep: Practice Tests and Flashcards,FAMILY,4.7,55
AP Flashcards,FAMILY,3.7,88
AP World History: Practice Tests and Flashcards,FAMILY,4.8,21
Access Point Names,COMMUNICATION,4.0,138
"AP Biology Prep: Practice Tests, Flashcards",FAMILY,4.6,87
AP Biology Study Guide + Quiz,FAMILY,4.4,105
Reuters News,NEWS_AND_MAGAZINES,4.3,13166
500 AP World History Questions,FAMILY,4.7,7
AP Themes for Kustom/KLWP,PERSONALIZATION,3.6,5
AP Physics 1 Prep: Practice Tests and Flashcards,FAMILY,4.4,29
Fate GO Ap Counter,TOOLS,4.6,70
iScore5 AP Psych,FAMILY,2.9,10
Glanceable Ap Watch Face,PERSONALIZATION,4.213205479452055,0
AP Psychology Prep: Practice Tests and Flashcards,FAMILY,4.5,242
meStudying: AP English Lit,FAMILY,5.0,1
APN Settings,TOOLS,3.7,3743
AEE AP,PHOTOGRAPHY,4.213205479452055,4
AP Math & Computer Science,FAMILY,3.7,37
AP Series Solution Pro,FAMILY,4.213205479452055,0
AP Statistics Prep: Practice Tests and Flashcards,FAMILY,4.2,19
eChallan Andhra Pradesh (AP),SOCIAL,3.0,5
AP Art History Flashcards,FAMILY,5.0,1
True Skate,SPORTS,4.4,129409
AP European History: Practice Tests and Flashcards,FAMILY,4.7,7
AdventureQuest 3D MMO,FAMILY,4.3,22667
AdventureQuest Dragons,FAMILY,3.9,10114
AQ: First Contact,FAMILY,4.213205479452055,0
Battle Gems (AdventureQuest),FAMILY,4.4,48427
Undead Assault,GAME,4.3,4704
AQ Service,BUSINESS,4.213205479452055,4
AQ wisdom +,TOOLS,4.213205479452055,0
AQ SMS Notify,TOOLS,4.213205479452055,0
AQ Math Facts,FAMILY,4.213205479452055,1
Adventure Quest World Mobile Quiz,FAMILY,4.6,28
Aqw&3d Design Notes Manager,FAMILY,4.5,11
AQ Aspergers Test,MEDICAL,3.9,265
Guess the Class 🔥 AQW,GAME,4.7,57
Puffin Web Browser,COMMUNICATION,4.3,541661
AQ Ria Retail,FAMILY,5.0,4
Accounting Quiz (AQ) Malaysia,FAMILY,5.0,25
AQ Guards,PRODUCTIVITY,4.213205479452055,0
Wowkwis aq Ka'qaquj,FAMILY,5.0,1
AQ Coach,SPORTS,4.213205479452055,0
AQ Dentals,HEALTH_AND_FITNESS,4.213205479452055,0
AccuWeather: Daily Forecast & Live Weather Reports,WEATHER,4.4,2052407
中国語 AQリスニング,FAMILY,4.213205479452055,21
ClanHQ,COMMUNICATION,2.7,560
QuickShortcutMaker,PERSONALIZATION,4.6,41000
Moovit: Bus Time & Train Time Live Info,MAPS_AND_NAVIGATION,4.4,616742
Iron Blade,GAME,4.4,161637
QR Droid,PRODUCTIVITY,4.1,349151
QR BARCODE SCANNER,TOOLS,3.8,169369
Dungeon Boss – Strategy RPG,FAMILY,4.4,218881
Questland: Turn Based RPG,FAMILY,4.6,31134
Order & Chaos 2: 3D MMO RPG,FAMILY,4.1,242722
Dungeon Quest,FAMILY,4.5,244039
Dungeon Hunter 5 – Action RPG,FAMILY,4.2,720685
"Grow Stone Online : 2d pixel RPG, MMORPG game",FAMILY,4.7,84389
Evil Apples: A Dirty Card Game,GAME,4.3,137696
Megatramp - a Story of Success!,FAMILY,4.3,322976
Knightfall™ AR,FAMILY,4.2,254
Ghost Snap AR Horror Survival,GAME,3.8,898
The Walking Dead: Our World,GAME,4.0,22435
Jurassic World™ Alive,FAMILY,4.3,308944
Snaappy – 3D fun AR core communication platform,SOCIAL,4.6,16801
Sketchfab,FAMILY,4.3,906
Ingress,GAME,4.3,391325
My Tamagotchi Forever,FAMILY,4.3,28735
"Egg, Inc.",FAMILY,4.7,580160
Flat Pack,GAME,4.4,862
Crayola Color Blaster,GAME,3.8,17
Guns of Boom - Online Shooter,GAME,4.6,1226514
Guns Royale - Multiplayer Blocky Battle Royale,GAME,4.6,19070
Build.com - Shop Home Improvement & Expert Advice,HOUSE_AND_HOME,4.5,118
Wayfair - Shop All Things Home,SHOPPING,4.5,20247
NYTimes - Latest News,NEWS_AND_MAGAZINES,3.9,63640
"Overstock – Home Decor, Furniture Shopping",SHOPPING,4.4,25717
Stack It AR,GAME,3.8,1363
"ARuler - AR Ruler app, Measure tools",TOOLS,4.3,1602
SNOW - AR Camera,PHOTOGRAPHY,4.3,1017237
Monster Park AR - Jurassic Dinosaurs in Real World,FAMILY,3.7,128
AR Remote Car,FAMILY,3.2,1354
Solar System AR ( ARCore ),FAMILY,4.0,211
Super AR,FAMILY,3.8,410
Spacecraft AR,FAMILY,4.4,83
Assemblr - Create 3D Models (Sandbox AR),FAMILY,3.8,1745
MCRAFT AR - EDITOR,FAMILY,3.4,131
Jenga® AR,FAMILY,2.9,53
Nightenfell: Shared AR,GAME,4.5,20
Portal AR - Step Into Scotland,TRAVEL_AND_LOCAL,3.7,25
Arcraft - AR Sandbox,GAME,3.8,469
Augment - 3D Augmented Reality,BUSINESS,4.1,25195
Satellite AR,BOOKS_AND_REFERENCE,4.1,9636
Figment AR,FAMILY,3.7,22
AR Tank Battle,GAME,3.6,153
AR Dragon Pet,FAMILY,4.213205479452055,0
Paint Space AR,FAMILY,3.0,17
"Just a Line - Draw Anywhere, with AR",FAMILY,4.1,1152
AR Toybox - Augmented Reality Demos,FAMILY,3.8,20
"Mind Map AR, Augmented Reality ARCore Mind Mapping",PRODUCTIVITY,4.2,29
【Miku AR Camera】Mikuture,FAMILY,4.4,36268
AR Toys: Playground Sandbox | Remote Car,FAMILY,4.5,153
Summer Camp Island AR,FAMILY,3.6,740
AR Sport Cars,FAMILY,3.6,284
AS - News and sports results.,SPORTS,3.7,20879
MARCA - Diario Líder Deportivo,SPORTS,3.9,76340
"AS - Diario online deportivo. Fútbol, motor y más",NEWS_AND_MAGAZINES,4.213205479452055,0
SleepCloud Backup for Sleep as Android,LIFESTYLE,4.2,2563
AS Guía de las Ligas 2017-2018,SPORTS,4.1,4374
Sleep as Android Unlock,LIFESTYLE,4.5,23966
Sleep as Android Gear Addon,HEALTH_AND_FITNESS,2.8,961
Sleep as Android Garmin Addon,HEALTH_AND_FITNESS,2.6,114
"Sleep as Android: Sleep cycle tracker, smart alarm",LIFESTYLE,4.3,246201
Sonic the Hedgehog™ Classic,GAME,4.4,125652
The Aether: Life as a God,FAMILY,4.1,1407
CAPTCHA Pack for Sleep as Android,LIFESTYLE,4.0,448
Pacific Navy Fighter C.E. (AS),GAME,4.3,11379
Lullaby Add-on for Sleep as Android,HEALTH_AND_FITNESS,3.9,2057
Sleep as Microsoft Band Add-On,LIFESTYLE,3.5,28
Ear Agent: Super Hearing,COMMUNICATION,3.7,42329
Ninja Turtles: Legends,FAMILY,4.3,344283
Timely Alarm Clock,LIFESTYLE,4.3,258717
PDF Viewer & Book Reader,PRODUCTIVITY,4.1,40437
My OldBoy! Free - GBC Emulator,GAME,4.2,51787
My Boy! Free - GBA Emulator,GAME,4.3,531074
Google Voice,COMMUNICATION,4.2,171052
Choices: Stories You Play,FAMILY,4.6,807155
Samsung Health,HEALTH_AND_FITNESS,4.3,480208
WiFi Baby Monitor - NannyCam,VIDEO_PLAYERS,4.1,29867
Maleficent Free Fall,FAMILY,4.4,450013
Star Wars™: Force Arena,FAMILY,4.4,228130
Runtastic Sleep Better: Sleep Cycle & Smart Alarm,HEALTH_AND_FITNESS,4.1,111465
Google Pay,FINANCE,4.2,348132
Alarm Clock Plus★,LIFESTYLE,4.4,155693
Image 2 Wallpaper,TOOLS,4.3,81668
PS4 Second Screen,FAMILY,2.4,11773
Alarm Clock: Stopwatch & Timer,PRODUCTIVITY,4.5,870928
Ringtone Maker,PERSONALIZATION,4.3,495748
SAMURAI vs ZOMBIES DEFENSE,GAME,4.5,407788
Seen,FAMILY,4.5,118285
Google Allo,COMMUNICATION,4.3,347086
Plants vs. Zombies™ Heroes,FAMILY,4.4,379245
CM FILE MANAGER HD,PRODUCTIVITY,4.3,144873
Ringdroid,VIDEO_PLAYERS,4.4,326232
Twilight: Blue light filter,HEALTH_AND_FITNESS,4.6,318134
AT&T THANKS®,FAMILY,3.4,2445
Galaxy at War Online,FAMILY,3.9,65119
Kingdoms at War: Hardcore PVP,FAMILY,4.3,34898
Five Nights at Freddy's 4 Demo,GAME,4.4,889425
Five Nights at Freddy's 3 Demo,GAME,4.5,1041836
Fandom: Five Nights at Freddys,FAMILY,4.4,17945
MLB At Bat,SPORTS,4.2,82857
Nights at Cube Pizzeria 3D – 2,GAME,4.0,47151
World at War: WW2 Strategy MMO,FAMILY,4.3,107765
HotelTonight: Book amazing deals at great hotels,TRAVEL_AND_LOCAL,4.4,57556
Five Tries At Love Dating Sim,FAMILY,4.2,37165
Rivals at War: 2084,FAMILY,4.0,174127
Multiple Videos at Same Time,VIDEO_PLAYERS,4.4,4706
Five Nights at Freddy's 2,FAMILY,4.6,73919
Coloring Book at Five Nights,FAMILY,4.0,532
Rivals at War: Firefight,GAME,4.4,344819
Five nights at Minecraft,FAMILY,3.5,9335
Five Nights at Freddy's,GAME,4.6,100805
Nights at Cube Pizzeria 3D – 3,FAMILY,4.0,15875
7 Nights at Pixel Pizzeria - 2,GAME,4.0,23168
Nights at Slender Pizzeria 3D,GAME,4.1,2628
DIRECTV,FAMILY,4.1,235486
One Night at Golden Freddy's,GAME,3.3,2717
DIRECTV for Tablets,FAMILY,3.9,24123
Nights at Cube Pizzeria 3D – 4,GAME,4.1,7728
Five Nights at Neighbor House,GAME,4.2,2180
Asylum Night Shift - Five Nights Survival,GAME,4.0,59223
Five Nights at Freddy's: SL,GAME,4.5,16162
Two Nights at jumpscare,GAME,3.8,596
Five Nights at Pizzeria,GAME,3.5,1976
Block Battles: Heroes at War - Multiplayer PVP,GAME,4.3,6698
Five Nights at Freddy's 4,GAME,4.6,21266
Five Nights at Flappy's,GAME,4.7,4041
5 Nights at Cube Pizzeria City,GAME,3.8,2691
Five Nights at Freddy's 3,GAME,4.7,27856
Undertale AU Amino,SOCIAL,4.8,5369
au,FAMILY,3.2,9126
Audiobooks from Audible,BOOKS_AND_REFERENCE,4.5,568922
Au Mobile: Audition Chính Hiệu,GAME,3.9,85278
AU Mobile Indonesia,GAME,3.6,16521
Au Bon Pain,FOOD_AND_DRINK,3.7,70
Au Pair Legend,LIFESTYLE,4.4,28
Super Dancer,GAME,4.1,91667
AU Results - AU COE Corner,FAMILY,4.0,664
"view.com.au - Buy, Rent or Research Real Estate",LIFESTYLE,3.1,212
Au Weather Free,WEATHER,4.0,1185
BringGo AU & NZ,MAPS_AND_NAVIGATION,2.8,440
AU Spark,FAMILY,3.7,681
Rugby AU,SPORTS,2.7,17
Learners Test Free: AU Driver Knowledge Test (DKT),FAMILY,3.9,623
"realestate.com.au - Buy, Rent & Sell Property",HOUSE_AND_HOME,3.8,14657
Au-allstar for KR,GAME,3.6,2433
STUCOR - AU,FAMILY,4.5,1827
loans.com.au Smart Money,FINANCE,3.5,30
AU Students Zone (Result 2016),FAMILY,4.0,97
Top #5 Bσσkie in AU,SPORTS,4.213205479452055,0
AU Results 2017 Auzone,FAMILY,3.8,762
Au Pair,SOCIAL,3.6,58
AU Call Blocker - Block Unwanted Calls Texts 2018,COMMUNICATION,4.2,16
realcommercial.com.au,BUSINESS,4.4,128
Powershop AU,TOOLS,4.0,498
Australia Newspapers - AU News Apps,NEWS_AND_MAGAZINES,4.7,48
news.com.au,NEWS_AND_MAGAZINES,4.213205479452055,1
Media Sosial TNI AU,SOCIAL,4.213205479452055,88
Dance On Mobile,FAMILY,4.1,23609
Super Dancer VN,GAME,4.0,24312
Alerte au gogol,FAMILY,4.213205479452055,14
Neuvaine au Saint-Esprit,LIFESTYLE,4.7,57
Neuvaines et prières au Coeur Sacré de Jésus,LIFESTYLE,4.213205479452055,17
SMS Au revoir,FAMILY,4.213205479452055,17
allhomes.com.au,HOUSE_AND_HOME,3.8,874
Jobs in Canada - Emplois au Canada,BUSINESS,5.0,2
Predator Calls for Hunting AU,SPORTS,4.4,27
Romance et Mystères au Lycée,FAMILY,4.213205479452055,350
Au Rubis les bijoutiers,LIFESTYLE,4.213205479452055,0
Love Dance,GAME,4.0,29462
mon guide au bank populaire -infos et instructions,FINANCE,4.213205479452055,4
Avatar Musik,GAME,3.8,159063
Job'Of - Emploi au Cameroun,BUSINESS,4.1,294
Mali 7 - Actualités au Mali,NEWS_AND_MAGAZINES,4.3,697
Gâteau au yaourt,FOOD_AND_DRINK,4.213205479452055,38
AVG AntiVirus 2018 for Android Security,TOOLS,4.5,6207063
AV Tools,TOOLS,4.4,631
Total AV,PRODUCTIVITY,3.4,617
日本AV历史,BOOKS_AND_REFERENCE,4.1,215
AV Buddy Free,FAMILY,4.1,25
AV HD Video Player,FAMILY,3.8,6
AV Tools Pro,TOOLS,4.3,35
Avakin Life - 3D virtual world,FAMILY,4.4,1275373
AV-IPTV,VIDEO_PLAYERS,4.4,43
Video Player All Format,VIDEO_PLAYERS,4.8,258277
"HD Video Player (wmv,avi,mp4,flv,av,mpg,mkv)2017",VIDEO_PLAYERS,3.3,171
Baby Monitor AV,COMMUNICATION,3.3,1434
HD Video Player - Video & MP3 Player | AV Player |,VIDEO_PLAYERS,4.4,22
Remote for Onkyo AV Receivers & Smart TV/Blu-Ray,TOOLS,3.7,701
LG AV REMOTE,TOOLS,3.4,2420
App Seguridad AV Villas,FINANCE,2.3,251
Gogo Vision (Biz Av),FAMILY,3.3,11
Ai-Ball AV Recorder,PHOTOGRAPHY,2.7,90
AV Phone,COMMUNICATION,4.213205479452055,4
Norton Security and Antivirus,TOOLS,4.6,1170641
AV Pro Voice Changer,FAMILY,3.5,174
Remote For Pioneer AV Receivers and Blu-Ray,TOOLS,3.4,150
AV Phonetics,FAMILY,4.3,259
AV MAX,LIFESTYLE,4.1,9
Kaspersky Mobile Antivirus: AppLock & Web Security,TOOLS,4.7,2598579
"Mobile Security: Antivirus, Web Scan & App Lock",PRODUCTIVITY,4.4,574719
MyAV Remote for Denon & Marantz AV Receivers,LIFESTYLE,3.8,250
EML UPnP-AV Control Point,VIDEO_PLAYERS,3.0,78
Kinot & Eichah for Tisha B'Av,BOOKS_AND_REFERENCE,4.4,98
Samsung TV AV Guide 2016,TOOLS,4.2,27
Professional AV Solution & Products information,PRODUCTIVITY,4.5,24
AV High School District,FAMILY,3.5,91
Bitdefender Antivirus Free,TOOLS,4.5,78629
DEER HUNTER 2018,GAME,4.3,955614
Kinot Tisha'a Be'av - Ashkenaz,LIFESTYLE,4.5,82
AV Anthony's,FOOD_AND_DRINK,4.213205479452055,0
"Avast Cleanup & Boost, Phone Cleaner, Optimizer",TOOLS,4.5,648380
AW - free video calls and chat,COMMUNICATION,4.0,7317
Aw Restaurant,FAMILY,4.8,4
Nougat Android 7 Launcher : AW,PERSONALIZATION,4.213205479452055,0
AW Screen Recorder No Root,VIDEO_PLAYERS,4.3,1659
A&W Restaurants,FOOD_AND_DRINK,1.7,14
Add Watermark Free,PHOTOGRAPHY,4.3,18325
AW Tozer Devotionals - Daily,BOOKS_AND_REFERENCE,4.2,8
AW Toolbox,BUSINESS,4.213205479452055,3
Analog Clock AW Plus-7,TOOLS,4.2,725
Analog Clock AW-7,TOOLS,4.3,2158
MediBeat for AW - Android (1),HEALTH_AND_FITNESS,4.213205479452055,2
Armored Warfare: Assault,GAME,4.0,7718
Watch AW-7,TOOLS,4.2,249
AW TeamUp,NEWS_AND_MAGAZINES,4.6,9
Auction Wars : Storage King,GAME,4.1,29062
AW Training,FAMILY,4.6,11
Digital Clock AW-7,TOOLS,4.1,484
Analog and Digital Clock AW-7,TOOLS,4.0,202
AW Connect,FAMILY,4.213205479452055,0
Analog Clock AW-7 PRO,TOOLS,3.3,40
AW Reader: news & apps [Dutch],NEWS_AND_MAGAZINES,4.1,1948
AW,FAMILY,4.213205479452055,0
AW CAMERA,TOOLS,4.213205479452055,2
AW Browser with Chrome Custom Tabs,TOOLS,4.0,9
Analog and Digital Clock AW-7PRO,TOOLS,4.213205479452055,4
AW Radio,FAMILY,4.213205479452055,1
Roman Clock AW-7,TOOLS,4.4,52
Square Analog Clock AW-7,TOOLS,4.2,294
iSniper 3D Arctic Warfare,GAME,3.8,35572
AirWatch Agent,BUSINESS,3.1,20973
Handbreit by a.w.niemeyer,NEWS_AND_MAGAZINES,4.213205479452055,21
Tozer Devotional -Series 1,BOOKS_AND_REFERENCE,5.0,5
Modern Action Commando 3D,GAME,4.2,492
HCP Anywhere,BUSINESS,4.7,114
Call of Duty®: Heroes,GAME,4.4,1604146
Ultimate Watch 2 watch face,PERSONALIZATION,4.6,285
Amber Weather,WEATHER,4.4,260137
Advanced Warfare Guns,FAMILY,2.9,2079
AirWatch Inbox,BUSINESS,2.7,8346
News.aw,NEWS_AND_MAGAZINES,4.213205479452055,1
Pujie Black Watch Face for Android Wear OS,PERSONALIZATION,4.6,7264
Bits Watch Face,PRODUCTIVITY,4.0,6205
Video Editor,VIDEO_PLAYERS,3.8,1156
The Pursuit of God,BOOKS_AND_REFERENCE,4.8,6
Food-Aw - Order Food Online in Aruba,FOOD_AND_DRINK,5.0,1
F05WatchFace for Android Wear,PRODUCTIVITY,3.9,127
ByssWeather for Wear OS,WEATHER,4.2,19666
AW - Le News di AndroidWorld,NEWS_AND_MAGAZINES,4.1,2808
Anime Expo 2018,FAMILY,4.7,54
Adventure Xpress,FAMILY,4.2,24775
AXE.IO - Brutal Survival Battleground,GAME,4.2,3845
Dynamics AX,BUSINESS,3.7,244
AX Player -Nougat Video Player,VIDEO_PLAYERS,4.1,15765
Armani Exchange Connected,LIFESTYLE,4.1,305
Axe Champ,GAME,3.8,141
AX Battery Saver,FINANCE,4.6,4546
Axe Champ Hit,GAME,4.213205479452055,1
Axe Champion,GAME,4.4,21
Vikings Stickman Axe Fighting,GAME,4.2,924
AX Video Player,VIDEO_PLAYERS,4.4,569
Katalogen.ax,COMMUNICATION,4.213205479452055,1
Axe,FAMILY,4.213205479452055,18
Axetatic - Axe Throwing Game,GAME,4.6,29
Axe Champs! Wars,GAME,5.0,8
Tips Microsoft Dynamics Ax,PRODUCTIVITY,4.213205479452055,1
Axe Knight,GAME,4.5,52
AX Timesheets App for Dynamics,BUSINESS,4.213205479452055,0
Axxess AX-DSP,TOOLS,3.5,17
AX Window,TOOLS,4.213205479452055,0
Axxess Updater,TOOLS,3.9,56
The Vikings,GAME,4.4,15806
Axe Spinner,FAMILY,3.0,2
INTERACTIVE CALCULUS PRO,FAMILY,4.213205479452055,0
Knife&Axe Throwing,GAME,3.1,440
Stickman and Axe,GAME,4.4,69
Axe Throw: Flip Champ Axes Champion Throwing Games,GAME,4.213205479452055,1
Q7 SmartWatch,HEALTH_AND_FITNESS,3.0,94
Workflow Approvals App AX 2012,BUSINESS,4.213205479452055,2
Tips & Tricks Dynamics AX 365,PRODUCTIVITY,4.213205479452055,1
Axe Man,GAME,3.7,53
AX Watch for WatchMaker,PERSONALIZATION,4.213205479452055,2
Throw Knife,FAMILY,3.7,291
Dead Zombie Evil Killer:Axe,GAME,3.9,71
INTERACTIVE CALCULUS FOR MATHS AND PHYSICS,FAMILY,4.8,53
AX-PIC Pedidos,TOOLS,4.213205479452055,1
AX!OM,LIFESTYLE,4.213205479452055,5
Zlax.io Zombs Luv Ax,GAME,4.6,6344
AX Selfie,LIFESTYLE,4.6,10
Ax 3 Domaines,SPORTS,4.5,12
Clash of Axe: Flippy Lumberjack Action X,GAME,4.3,6
Flippy Axe : Flip The Knife & Axe Simulator,GAME,5.0,7
Axe Clicker,FAMILY,4.3,10446
Cyborg AX-001,GAME,4.213205479452055,0
Axe Wallpaper,PERSONALIZATION,4.7,9
Woodman Deluxe,GAME,4.0,82
Ay,VIDEO_PLAYERS,3.8,11
A-Y Collection,SHOPPING,5.0,2
AY Sing,BOOKS_AND_REFERENCE,4.8,111
Ay Up,FAMILY,4.5,11
"AY Recorder - Screen Recorder, Live, Video Editor",TOOLS,4.3,12
¡Ay Caramba!,FAMILY,4.213205479452055,0
Ay Sabz Gunbad Waly,VIDEO_PLAYERS,4.213205479452055,4
Ay Yıldız - Xperia Live Theme,PERSONALIZATION,4.213205479452055,0
25 Mins Ako ay may lobo Etc Pinoy Kid Song Offline,FAMILY,4.213205479452055,0
camera zoom moon,PHOTOGRAPHY,3.7,1213
Ako ay may lobo Pinoy Kid Song Offline,FAMILY,4.213205479452055,0
Ay Yıldız Analog Saat,PERSONALIZATION,4.213205479452055,37
Ay Telekom Oim,LIFESTYLE,4.213205479452055,6
Holy Quran Mehmet Emin Ay,LIFESTYLE,4.213205479452055,649
Ay Yıldız Duvar Kağıtları,PERSONALIZATION,4.213205479452055,3
Ay Hasnain k Nana Milad Naat,BOOKS_AND_REFERENCE,4.3,72
Mehmet Emin Ay İlahileri,FAMILY,4.213205479452055,0
¡Ay Metro!,GAME,3.8,489
AY Oakmont,HEALTH_AND_FITNESS,4.213205479452055,0
YAKALA AY,GAME,4.213205479452055,0
Lunar Calendar,LIFESTYLE,4.5,484
Pinoy Kid Song Ako ay may Lobo,FAMILY,4.6,23
Lunar Calendar Lite,LIFESTYLE,4.1,2954
Ay Mohabbat Teri Khatir Novel,BOOKS_AND_REFERENCE,4.2,27
AY Recruitment,BUSINESS,4.213205479452055,1
Quran Khmer Offline AY,FAMILY,5.0,41
Ay Yıldız Keyboard,TOOLS,4.213205479452055,26
AY EMLAK,BUSINESS,4.213205479452055,8
Ay Vamos - PJ. Balvin - Piano,GAME,4.213205479452055,0
Google Play Games,FAMILY,4.3,7168735
Ay Peruk,BUSINESS,4.213205479452055,0
Sun & Moon AR Locator,WEATHER,3.3,115
Display Phone Screen On TV,TOOLS,3.6,9895
San Andreas Crime Stories,GAME,4.0,162530
Masha and The Bear,FAMILY,4.0,39779
Miami crime simulator,GAME,4.0,254518
ai.type Free Emoji Keyboard,PERSONALIZATION,4.3,647721
Strange Hero: Future Battle,GAME,4.2,88901
Gangster Town: Vice District,FAMILY,4.3,65146
iMediaShare – Photos & Music,VIDEO_PLAYERS,4.2,104551
Earth & Moon in HD Gyro 3D Parallax Live Wallpaper,PERSONALIZATION,4.5,66321
Mad Day - Truck Distance Game,GAME,4.3,29270
AZ Screen Recorder - No Root,VIDEO_PLAYERS,4.6,751911
AZ Browser. Private & Download,COMMUNICATION,4.4,1520
AZ Lottery Players Club,FAMILY,4.2,97
AZ Plugin 2 (newest),LIBRARIES_AND_DEMO,4.2,11087
Kids A-Z,FAMILY,4.2,26426
AZ Camera - Manual Pro Cam,PHOTOGRAPHY,3.4,2332
A-Z App Store,PRODUCTIVITY,3.2,2728
AZ Screen Recorder pro,TOOLS,4.0,60
Permit Test AZ Arizona MVD DOT,FAMILY,4.6,227
AZ PLAYER HD,TOOLS,3.2,24
Long Realty AZ Home Search,LIFESTYLE,4.4,132
NB|AZ Mobile Banking,FINANCE,4.0,463
Movie Downloader Torrent : Az Torrent,VIDEO_PLAYERS,4.7,70
A-Z Screen Recorder -,VIDEO_PLAYERS,4.213205479452055,17
AZ Immune Related AEManagement,MEDICAL,3.7,3
Alphabet A-Z,FAMILY,3.9,306
AZ Rockets,GAME,4.2,162
NB|AZ Business Mobile Banking,FINANCE,4.1,44
Az Content,FAMILY,3.5,24
Catalyst AZ,FAMILY,4.8,12
Casino AZ/Talking Stick Resort,TRAVEL_AND_LOCAL,4.3,201
Graffiti Letters (A-Z),LIFESTYLE,3.9,386
GPS.AZ,MAPS_AND_NAVIGATION,4.213205479452055,30
First Credit Union (AZ) Mobile,FINANCE,3.5,100
Arizona Mobile,FAMILY,4.3,285
AZ Mobile Gizmo,BUSINESS,4.4,16
Az Video Status,FAMILY,4.8,13
"Arizona Statutes, ARS (AZ Law)",BOOKS_AND_REFERENCE,3.9,9
Explore Sedona & Northern AZ,TRAVEL_AND_LOCAL,3.8,43
Arizona DMV Permit Test - AZ,FAMILY,4.2,109
Oxford A-Z of English Usage,BOOKS_AND_REFERENCE,4.0,5300
Cures A-Z,HEALTH_AND_FITNESS,4.0,265
AZ Practice Test & Questions,FAMILY,4.4,13
Arizona Trail,TRAVEL_AND_LOCAL,4.7,65
Ultrasound A-Z,FAMILY,4.5,112
A-Z Punjabi Songs & Music Videos 2018,FAMILY,4.3,367
Manga AZ - Manga Comic Reader,COMICS,3.3,126
Barista Coffee Dictionary A-Z,LIFESTYLE,4.3,127
Phoenix and Arizona Cameras,TRAVEL_AND_LOCAL,4.1,134
AZ REMOTE CONTROL,TOOLS,2.1,149
Greater London A-Z 2016,TRAVEL_AND_LOCAL,3.7,40
British Airways,TRAVEL_AND_LOCAL,4.2,25726
Ba Financial Calculator plus,FINANCE,4.4,31
Financial Calculator BA Chien.,FINANCE,4.2,23
BA4You,BUSINESS,2.1,87
BA Pro Financial Calculator,FINANCE,2.4,36
BA Calculator,PRODUCTIVITY,4.1,22
ba,FAMILY,3.1,1734
Ra Ga Ba,GAME,5.0,2
Experience BA,TRAVEL_AND_LOCAL,4.213205479452055,6
Ba Cristi,GAME,3.5,196
Ba ba black sheep offline Video,PARENTING,4.2,20
BA SALES,COMMUNICATION,4.213205479452055,0
Goody.ba,FAMILY,4.7,303
BA Status,TRAVEL_AND_LOCAL,4.213205479452055,0
Alif Ba Ta Bullseye,FAMILY,4.213205479452055,1
BA Accesible,HEALTH_AND_FITNESS,4.213205479452055,31
Learn alif ba ta,FAMILY,4.8,23
Learn Quran with Elif Ba,FAMILY,4.213205479452055,3
Arabic Alif Ba Ta For Kids,FAMILY,4.5,226
Arabic Alphabet Alif Ba Ta Wooden Blocks,FAMILY,4.6,66
Let's Learn Alif Ba Ta,FAMILY,4.6,32
Sufara.ba,FAMILY,4.9,285
Elif Ba - Learn The Holy Quran,FAMILY,4.8,1491
Instant Ba-dum-tss,FAMILY,4.0,13
Ba Zi Fortune,LIFESTYLE,3.9,592
BA VPN - Free Unlimited VPN,FAMILY,4.1,181
Ba dum tss - Rimshot widget,COMICS,4.1,690
Alif Ba Ta Song - Arabic Kids,FAMILY,4.5,227
Fitness Dance for Zum.ba Workout Exercise,HEALTH_AND_FITNESS,4.2,287
Cafe.ba,NEWS_AND_MAGAZINES,4.0,677
058.ba,NEWS_AND_MAGAZINES,4.4,27
Loreal - BA Makeup,TOOLS,1.9,8
PROFESSOR SEE-BA LINGUAGENS E SUAS TECNOLOGIAS,PRODUCTIVITY,4.213205479452055,0
Poteau BA,FAMILY,4.213205479452055,3
Elif Ba Oyunu,TOOLS,3.7,26
Ain Arabic Kids Alif Ba ta,FAMILY,4.213205479452055,0
Bedouin Rivals,FAMILY,4.2,79826
Klix.ba,NEWS_AND_MAGAZINES,4.0,3647
PBA® Bowling Challenge,SPORTS,4.3,242096
Avios for Android,TRAVEL_AND_LOCAL,2.5,862
Banana Kong,GAME,4.4,3452530
BA 3 Banjarmasin,SOCIAL,4.213205479452055,2
American Airlines,TRAVEL_AND_LOCAL,3.7,16973
Elifba Quran Learning Game,FAMILY,4.7,1424
Space Shooter : Galaxy Attack,GAME,4.6,169661
Hunt Buddy BC,SPORTS,4.4,172
"Survival Mobile:10,000 BC",FAMILY,4.3,7441
iHunter BC,SPORTS,4.4,55
iFish BC,SPORTS,3.6,25
BC Connect,FAMILY,3.8,11
Ice Crush 10.000 B.C.,FAMILY,4.4,31
BC Navigator,FAMILY,4.4,21
BC Lotto Check,FAMILY,3.0,10
Transit: Real-Time Transit App,MAPS_AND_NAVIGATION,4.2,43252
BC Liquor Stores,LIFESTYLE,3.7,492
BC MVA Fines,BOOKS_AND_REFERENCE,5.0,5
British Columbia Transit Info,MAPS_AND_NAVIGATION,4.213205479452055,0
BC Hospital Wait Times,MEDICAL,4.2,8
"Town of Princeton, BC",PRODUCTIVITY,4.8,4
Explore British Columbia - BC Travel Guide,TRAVEL_AND_LOCAL,4.4,7
Bridge Constructor Stunts FREE,FAMILY,4.1,36151
BC's Pizza,LIFESTYLE,4.7,113
Baby Connect (activity log),PARENTING,4.7,8343
BC Wildfire,TOOLS,3.3,27
BC Slots - The Lost Reels FREE,GAME,4.0,209
BC Mobile Intro - Americas,LIFESTYLE,4.213205479452055,0
Car Driving Theory Test BC,FAMILY,4.213205479452055,0
Truck Driving Test Class 3 BC,FAMILY,1.0,1
BC Highways - Road Conditions,TRAVEL_AND_LOCAL,4.4,382
BC Camera,PHOTOGRAPHY,4.2,5
BC iptv player,VIDEO_PLAYERS,4.4,8
Business Calendar Pro,PRODUCTIVITY,4.6,27135
"Victoria, BC | Tour City",TRAVEL_AND_LOCAL,4.3,20
BC Wildflowers,FAMILY,4.4,7
Bc Vod,VIDEO_PLAYERS,4.213205479452055,1
BC Hockey,SPORTS,3.7,20
Outdoor Movies BC,EVENTS,2.9,7
British Columbia Tourist Places (Guide),TRAVEL_AND_LOCAL,4.0,1
British Columbia License,FAMILY,3.3,14
BC browser,BUSINESS,4.213205479452055,1
PPCNP-BC Pocket Prep,MEDICAL,4.213205479452055,3
AP Calculus BC Practice Test,FAMILY,4.2,4
BackCountry Navigator TOPO GPS PRO,MAPS_AND_NAVIGATION,4.5,6230
BC Pizza,LIFESTYLE,2.3,3
Railroad Radio Vancouver BC,FAMILY,5.0,4
AP Calculus BC: Practice Tests and Flashcards,FAMILY,3.6,5
Aura Hair Group BC,BEAUTY,4.213205479452055,0
Bridge Constructor Playground FREE,FAMILY,3.9,137377
"BDCast - Bangla Live TV,Radio",FAMILY,4.4,7461
bd's Mongolian Grill,LIFESTYLE,4.2,120
BD Briight: Your Diabetes Personal Assistant,MEDICAL,4.8,17
Jagobd - Bangla TV(Official),FAMILY,4.3,39109
Business Dictionary,BUSINESS,4.2,5988
BD Data Plan (3G & 4G),COMMUNICATION,4.4,10341
বাংলা টিভি প্রো BD Bangla TV,FAMILY,4.3,193
BD tools,TOOLS,4.0,21
BD Provider App,HEALTH_AND_FITNESS,1.4,45
"Izneo, Read Manga, Comics & BD",COMICS,3.3,1476
BD Radio TV Free List,FAMILY,4.3,539
BD Simplist Through Their Eyes,FAMILY,4.213205479452055,1
BD Online News,NEWS_AND_MAGAZINES,4.6,30
BD Bank Interest,FINANCE,4.7,289
BD Earn Pro,FAMILY,4.2,540
Comics Reader,COMICS,3.9,4496
Upohar BD,BUSINESS,3.4,9
Electricity Bill Calculator BD,PRODUCTIVITY,4.3,247
BD Fishpedia,BOOKS_AND_REFERENCE,4.8,123
BD Attendance,PRODUCTIVITY,4.8,93
BD All Sim Offer,BOOKS_AND_REFERENCE,4.5,197
BD TYCOON,FAMILY,3.3,16
BD Sports Box & TV,FAMILY,4.2,5
Tour BD (Bahir Dar Map),MAPS_AND_NAVIGATION,4.9,49
BD Field Force,PRODUCTIVITY,4.2,41
BD CRICKET LIVE,SPORTS,4.6,1238
BD All Results,FAMILY,4.1,205
BD Online Passport Application,FAMILY,4.6,12
BD Internet Packages (Updated),COMMUNICATION,4.0,474
Live Radio BD,FAMILY,4.2,69
iCard BD Plus,SOCIAL,5.0,2
BD Dialer,COMMUNICATION,4.1,29
"Youboox - Livres, BD et magazines",BOOKS_AND_REFERENCE,3.7,4071
BANGLA TV 3G/4G,SPORTS,4.1,142
Earn Money BD,FINANCE,3.8,103
BD Hospital's,FAMILY,4.7,12
Rabbithole,FAMILY,3.5,3347
Educationboard Results BD,FAMILY,4.0,983
BD Online Shop,BUSINESS,4.2,63
Remote for Samsung TV & BluRay Players (Read Desc),TOOLS,3.3,1988
Vehicle Case Checker BD,TOOLS,3.7,29
Remote for Sony TV & Sony Blu-Ray Players MyAV,TOOLS,3.4,3491
Remote for Panasonic TV+BD+AVR,TOOLS,3.7,533
Exam Result BD,FAMILY,5.0,2
BD Live Call,COMMUNICATION,4.4,7
Helping BD,LIFESTYLE,5.0,15
Best Browser BD social networking,COMMUNICATION,4.8,6
Traffic signs BD,COMMUNICATION,4.4,7
BD Internet Package Activator,NEWS_AND_MAGAZINES,4.9,13
be Produbanco,FINANCE,4.0,967
Millionaire : Who want to be?,GAME,4.4,4396
Photo Editor by BeFunky,PHOTOGRAPHY,4.5,192851
Be My Eyes - Helping the blind,LIFESTYLE,4.9,8418
Be My Princess: PARTY,FAMILY,4.4,9443
BeautyPlus - Easy Photo Editor & Selfie Camera,PHOTOGRAPHY,4.4,3156484
Movement BE,SOCIAL,5.0,20
Be Stronger,HEALTH_AND_FITNESS,4.8,787
Be My Love Animated Keyboard,PERSONALIZATION,4.6,838
Be My Princess 2,FAMILY,4.3,2806
Millionaire Quiz Free: Be Rich,FAMILY,3.8,66033
Be the Manager 2018 - Football Strategy,SPORTS,4.3,7557
Be like Me - Hay Nhu Toi,PERSONALIZATION,4.3,44
Be Fabulous PHOTO BOOTH,PHOTOGRAPHY,4.1,560
RadarNow!,WEATHER,4.5,54090
Be My Princess,FAMILY,4.2,3103
Fat No More - Be the Biggest Loser in the Gym!,FAMILY,3.8,48545
Be Like Bill - Maker,FAMILY,4.3,18
Top Eleven 2018 - Be a Soccer Manager,SPORTS,4.4,3451011
Free GPS Navigation,MAPS_AND_NAVIGATION,4.2,618562
Be the Manager 2016 (football),SPORTS,4.2,4330
Hair Salon - Fun Games,FAMILY,3.8,484226
Adobe Photoshop Fix,PHOTOGRAPHY,4.2,28390
Make your Be Like Bill,COMICS,4.0,78
Be like Bill Generator,FAMILY,4.2,67
Be you GO Launcher Theme,PERSONALIZATION,4.3,1580
"Star Girl - Fashion, Makeup & Dress Up",FAMILY,4.3,556929
Be Like Bro - Compilation,FAMILY,4.4,146
Bowmasters,GAME,4.7,1535581
YAY - TBH,SOCIAL,4.1,2520
The Sims™ Mobile,FAMILY,4.5,559597
Find My Friends,SOCIAL,4.2,305367
Beauty Idol: Fashion Queen,GAME,4.3,128367
Unseen - No Last Seen,TOOLS,4.4,103909
OK K.O.! Lakewood Plaza Turbo,FAMILY,4.5,76608
Hard Time (Prison Sim),GAME,4.3,275843
She Will Be Loved Lyrics,FAMILY,4.213205479452055,2
Nick,FAMILY,4.2,123309
Battlefield™ Companion,GAME,4.0,263907
Wolf of the BF:Commando MOBILE,GAME,3.4,32
BF at Sea Refueled,GAME,4.4,1849
BF Movies Fun,FAMILY,3.8,63
BF Browser by Betfilter - Stop Gambling Today!,COMMUNICATION,3.0,39
My BF App,COMMUNICATION,4.1,141
Funny videos for whatsapp,VIDEO_PLAYERS,4.4,3066
BF games,FAMILY,4.1,262
BF 3d Wallpapers,FAMILY,4.1,256
Hot Bhojpuri Video songs,FAMILY,4.1,28892
Bullet Force,GAME,4.5,634159
GF - BF Chat Stories - Hindi English Convesation,FAMILY,4.1,32
BF Scale Health Fitness Tool,HEALTH_AND_FITNESS,2.2,19
BF-Calc,TOOLS,3.9,428
BF 4 Guns,FAMILY,4.0,1542
My Virtual Boyfriend,FAMILY,4.3,105
Sexy Hot Detector Prank,FAMILY,3.9,17067
BF Combat: Genesis,GAME,4.0,3322
"Women""s Health Tips(Breast,Face,Body,weight lose)",HEALTH_AND_FITNESS,4.2,2509
Combat BF: Black Ops 3,GAME,4.2,7699
BF Beautiful Nature,FAMILY,3.6,5
BF 3d Images,FAMILY,4.3,19
Jigsaw Puzzles Bus Scania BF,FAMILY,4.213205479452055,3
BF 3d View Wallpapers,FAMILY,4.213205479452055,4
Hot Bhojpuri Video Song 2018 - Free Movies,FAMILY,4.4,447
Body Scanner xray Real Camera Prank Entertaintment,FAMILY,2.6,17
BF Frontline City,GAME,4.1,29798
Bf Light,BUSINESS,4.213205479452055,6
Droid PRoCon BF3,TOOLS,3.5,412
BF Abstract 3d Pictures,FAMILY,4.2,72
CE BF,LIFESTYLE,4.213205479452055,0
Freedom Christian BF,LIFESTYLE,4.213205479452055,0
Random Love (BF),FAMILY,3.7,3
BeFunky Photo Editor Pro,PHOTOGRAPHY,4.5,4724
Virtual Boyfriend Chat,FAMILY,2.4,407
BF Family user,BUSINESS,4.213205479452055,8
Talking Boyfriend,FAMILY,2.9,1073
Faketalk - Chatbot,GAME,4.2,63056
XXX DISTILLERY,BUSINESS,4.2,509
Cute Questions BF,LIFESTYLE,4.0,3
BG Score,SPORTS,2.6,64
BG Advisor™,TOOLS,4.4,7
BG Products,AUTO_AND_VEHICLES,4.8,4
BG LINKED (BGLINKED),SOCIAL,4.7,22
BG Monitor Diabetes,MEDICAL,4.4,643
BG Monitor Diabetes Pro,MEDICAL,4.6,87
HTC Sense Input-BG,TOOLS,2.7,198
Photo BG Changer,PHOTOGRAPHY,3.8,11
BG TV App,FAMILY,1.7,6
BG BRIDAL GALLERY,LIFESTYLE,4.6,17
HTC Sense Input - BG,TOOLS,3.3,218
BG Editor,PHOTOGRAPHY,4.213205479452055,0
BG Sports News,NEWS_AND_MAGAZINES,4.213205479452055,41
Board Game Stats: Play tracking for tabletop games,LIFESTYLE,4.6,275
Bg TV Online,FAMILY,2.3,50
"PhotoLayers〜Superimpose,Eraser",PHOTOGRAPHY,4.5,81219
Zdravei.BG,SOCIAL,4.213205479452055,6
BG+Phone Backup,PRODUCTIVITY,4.8,16
BGKontakti London BG Kontakti,SOCIAL,4.213205479452055,4
ReactNative BG Geolocation,TOOLS,5.0,5
BG TV Stations,FAMILY,4.213205479452055,0
BG video - floating video - background video,VIDEO_PLAYERS,4.1,64
BG TV Program,FAMILY,4.213205479452055,1
BG Cable TV,FAMILY,4.213205479452055,5
BG Middle East,AUTO_AND_VEHICLES,4.213205479452055,1
Blender BG - Photo Blend With Background,PHOTOGRAPHY,4.213205479452055,0
BG MUSIC PLAYER - MUSIC PLAYER,VIDEO_PLAYERS,4.213205479452055,0
Sommelier.BG,FOOD_AND_DRINK,4.213205479452055,0
BG Future School,FAMILY,4.9,16
Cordova BG Geolocation,MAPS_AND_NAVIGATION,3.0,4
Simple Photo BG Changer,TOOLS,4.213205479452055,1
BGKontakti Bayern BG Kontakti,SOCIAL,4.213205479452055,32
BGKontakti Vienna BG Kontakti,SOCIAL,4.8,111
CARS.bg,AUTO_AND_VEHICLES,4.5,276
bgtime.tv,VIDEO_PLAYERS,3.4,694
BG Torneos,SPORTS,4.213205479452055,7
YourTube Video Views BG,VIDEO_PLAYERS,4.213205479452055,8
BG Television,FAMILY,4.213205479452055,3
Cъновник BG,BOOKS_AND_REFERENCE,4.213205479452055,13
Auto Background Changer,PHOTOGRAPHY,4.0,35188
Block Gun 3D: Call of Destiny,GAME,3.7,31883
BG Remover & Eraser Pro,TOOLS,2.2,4
BG Metro - Red voznje,TRAVEL_AND_LOCAL,4.8,89
BG Cricket,SPORTS,4.213205479452055,6
BG Guide,TRAVEL_AND_LOCAL,5.0,3
Bg Radios - Bulgarian radio stations online,FAMILY,4.213205479452055,8
Micro.bg Cloud POS System,BUSINESS,4.213205479452055,6
BG-FLEET,TOOLS,4.213205479452055,0
trip.bg,TRAVEL_AND_LOCAL,4.5,103
Dete.bg,NEWS_AND_MAGAZINES,4.213205479452055,0
BLOOD & GLORY: IMMORTALS,GAME,4.3,101762
Change photo background,PHOTOGRAPHY,3.8,28660
Es-Bg Offline Voice Translator,TRAVEL_AND_LOCAL,4.213205479452055,1
Baldur's Gate: Enhanced Edition,FAMILY,4.5,20101
Shadow Fight 2 Special Edition,GAME,4.5,10440
ePazar.bg,SHOPPING,4.213205479452055,28
Revita.bg,HEALTH_AND_FITNESS,4.8,10
Background Eraser,PHOTOGRAPHY,4.5,267378
ePay.bg,FINANCE,4.4,2017
Top Novini BG,NEWS_AND_MAGAZINES,4.213205479452055,2
Block Gun 3D: Ghost Ops,GAME,3.9,142693
"Music for Youtube - Tube Music BG, Red+",VIDEO_PLAYERS,4.3,47
Bg+ Call Blocker,TOOLS,4.3,80
BG Blurry HD Wallpapers,FAMILY,4.213205479452055,1
Background Changer & Eraser,PHOTOGRAPHY,4.0,2076
Stolica.bg,NEWS_AND_MAGAZINES,4.213205479452055,1
Cut Out : Background Eraser and background changer,PHOTOGRAPHY,4.1,7118
mySugr: the blood sugar tracker made just for you,MEDICAL,4.6,21187
Photo Background Changer 2018 - Blur Background,LIFESTYLE,3.7,34079
BGCN TV,VIDEO_PLAYERS,3.4,4334
ScorePal,TOOLS,4.5,1439
Backgammon NJ for Android,GAME,4.4,1644
BG Burger,FOOD_AND_DRINK,4.213205479452055,1
JOBS.bg,BUSINESS,4.4,1630
CSCS BG (в български),FAMILY,2.4,7
LEGO ® Batman: Beyond Gotham,FAMILY,4.1,10758
Backgrounds HD (Wallpapers),PERSONALIZATION,4.6,2390099
Blood Glucose Tracker,HEALTH_AND_FITNESS,4.6,9612
Baldur's Gate II,FAMILY,4.3,5442
Rento - Dice Board Game Online,GAME,4.3,205830
Learn Bulgarian Free,FAMILY,4.7,3049
N+ News Bulgaria,NEWS_AND_MAGAZINES,4.213205479452055,2
Remix Second Hand,SHOPPING,4.2,867
Ultimate Background Eraser,PHOTOGRAPHY,4.3,14453
OnTrack Diabetes,MEDICAL,4.3,6079
Blur Image Background,PHOTOGRAPHY,3.9,129268
ALL-IN-ONE PACKAGE TRACKING,PRODUCTIVITY,4.7,167406
Survival Run with Bear Grylls,GAME,4.2,128579
VIP Backgammon Free : Play Backgammon Online,GAME,4.1,389
Grabo.bg,SHOPPING,4.6,8175
BusyBox Pro,TOOLS,4.7,8114
GEM™,TOOLS,4.3,6
Diabetes Connect,MEDICAL,4.5,4027
B&H Photo Video Pro Audio,SHOPPING,4.6,17180
BH by Kinomap,HEALTH_AND_FITNESS,2.9,141
BH Cosmetics,BEAUTY,4.0,2
BH Bikes Premium,SPORTS,3.0,26
B&H Kids AR,BOOKS_AND_REFERENCE,3.9,286
BH Bikes GPS Locator,SPORTS,4.213205479452055,0
BH Patrole,AUTO_AND_VEHICLES,4.8,27
CINEMA.BH,FAMILY,3.9,11
DSLR Photography Training apps,PHOTOGRAPHY,4.0,675
Radio Belo Horizonte,FAMILY,4.213205479452055,0
BH Online,FINANCE,4.213205479452055,0
Belo Horizonte Map offline,TRAVEL_AND_LOCAL,4.213205479452055,11
Bh Public School,FAMILY,5.0,2
BH Mission Playbook,TRAVEL_AND_LOCAL,4.213205479452055,0
BH INVEST,FINANCE,4.213205479452055,7
Comunidad BH,FAMILY,4.213205479452055,23
VIVA BH,TOOLS,4.0,2055
Discípulos em BH,SOCIAL,4.213205479452055,24
Barbers.BH,LIFESTYLE,5.0,2
BH - Fitness & Nutrition,HEALTH_AND_FITNESS,4.213205479452055,0
Lexus Tech BH Service Pro,LIFESTYLE,4.213205479452055,0
Photo Editor - BPhoto,PHOTOGRAPHY,4.5,42
BH Challenge - Museum of the Jewish People,FAMILY,4.8,12
B'H BURGER HEIM,LIFESTYLE,4.213205479452055,0
B y H Niños ES,BOOKS_AND_REFERENCE,4.6,53
ZUL - Rotativo Digital BH,AUTO_AND_VEHICLES,4.2,29
Coomotaxi BH,BUSINESS,4.213205479452055,94
BH Mail,COMMUNICATION,3.4,7
FitConsole,HEALTH_AND_FITNESS,2.6,219
Run on Earth,HEALTH_AND_FITNESS,2.4,577
BH Rocking,TRAVEL_AND_LOCAL,4.213205479452055,13
Newegg Mobile,SHOPPING,4.5,35479
Battleheart Legacy,FAMILY,4.6,7420
Treadmill Workouts Free (P),HEALTH_AND_FITNESS,3.3,10
ZiraatBank BH,FINANCE,4.1,58
Digital Tourist BH Itinerary,TRAVEL_AND_LOCAL,4.6,19
BH Táxi,BUSINESS,3.9,91
BH Connect,SOCIAL,4.213205479452055,0
Out of Bounds BH Demo,GAME,4.213205479452055,3
EduNAV.BH,FAMILY,4.213205479452055,3
BH Açaí,FOOD_AND_DRINK,4.213205479452055,3
BH Recepti,FOOD_AND_DRINK,4.213205479452055,3
Bi en Línea,FINANCE,4.0,5055
Gayvox - Gay Lesbian Bi Dating,SOCIAL,3.4,3640
Microsoft Power BI–Business data analytics,BUSINESS,4.5,1819
BI Mobile Banking,FINANCE,4.0,180
BI News,NEWS_AND_MAGAZINES,5.0,22
BI SmartLINK,BUSINESS,3.6,16
BI-LO,LIFESTYLE,3.5,43
Bitmoji – Your Personal Emoji,FAMILY,4.6,2312084
Sisense Mobile BI,BUSINESS,4.9,23
"Starg - Gay, Same Sex, Bi",DATING,3.7,66
Propel BI APP,BUSINESS,5.0,3
BI Office,BUSINESS,4.0,76
BI-LO Rx,LIFESTYLE,3.9,77
BI APP,FINANCE,5.0,2
Oracle BI Mobile,BUSINESS,4.0,282
Bi-Tank Ads Free,GAME,4.213205479452055,0
bi-Cube Mobile Token,TOOLS,4.213205479452055,5
Business Intelligence & Data,FAMILY,4.9,7
BI Mobile,FINANCE,4.4,337
Grindr - Gay chat,SOCIAL,3.6,284795
Zoho Reports - Mobile BI,BUSINESS,4.7,45
Power BI Ultimate Orientation,FAMILY,4.3,12
Pool Billiards Classic - bi a,SPORTS,3.9,5644
Lesbian Chat & Dating - SPICY,SOCIAL,4.5,63765
"Moco - Chat, Meet People",DATING,4.2,313769
Bi-Tank,GAME,4.6,12
Hot or Not - Find someone right now,DATING,4.1,305737
happn – Local dating app,LIFESTYLE,4.3,1118201
Dictionary.com: Find Definitions for English Words,BOOKS_AND_REFERENCE,4.6,899010
MinT BI,PRODUCTIVITY,4.213205479452055,0
BI Barcode Scanner,PRODUCTIVITY,4.213205479452055,0
MeetMe: Chat & Meet New People,SOCIAL,4.2,1259723
TED,FAMILY,4.6,181961
"Learn English Vocabulary - 6,000 Words",FAMILY,4.5,205914
English Dictionary - Offline,BOOKS_AND_REFERENCE,4.4,341234
Zalo – Video Call,COMMUNICATION,4.2,1042170
Bible KJV,BOOKS_AND_REFERENCE,4.5,42729
All Language Translator,TOOLS,4.0,29944
Bike Rivals,GAME,4.2,212067
Bingo Party - Free Bingo Games,GAME,4.7,155694
OkCupid Dating,DATING,4.1,285838
Little Big City 2,FAMILY,4.4,344383
"Mint: Budget, Bills, Finance",FINANCE,4.3,129305
English Grammar Test,FAMILY,4.6,104676
BJ's Wholesale Club,SHOPPING,4.2,4099
BJ’s Mobile App,SHOPPING,4.0,4722
BJ's Express Scan,SHOPPING,2.3,69
BJ's Bingo & Gaming Casino,GAME,4.5,501
BJ-UFO,FAMILY,3.6,226
BJ Bridge Pro 2018,GAME,4.4,17
BJ Bridge Free (2018),GAME,3.9,20
BJ & Jamie,FAMILY,3.9,13
The Daily BJ,HEALTH_AND_FITNESS,4.8,38
BJ-FPV,FAMILY,4.2,16
BJ Bridge Acol Beginner 2018,GAME,3.7,11
BJ Memo Widget,PRODUCTIVITY,4.0,616
BJ Grand Salon Mobile App,BEAUTY,4.213205479452055,1
BJ Bridge Standard American 2018,GAME,1.0,1
BJ Strategy Tester,GAME,4.213205479452055,1
Eating Show - Food BJ,FAMILY,4.4,103
Virtual DJ Sound Mixer,TOOLS,4.2,4010
Cards Casino:Video Poker & BJ,GAME,4.7,325
DJ Music Pad,FAMILY,3.6,35121
BJ-DRONE,FAMILY,4.213205479452055,1
"Real Casino:Slot,Keno,BJ,Poker",GAME,4.1,341
AfreecaTV,VIDEO_PLAYERS,3.3,381023
BJ - Confidential,COMMUNICATION,4.213205479452055,0
Basic Strategy Training BJ 21,GAME,4.213205479452055,0
HON. B.J. ACS COLLEGE ALE,FAMILY,5.0,3
One Launcher,PERSONALIZATION,4.3,26601
BJ Toys,SHOPPING,4.7,55
Alumni BJ,SOCIAL,4.213205479452055,2
"뽕티비 - 개인방송, 인터넷방송, BJ방송",VIDEO_PLAYERS,4.213205479452055,414
BJ card game blackjack,GAME,4.213205479452055,3
BMH-BJ Congregation,LIFESTYLE,4.213205479452055,0
BJ's Community SoundBoard,FAMILY,4.213205479452055,0
Real DJ Simulator,FAMILY,4.0,68664
BJ TIKET,BUSINESS,4.213205479452055,3
BLACKJACK!,GAME,4.4,524467
Blackjack Verite Drills,GAME,4.6,17
BJ Foods,BUSINESS,5.0,3
Blackjack,GAME,4.3,52199
3D DJ – DJ Mixer 2018,FAMILY,4.3,6333
BJ Adams,BUSINESS,4.213205479452055,1
Phonics Puzzles,FAMILY,3.8,4
Spider grinder in screen funny,FAMILY,4.1,956
BJJ Roadmap by Stephan Kesting,SPORTS,4.6,969
KISW 99.9 FM SEATTLE,FAMILY,4.0,1469
BlackJack -21 Casino Card Game,GAME,4.7,2066
Metal Detector Pro 2015,TOOLS,3.6,1166
BlackJack 21 Pro,GAME,4.5,26744
24 megapixel hd camera,PHOTOGRAPHY,4.0,802
Ultimate BlackJack 3D FREE,GAME,4.1,1686
BURGER KING® App,LIFESTYLE,4.0,41747
BURGER KING® MOBILE APP,LIFESTYLE,3.8,19221
BK Chat,COMMUNICATION,4.213205479452055,6
BURGER KING® Puerto Rico,FOOD_AND_DRINK,4.5,2448
Free Coupons for Burger King,LIFESTYLE,2.8,17
BK Manager,NEWS_AND_MAGAZINES,4.213205479452055,19
Power Widget,TOOLS,4.2,928
BK Murli Offline April 2017,LIFESTYLE,4.8,33
Read it easy for BK,LIFESTYLE,5.0,1
BK Video Status,FAMILY,5.0,13
bk Group Mobile,BUSINESS,4.213205479452055,1
SLANGY-Perfect BK World Theme,PERSONALIZATION,4.213205479452055,1
BK Formula Calculator 2,TOOLS,4.213205479452055,4
Service Disabler,TOOLS,4.3,534
BK Photography,PHOTOGRAPHY,4.3,20
Keyboard Theme Dusk BK Purple,PERSONALIZATION,4.5,248
Coupons for Burger King,FOOD_AND_DRINK,4.5,41
BK Formula Calculator,TOOLS,5.0,6
VK,SOCIAL,3.8,5793284
Korean English Translator,FAMILY,4.4,634
Dr Bk Sachin bhai,LIFESTYLE,5.0,19
Audio Murli Glossary For BK,FAMILY,4.7,39
SKIN BK,PRODUCTIVITY,4.213205479452055,0
BK Traffic Control cum Chart,SOCIAL,4.7,549
Hungry Girl Diet Bk. Companion,HEALTH_AND_FITNESS,2.2,4
Daily Murli Saar Widget,SOCIAL,4.6,308
BK Suraj bhai,LIFESTYLE,4.6,9
BK Shivani Videos,LIFESTYLE,4.7,29
BK News Channel,VIDEO_PLAYERS,4.6,277
BK Dinos,FAMILY,4.4,30
Make a burger king,FAMILY,3.8,125
King Burger Dash,FAMILY,3.6,445
Official Madhuban Murli,LIFESTYLE,4.9,301
Baba Yaad Hai?(BK's),FAMILY,4.8,160
Bk Bee Sales Manager,BUSINESS,4.213205479452055,0
Burger King Foot Lettuce,FAMILY,4.4,150
BK Arogyam Task Track,BUSINESS,5.0,8
BK murli today (Mobile Murli) - Gyan,FAMILY,4.8,100
Capital Bk Mobile Business Dep,FINANCE,4.213205479452055,1
BK Travel Solutions,EVENTS,4.213205479452055,1
BK Murli Dictionary (H to E),FAMILY,4.6,106
Bk Usha behn,LIFESTYLE,5.0,10
BkEmu - BK-0010/11M emulator,FAMILY,4.6,222
BK Gold App,FINANCE,5.0,4
Of the wall Arapaho bk,COMMUNICATION,4.213205479452055,0
Burger King Italia,LIFESTYLE,4.0,4160
Red Embrace (BL/Yaoi Game),FAMILY,4.3,616
Blood Domination - BL Game,GAME,4.5,415
Yaoi Ooku: Distorted Love,FAMILY,4.0,2614
Yaoi Novels - Shounen ai Book&fiction,FAMILY,3.2,304
Cerulean Heart,FAMILY,4.6,2683
BL 女性向け恋愛ゲーム◆俺プリクロス,FAMILY,4.2,3379
WebComics,COMICS,4.8,33783
Lezhin Comics - Daily Releases,COMICS,3.0,28447
Heirs & Graces,GAME,4.3,125
BL Driver,MAPS_AND_NAVIGATION,3.9,230
Daily Manga - Comic & Webtoon,COMICS,3.2,1462
Gaydorado,FAMILY,3.9,8419
Chess of Blades (BL/Yaoi Game) (No VA),FAMILY,4.8,4
TappyToon Comics & Webtoons,COMICS,3.5,4205
SecondSecret ‐「恋を読む」BLノベルゲーム‐,GAME,4.4,1563
Lust in Terror Manor - The Truth Unveiled | Otome,GAME,4.1,355
BL 女性向け恋愛ゲーム◆ごくメン,FAMILY,4.2,1901
あなカレ【BL】無料ゲーム,FAMILY,4.7,6073
K-Rain BL,TOOLS,4.0,9
감성학원 BL 첫사랑,COMICS,4.4,190
Chess of Blades (Demo),FAMILY,4.2,45
BL Flowers Digital,SHOPPING,5.0,21
BL 1-Click Camera - Free,PHOTOGRAPHY,3.5,52
Manga Books,COMICS,3.8,7326
BL 1-Click Camera,PHOTOGRAPHY,4.213205479452055,4
OTOME of Ikemen cafe,FAMILY,4.5,1318
BL info,TRAVEL_AND_LOCAL,4.1,98
BL File Explorer,TOOLS,4.213205479452055,1
BL IP-Camera,TOOLS,4.3,15
BL Carrier,BUSINESS,4.213205479452055,0
Skill Tree - BL Pre Sequel,FAMILY,4.3,855
BL Holo Theme,PERSONALIZATION,4.4,18
BL Portfolio,PHOTOGRAPHY,4.213205479452055,4
Skywatch BL,WEATHER,4.213205479452055,15
B-L Animal Hospital,MEDICAL,4.213205479452055,1
BL Banking DES,FINANCE,4.213205479452055,3
BL ONLINE PERSONAL TRAINING,HEALTH_AND_FITNESS,4.213205479452055,0
BL Community Icon Pack,PERSONALIZATION,4.0,289
BL Mobile Banking,FINANCE,4.3,23
MEGA MAN MOBILE,GAME,4.0,267
BL Taxi,MAPS_AND_NAVIGATION,4.9,124
BL!TZ - Endless,GAME,4.7,21
AC-BL,COMMUNICATION,4.213205479452055,0
BL-ED: From BLUE to RED,GAME,4.213205479452055,3
B L Enterprises,FINANCE,4.213205479452055,2
BL PowerPoint Remote,TOOLS,4.3,33
BL Kennedy Theme,PERSONALIZATION,4.2,279
Teen Patti by BL Games,GAME,4.1,496
BBM - Free Calls & Messages,COMMUNICATION,4.3,12843436
BeyondMenu Food Delivery,FOOD_AND_DRINK,4.7,51543
bm offers,LIFESTYLE,3.2,320
B.M.Snowboard Free,SPORTS,3.9,9765
BM Wallet,FINANCE,4.2,798
BM Online OEC Verification,TOOLS,4.1,783
Business Mitra (BM),BUSINESS,4.9,13
Bm,FAMILY,4.213205479452055,1
Basket Manager 2018 Pro,SPORTS,3.7,84
bm Wallet,FINANCE,3.5,196
BatControl Pro,TOOLS,4.9,83
Myjob@BM,SOCIAL,4.213205479452055,1
DMR BrandMeister Tool,COMMUNICATION,3.3,78
"Borneo Bible, BM Bible",BOOKS_AND_REFERENCE,4.9,659
Basket Manager 2018 Free,SPORTS,3.4,1520
MOD Black for BM,BOOKS_AND_REFERENCE,4.213205479452055,2
Basket Manager 2017 Free,SPORTS,4.5,2710
BM Box,BOOKS_AND_REFERENCE,4.3,28
BM SPM Practice,FAMILY,5.0,6
BM FlexCheck,AUTO_AND_VEHICLES,3.5,2
TuenMun BM,TOOLS,4.213205479452055,6
bm-Events,SOCIAL,4.213205479452055,0
Poop Tracker - Toilet Log,HEALTH_AND_FITNESS,4.4,622
B&M Stores,SHOPPING,3.7,192
BM CRM,SHOPPING,4.213205479452055,0
Mobilight-BM,FINANCE,4.8,6
iFORA BM,MEDICAL,4.213205479452055,3
Basket Manager 2016 Free,SPORTS,4.3,1879
BM Pharmacy,HEALTH_AND_FITNESS,4.9,42
postit.bm,SHOPPING,4.213205479452055,1
orderin.bm,FOOD_AND_DRINK,4.213205479452055,0
BM Assets,FINANCE,4.213205479452055,6
BM Interventi,PRODUCTIVITY,4.213205479452055,2
BM Tahmin: Ücretsiz İddaa Tahminleri,SPORTS,4.213205479452055,7
RIV-BM FPV,FAMILY,4.213205479452055,0
BM Physiotherapy Clinic,HEALTH_AND_FITNESS,5.0,3
BBMoji - Your personalized BBM Stickers,COMMUNICATION,4.3,8827
Dormi - Baby Monitor,PARENTING,4.3,11760
På sporet ABC (BM),FAMILY,4.213205479452055,2
BAMMS for BM 1Park,PRODUCTIVITY,4.213205479452055,7
Bet Master Pro Soccer Predictions,SPORTS,4.4,328
MbH BM,MEDICAL,1.0,1
Basket Manager 2016 Pro,SPORTS,4.5,117
Anime Mod for BM,BOOKS_AND_REFERENCE,4.213205479452055,0
BAMMS for BM SQ,PRODUCTIVITY,4.0,2
BM speed test,TOOLS,5.0,1
Word Hunt,GAME,4.9,59
Basket Manager 2017 Pro,SPORTS,4.7,163
NOOK: Read eBooks & Magazines,BOOKS_AND_REFERENCE,4.5,155466
BN Más Cerca de Usted,FINANCE,3.9,8185
Radio BN,FAMILY,4.213205479452055,53
My College Bookstore,SHOPPING,3.2,661
NOOK Audiobooks,BOOKS_AND_REFERENCE,3.5,2539
BN PERKS™,LIFESTYLE,4.213205479452055,0
BNCR Token Celular,FINANCE,3.7,913
BN Mi Banco,BUSINESS,3.0,597
BN Pro BlueICS-b HD Text,LIBRARIES_AND_DEMO,4.2,78
BN Whitening Shoppe Ph,BEAUTY,4.0,2
BN Pro ArialXL Legacy Text,LIBRARIES_AND_DEMO,4.1,142
Sam.BN Pro,TOOLS,4.213205479452055,11
NOOK App for NOOK Devices,BOOKS_AND_REFERENCE,4.7,19090
BN Pro PercentXL-b Neon HD Txt,LIBRARIES_AND_DEMO,4.0,45
BN Bank Mobilbank,FINANCE,3.1,72
BN Pro Play-b HD Text,LIBRARIES_AND_DEMO,4.4,34
[BN] Blitz,SPORTS,3.2,4
BN Pro LcdD Legacy Text,LIBRARIES_AND_DEMO,3.9,71
BN Pro RobotoXL-b HD Text,LIBRARIES_AND_DEMO,4.2,86
Browsery by Barnes & Noble,BOOKS_AND_REFERENCE,4.7,146
BN Pro ArialXL-b HD Text,LIBRARIES_AND_DEMO,4.0,24
2017 BN SM Sales Conference,BUSINESS,4.213205479452055,2
BN Inscript Improved Input keyboard,PRODUCTIVITY,4.213205479452055,0
BN Pro Percent White HD Text,LIBRARIES_AND_DEMO,4.0,45
RTVBN,NEWS_AND_MAGAZINES,3.7,533
BN Pro White HD Text,LIBRARIES_AND_DEMO,4.1,120
BN Pro Roboto-b Neon HD Text,LIBRARIES_AND_DEMO,4.4,30
BN Pro LcdD HD Text,LIBRARIES_AND_DEMO,4.0,50
BN Pro LcdD-b HD Text,LIBRARIES_AND_DEMO,3.9,131
BN Pro Solid Battery-White,LIBRARIES_AND_DEMO,3.6,7
BN Pro Battery Level-White,LIBRARIES_AND_DEMO,4.213205479452055,21
BN MALLORCA Radio,COMMUNICATION,4.213205479452055,23
"Calendars (En, Bn, Ar)",PRODUCTIVITY,4.6,27
BN Habitat - Property Experts - Buy | Sell | Rent,BUSINESS,4.213205479452055,0
BN Pro Play HD Text,LIBRARIES_AND_DEMO,4.4,63
Yuzu eReader,FAMILY,1.9,250
BN Pro RobotoXL HD Text,LIBRARIES_AND_DEMO,4.3,15
New York Mysteries (Full),GAME,4.5,514
BN Pro ArialXL-b Neon HD Text,LIBRARIES_AND_DEMO,4.1,66
BN Pro Black Text,LIBRARIES_AND_DEMO,3.8,18
BN Pro BlueICS HD Text,LIBRARIES_AND_DEMO,4.1,174
The Legacy (Full),GAME,4.6,144
BN Pro Arial Legacy Text,LIBRARIES_AND_DEMO,3.7,83
BN Pro Black Text on White,LIBRARIES_AND_DEMO,3.9,53
BN Pro White Text,LIBRARIES_AND_DEMO,4.4,50
Sam.BN,TOOLS,4.213205479452055,83
Bangla Calendar 1425: (EN-BN-AR) Holiday,LIFESTYLE,4.5,31
BN DB1 App,PRODUCTIVITY,4.213205479452055,2
BN Inscript Improved Keyboard,PRODUCTIVITY,4.213205479452055,0
Badoo - Free Chat & Dating App,SOCIAL,4.3,3781467
Skip-Bo™,GAME,4.4,33661
Skip-Bo™ Free,GAME,3.5,46801
Beck & Bo: Toddler First Words,FAMILY,4.3,41
Bubble Bo-Bo,FAMILY,4.5,65
Boom Beach,FAMILY,4.5,5591653
Red Ball 4,GAME,4.4,1432447
Bo's Bedtime Story,FAMILY,4.2,13
Skater Boy,GAME,4.3,1167143
Sic Bo,GAME,4.213205479452055,1
FX LITE BO,FINANCE,3.6,73
Casual Sic Bo (骰寶),FAMILY,4.0,3
Sic Bo Online! Free Casino,GAME,3.8,488
Dr.Dice - Sic bo analyzer,FAMILY,4.213205479452055,2
Bo's Matching Game,FAMILY,4.213205479452055,3
Hambo,GAME,4.4,125578
HBO GO: Stream with TV Package,FAMILY,3.8,87734
Sic Bo Rave,GAME,3.9,164
Thai Sic Bo,GAME,4.1,14283
Bo's Dinnertime Story,FAMILY,4.3,6
BOO! - Next Generation Messenger,SOCIAL,3.5,20675
Socle Commun BO du 23-04-2015,LIBRARIES_AND_DEMO,4.213205479452055,4
Wishbone - Compare Anything,SOCIAL,4.3,51569
Bee.Bo,LIFESTYLE,4.213205479452055,11
Bo's School Day,FAMILY,4.7,10
Bounce Classic,GAME,4.5,38297
Habbo - Virtual World,FAMILY,3.8,159398
Bomber Friends,GAME,4.5,776730
Sic Bo (Tai Xiu) - Multiplayer Casino,GAME,4.2,152
Power Spheres by BoBoiBoy,FAMILY,4.3,70903
Bo Aung Din,EVENTS,4.1,110
No Crop & Square for Instagram,PHOTOGRAPHY,4.6,819694
Township,FAMILY,4.6,4451317
Hungry Shark World,GAME,4.5,1243017
Go-Go-Goat! Free Game,FAMILY,4.5,66740
BPme - Mobile Fuel Payment & BP Driver Rewards app,TRAVEL_AND_LOCAL,3.0,69
My BP Lab,HEALTH_AND_FITNESS,2.6,186
BP World Energy,BUSINESS,3.4,25
BP and Sugar Test Prank,LIFESTYLE,4.0,7808
Blood Pressure Log - MyDiary,MEDICAL,4.7,8347
iFORA BP,MEDICAL,3.4,18
MbH BP,MEDICAL,3.7,9
Cardio Journal — Blood Pressure Log,MEDICAL,4.5,3320
Blood Pressure Info,FAMILY,3.9,174423
Monitor My BP,HEALTH_AND_FITNESS,4.213205479452055,0
MedM Blood Pressure,MEDICAL,4.0,255
"Diabetes, Blood Pressure, Health Tracker App",MEDICAL,4.5,309
Blood Pressure(BP) Report Lite,MEDICAL,4.0,91
bp e-store,BOOKS_AND_REFERENCE,4.4,52
Wireless BP,MEDICAL,1.8,30
BP Tracker,HEALTH_AND_FITNESS,4.3,12
BP Log lite,LIFESTYLE,5.0,3
MI-BP,HEALTH_AND_FITNESS,5.0,1
BP Service,BUSINESS,4.213205479452055,0
BP-Tech,FAMILY,3.2,12
Blood Pressure Log - bpresso.com,MEDICAL,4.2,5661
Blood Pressure Diary,FAMILY,4.6,47
High Blood Pressure,MEDICAL,3.8,4
Simple Blood Pressure log,MEDICAL,3.9,31
BP Tracker-Symptoms & Solution,MEDICAL,4.2,34
Compas BP Store,SHOPPING,4.213205479452055,0
Blood Pressure Tracker,MEDICAL,4.0,11
Hypertension Hi blood pressure,MEDICAL,3.8,292
BP Scanner Prank,FAMILY,4.1,157
Deep Breathe BP,HEALTH_AND_FITNESS,3.9,26
bpresso PRO,MEDICAL,4.4,515
BP Toolbox,HEALTH_AND_FITNESS,2.1,32
bp Magazine for Bipolar,LIFESTYLE,1.8,5
Blood Pressure - Heartcare,MEDICAL,4.2,70
UM BP Track,MEDICAL,2.0,1
BP Assist,TOOLS,4.213205479452055,0
BP Fitness Lead Scanner,EVENTS,4.213205479452055,0
Blood pressure,HEALTH_AND_FITNESS,3.4,2256
High Blood Pressure Symptoms,MEDICAL,4.3,46
BQ Camera,PHOTOGRAPHY,3.6,2526
BQ Services,TOOLS,3.7,5004
BQ-መጽሐፍ ቅዱሳዊ ጥያቄዎች,GAME,4.7,191
"Brilliant Quotes: Life, Love, Family & Motivation",BOOKS_AND_REFERENCE,4.5,67186
BQ Scan,TOOLS,4.6,18
Add-On: bq (a),PRODUCTIVITY,3.6,26
BQ Partners,COMMUNICATION,4.213205479452055,0
gardening ideas flower diy,HOUSE_AND_HOME,4.213205479452055,0
Software Update,TOOLS,4.4,8259
RoboPad,FAMILY,4.6,41
Add-On: bq (c),PRODUCTIVITY,4.213205479452055,17
BQ Llicència,SPORTS,4.213205479452055,18
Wherever BQ,TRAVEL_AND_LOCAL,4.213205479452055,7
Bono’s Pit Bar-B-Q,FAMILY,2.3,3
Add-On: bq (b),PRODUCTIVITY,4.213205479452055,9
bq magazine,NEWS_AND_MAGAZINES,4.213205479452055,2
QR Scanner & Barcode Scanner 2018,PRODUCTIVITY,3.8,8211
Bill Miller Bar-B-Q Store Ops,BUSINESS,4.213205479452055,0
BQ Scanner,TOOLS,3.0,2
Bar-B-Q Rib House,FOOD_AND_DRINK,5.0,2
Gold Wallpapers,PERSONALIZATION,4.5,43
[Substratum] M5 Theme,PERSONALIZATION,4.4,16
Zowi App,FAMILY,4.5,516
Bar-B-Q Recipes,FOOD_AND_DRINK,4.8,18
System Update Free,TOOLS,4.3,3068
Camera FV-5,PHOTOGRAPHY,3.8,16317
Bar BQ Tonight Dublin,LIFESTYLE,4.213205479452055,0
Camera MX - Free Photo & Video Camera,PHOTOGRAPHY,4.3,244302
Woody's Bar-B-Q,FOOD_AND_DRINK,3.7,3
Launcher Oreo 8.1,PERSONALIZATION,4.5,13466
Theme for Android 7.0,PERSONALIZATION,4.213205479452055,0
Free antivirus and VPN,TOOLS,4.3,27749
Jimbo's Pit Bar B-Q,FOOD_AND_DRINK,4.213205479452055,3
RoboPad++,FAMILY,4.4,77
IKEA Store,SHOPPING,3.4,25515
Simple Gallery,TOOLS,4.5,28030
Pick-a-Paint,LIFESTYLE,1.6,242
Miller's Bar B-Q,FOOD_AND_DRINK,4.213205479452055,0
BAR-B-Q Recipes,FOOD_AND_DRINK,4.213205479452055,0
Left vs Right: Brain Training,FAMILY,4.5,75719
Bar BQ Night Middlesbrough,SHOPPING,4.213205479452055,0
BQ Wings,FOOD_AND_DRINK,4.213205479452055,1
Bible Quizzer - The App for Bible Quizzers,FAMILY,4.213205479452055,0
Texas Bar-B-Q Rewards,FOOD_AND_DRINK,4.213205479452055,0
4-T's Bar-BQ & Catering,SHOPPING,4.213205479452055,0
"Zetup, print in one click",TOOLS,4.213205479452055,40
"Bleacher Report: sports news, scores, & highlights",SPORTS,4.4,122280
Baskin-Robbins,FOOD_AND_DRINK,3.8,1103
Infinity Dungeon VIP,FAMILY,4.3,21804
Carros Rebaixados BR,GAME,4.3,20691
BR,LIFESTYLE,3.0,859
Bleacher Report Live,SPORTS,4.0,232
Cardboard,LIBRARIES_AND_DEMO,4.2,130287
QR Code Pro,PRODUCTIVITY,4.8,5865
BR Video Player,VIDEO_PLAYERS,4.0,46
Br. Parking - Busy road Parking 3D 2018,FAMILY,4.5,41
Br video editing,FAMILY,4.213205479452055,1
B R Telco FCU Mobile Banking,FINANCE,4.7,413
BR Chat Bot,SOCIAL,1.9,16
Br Browser,SOCIAL,4.9,29
TV Guide BR Gold,FAMILY,4.4,544
Dr B R Ambedkar (Jai Bhim),SOCIAL,4.7,2068
Tv Br News,FAMILY,4.213205479452055,4
Br Shafi,FAMILY,4.9,1288
Dr. B.R.Ambedkar,SOCIAL,4.8,1902
cronometra-br,PRODUCTIVITY,4.213205479452055,0
Táxi Nacional BR,MAPS_AND_NAVIGATION,4.213205479452055,88
Texas HoldEm Poker Deluxe (BR),GAME,4.5,1418
BR Classified,BUSINESS,4.213205479452055,0
Top BR Chaya Songs,FAMILY,4.213205479452055,0
Companion for Fortnite & Fortnite Battle Royale,FAMILY,4.6,2736
Mu Mobile BR,BUSINESS,4.5,43
Cube BR LWP simple,PERSONALIZATION,4.213205479452055,19
Brick Breaker BR,GAME,5.0,7
Mu Elite BR,BUSINESS,4.213205479452055,30
BR Series,VIDEO_PLAYERS,3.9,1016
Loteria BR,FAMILY,4.213205479452055,0
Vidroid.com.br,NEWS_AND_MAGAZINES,4.213205479452055,49
CJ - BR MEMES,COMICS,4.3,109
CINE BR,VIDEO_PLAYERS,4.213205479452055,23
Vlogger Go Viral - Tuber Game,FAMILY,4.8,1304467
Next Portuguese(BR) Langpack,TOOLS,4.3,1320
BR Ambedkar Biography & Quotes,BOOKS_AND_REFERENCE,4.6,156
B R COACHINGS,FAMILY,4.213205479452055,1
B. R. Ambedkar Jayanti SMS,PERSONALIZATION,4.213205479452055,0
Black Commando | Special Ops | FPS Shooting,GAME,4.1,1167
GearBest Online Shopping,SHOPPING,4.5,245104
iPlayIT for YouTube VR Player,VIDEO_PLAYERS,4.3,5879
True Skateboarding Ride Skateboard Game Freestyle,GAME,3.8,8175
Bullshit! (Free),GAME,2.4,45
BSPlayer FREE,VIDEO_PLAYERS,4.3,138337
Bullshite!,GAME,2.8,48
Block Strike,GAME,4.5,947515
Loved by King Bs,FAMILY,4.6,5546
BombSquad Remote,GAME,4.1,13304
BSPlayer,VIDEO_PLAYERS,4.2,4585
BS CS IT & SE,FAMILY,4.6,9
BSPlayer ARMv7 VFP CPU support,VIDEO_PLAYERS,4.3,9966
Marked by King Bs,FAMILY,4.6,70335
COMSATS BOOK STORE FOR BS(CS),FAMILY,5.0,15
BS-Mobile,COMMUNICATION,5.0,1
BS Meter (Ad Supported),FAMILY,3.9,14
BS Calendar / Patro / पात्रो,PRODUCTIVITY,4.2,218
Simulator Brawl Box for BS,FAMILY,3.9,168
BS Generator,FAMILY,4.2,5
BS Match Maker Premium,TOOLS,4.213205479452055,3
BS Films,FAMILY,4.213205479452055,1
BS Tractor,GAME,4.213205479452055,3
BS player remote,VIDEO_PLAYERS,3.5,54
BibApp TU BS,FAMILY,4.213205479452055,16
King of B.S.,FAMILY,4.0,4
BS Chopper,GAME,4.213205479452055,0
BS Play,FAMILY,3.7,56
B@dL!bs Lite,GAME,3.8,10
BS Battery+,TOOLS,4.3,269
ATC Unico BS,COMMUNICATION,4.213205479452055,10
Revista BS,NEWS_AND_MAGAZINES,4.213205479452055,10
BS MAPS,MAPS_AND_NAVIGATION,4.5,6
Beauty Rental Shop,FAMILY,4.6,11480
BS Where Am I,TOOLS,4.213205479452055,9
Bsc Agri Notes,FAMILY,4.5,301
Love Signal: D-Mate,FAMILY,4.3,1895
BSC IT,FAMILY,4.4,847
BS TRACK CLIENT,TOOLS,4.213205479452055,0
Kiosko BS,NEWS_AND_MAGAZINES,4.213205479452055,55
Sleeping Delivery,FAMILY,4.6,19640
BS Detector - Diss 'n' Gauges,FAMILY,4.213205479452055,0
CABLE SIZE CALCULATOR BS 7671,TOOLS,3.9,333
Corporate B.S. Generator,BUSINESS,4.213205479452055,0
Banco Sabadell App. Your mobile bank,FINANCE,3.9,25205
Strætó.is,MAPS_AND_NAVIGATION,3.1,742
VOLT DROP CALCULATOR BS 7671,TOOLS,3.9,71
BSc Ag Entrance Preparation,FAMILY,4.4,138
17th Edition Cable Sizer,BOOKS_AND_REFERENCE,4.4,47
Black Survival,FAMILY,4.4,48451
Black Social,SOCIAL,4.6,22
BTNotification,TOOLS,3.9,15665
Little Magnet BT,TOOLS,4.6,3703
BT Notifier,TOOLS,2.5,2794
Little Magnet BT Pro,TOOLS,4.6,251
Bt Notifier -Smartwatch notice,TOOLS,2.8,632
BT One Voice mobile access,COMMUNICATION,4.0,32
BT One Mobile secure access,BUSINESS,3.4,54
BT Communicator,SOCIAL,3.8,32
BT One Voice anywhere,BUSINESS,4.5,80
BT Find Address for Bluetooth,BUSINESS,4.8,8
BT Camera,PHOTOGRAPHY,3.3,1307
BT Messenger,COMMUNICATION,3.9,97
BT One Phone Mobile App,COMMUNICATION,3.5,33
BitTorrent®- Torrent Downloads,VIDEO_PLAYERS,4.5,641219
SW-100.tch by Callstel,COMMUNICATION,4.0,1926
BT App,NEWS_AND_MAGAZINES,4.213205479452055,24
BT MeetMe with Dolby Voice,COMMUNICATION,3.6,437
ProGrade BT,TOOLS,4.213205479452055,0
BT Share It,BUSINESS,4.7,12
Bluetooth Auto Connect,COMMUNICATION,3.9,20829
Wifi BT Scanner,FAMILY,5.0,2
Ultimate Control BT,BUSINESS,4.6,14
BT Controller,TOOLS,3.9,4374
BT Church,LIFESTYLE,4.9,26
Mediatek SmartDevice,TOOLS,3.6,11187
LG BT Reader Plus,TOOLS,3.7,2992
BT Mobile,MAPS_AND_NAVIGATION,3.9,22
MagicLight BT,LIFESTYLE,2.7,135
Bluetooth Control BT->uC FREE,TOOLS,3.8,67
B.T.,NEWS_AND_MAGAZINES,2.8,636
Autool BT-BOX,TOOLS,3.5,4
BT Remote (SPP) for Bluetooth,TOOLS,4.1,36
BT Satmeter,TOOLS,4.213205479452055,0
Battery Notifier Pro BT,TOOLS,4.7,1363
BT Panorama,FINANCE,4.3,34
Battery Notifier BT Free,TOOLS,4.5,21979
"BT Dating -Find your match, help cupid, be social",SOCIAL,4.1,158
BT (Usage Interne),LIBRARIES_AND_DEMO,4.213205479452055,3
BT Position Sender - Bluetooth Position Sender,TOOLS,4.213205479452055,0
Aegis BT,BUSINESS,4.8,16
BT Master,FAMILY,4.213205479452055,0
OSRAM BT Control,TOOLS,4.213205479452055,2
Vip视频免费看-BT磁力搜索,TOOLS,4.213205479452055,20
AudioBT: BT audio GPS/SMS/Text,COMMUNICATION,3.4,198
Jabbla BT,TOOLS,5.0,3
BT Speed,SPORTS,4.213205479452055,3
USB BT Wi-Fi Color Terminal Modem,TOOLS,4.213205479452055,0
SenseView BT Zephyr Sensor,TOOLS,4.3,37
Bu the Baby Bunny - Cute pet care game,FAMILY,4.4,37122
Boston University Alumni,FAMILY,1.8,5
BU Bus Tracker,MAPS_AND_NAVIGATION,4.2,57
kick the buddy,GAME,3.3,294
BU Bookstore,SHOPPING,4.213205479452055,2
BU Study,FAMILY,5.0,7
BU Dental GoGoldman,TRAVEL_AND_LOCAL,4.213205479452055,0
Bu Hangi Uygulama ?,FAMILY,4.213205479452055,1
BU Questrom Launch,TRAVEL_AND_LOCAL,4.213205479452055,3
sustainability@BU,LIFESTYLE,4.8,10
BU School of Public Health,TRAVEL_AND_LOCAL,4.213205479452055,0
BU Mobile,FAMILY,4.5,472
Barisal University App-BU Face,FAMILY,5.0,100
"Pu - Cute giant panda bear, baby pet care game",FAMILY,4.5,22167
BU Students' Rep. Council,FAMILY,4.7,38
On a Bu Pour Vous OBPV,LIFESTYLE,4.213205479452055,0
BU Calculator,FAMILY,4.6,69
BU Beauty Rooms,BEAUTY,4.213205479452055,1
Bu Hangi Firma?,FAMILY,4.213205479452055,8
BU Syllabus,FAMILY,4.5,38
Bu Hangi Ünlü?,GAME,4.213205479452055,1
Bu Nedir ?,GAME,4.213205479452055,0
BU Bison Nation,SPORTS,3.5,4
Kim Bu Youtuber?,FAMILY,4.213205479452055,11
BU HANGİ ŞARKI ? - 2018,GAME,4.213205479452055,4
BU Library,FAMILY,3.5,4
SkyTest BU/GU Lite,BUSINESS,2.9,28
BU Alsace,BOOKS_AND_REFERENCE,4.213205479452055,3
Bu Hangi Oyun ?,GAME,4.213205479452055,2
Catholic La Bu Zo Kam,BOOKS_AND_REFERENCE,5.0,23
Bu Hangi Youtuber ?,GAME,4.213205479452055,31
Nedir Bu ?,GAME,4.213205479452055,0
Bu Hangi Film ?,FAMILY,4.213205479452055,3
Khrifa Hla Bu (Solfa),BOOKS_AND_REFERENCE,4.213205479452055,0
Kick the Buddy,GAME,4.3,1004709
Bu Hangi Dizi ?,GAME,4.213205479452055,14
Kristian Hla Bu,BOOKS_AND_REFERENCE,4.8,238
SA HLA BU,BOOKS_AND_REFERENCE,4.7,119
Bubble Witch 2 Saga,FAMILY,4.3,2838064
Büfe BU,LIFESTYLE,4.1,14
BV Mobile Apps,PRODUCTIVITY,5.0,3
BV,COMMUNICATION,5.0,3
Bacterial Vaginosis,HEALTH_AND_FITNESS,4.213205479452055,1
Bacterial Vaginosis 🇺🇸,HEALTH_AND_FITNESS,4.213205479452055,1
Bacterial Vaginosis Symptoms & Treatment,MEDICAL,4.213205479452055,0
Bacteria Vaginosis,HEALTH_AND_FITNESS,4.0,4015
Hilverda De Boer B.V. App,SHOPPING,4.213205479452055,5
BV Smart,BUSINESS,4.3,28
BV Forest,BUSINESS,4.213205479452055,0
Bacterial Vaginosis Symptoms,MEDICAL,4.1,698
BV Sridhara Maharaj,FAMILY,5.0,8
BV Aventure,TRAVEL_AND_LOCAL,4.213205479452055,0
Bacterial vaginosis Treatment - Sexual disease,HEALTH_AND_FITNESS,5.0,2
BV Link,BUSINESS,4.213205479452055,10
Bacterial Vaginosis Treatment,MEDICAL,4.213205479452055,0
BV Bombers,SPORTS,4.213205479452055,0
Schulman B.V.,SHOPPING,4.0,6
BV MAAp,BUSINESS,4.213205479452055,9
BV Taxi - Driver,MAPS_AND_NAVIGATION,4.213205479452055,1
BV Taxi Sudan,MAPS_AND_NAVIGATION,3.5,8
van Gennip Textiles BV,LIFESTYLE,4.213205479452055,1
bacterial vaginosis,MEDICAL,4.213205479452055,0
PIO bv App,BUSINESS,4.213205479452055,2
Meu Cartão BV,FINANCE,4.1,15057
BV Rando,TRAVEL_AND_LOCAL,4.213205479452055,0
Kovax Europe B.V.,BUSINESS,4.213205479452055,17
StartPage Private Search,LIFESTYLE,4.6,10198
DHV accountancy BV,BUSINESS,4.213205479452055,0
BV Frankfurt inside,SPORTS,4.213205479452055,3
BV Teknisk App,BUSINESS,4.213205479452055,0
TomTom GPS Navigation Traffic,MAPS_AND_NAVIGATION,4.1,132792
Maps & GPS Navigation — OsmAnd,MAPS_AND_NAVIGATION,4.2,60820
OLX Uganda Sell Buy Cellphones,SHOPPING,4.2,4977
Feel Performer,COMMUNICATION,2.2,62
Smashy Road: Arena,GAME,4.3,45558
My Budget Book,FINANCE,4.7,19784
VictronConnect,TOOLS,3.8,400
BV Productions,BUSINESS,4.213205479452055,0
Allsetra B.V.,BUSINESS,4.1,15
PIO bv Transport App,BUSINESS,4.213205479452055,0
Philips Hue,LIFESTYLE,3.1,10006
Evolution: Battle for Utopia,FAMILY,4.2,246705
Home Remedies for Bacterial Infections,HEALTH_AND_FITNESS,4.213205479452055,0
Best Western To Go,TRAVEL_AND_LOCAL,3.0,2719
BW-Go,GAME,4.8,265
BW Smart,TOOLS,3.7,50
Watch Face BW Inter,PERSONALIZATION,3.1,112
BW-Go Free,GAME,4.6,547
BlitzWolf Shutter - BW Shutter,PHOTOGRAPHY,2.9,333
Black & White Camera - Lovely BW,PHOTOGRAPHY,4.2,329
BW-Joseki,GAME,4.7,705
BW-DGS plugin,GAME,4.5,70
BW App,LIFESTYLE,2.8,48
Learn SAP BW,BOOKS_AND_REFERENCE,4.213205479452055,2
Next Launcher 3D Theme Stun-BW,PERSONALIZATION,4.4,2839
Standard Chartered Mobile (BW),FINANCE,4.4,96
BW Mobilbanking für Smartphone und Tablet,FINANCE,4.1,2048
BW COMPANY FINDER,BUSINESS,4.6,48
BW Taxi,MAPS_AND_NAVIGATION,3.0,67
BW-GnuGo,GAME,4.1,64
BW SmartLife,TOOLS,4.213205479452055,0
Bw Events,EVENTS,4.4,16
Beautiful Widgets Free,PERSONALIZATION,3.9,25035
Learn SAP BW on HANA,BOOKS_AND_REFERENCE,4.213205479452055,0
Analog BW - Camera filter effect foto film retouch,PHOTOGRAPHY,4.213205479452055,2
BW Ultra,PRODUCTIVITY,4.213205479452055,0
BW-IVMS,PRODUCTIVITY,4.213205479452055,0
HD Widgets,PERSONALIZATION,4.3,58614
BW Wallpaper,PERSONALIZATION,4.5,4
Skull Widget BW,PERSONALIZATION,4.5,4
BW Map mobile,TRAVEL_AND_LOCAL,3.6,57
Bell and Wyson Camera BW Pix +,LIFESTYLE,2.0,8
Best Western e-Concierge Hotel,TRAVEL_AND_LOCAL,4.0,41
BlackCam Pro - B&W Camera,PHOTOGRAPHY,4.5,1376
SAP BW Tutorial,FAMILY,4.0,11
Kromium BW Theme for NEXT,PERSONALIZATION,4.3,1098
IP address BW,PRODUCTIVITY,4.213205479452055,7
Color Changer Pro [root],PERSONALIZATION,4.5,69
Fantasy theme dark bw black building,ART_AND_DESIGN,4.8,41
Keyboard Theme Gate Flat BW,PERSONALIZATION,4.5,75
BW Switch,GAME,4.213205479452055,1
Tutorials for SAP BW Offline,FAMILY,4.213205479452055,1
BL Essentials BW Icon Pack,PERSONALIZATION,4.2,17
Hypocam,PHOTOGRAPHY,4.5,12572
Hitman GO,FAMILY,4.6,84114
BW Fuhlenbrock,SPORTS,4.213205479452055,4
BW eServices,BUSINESS,4.213205479452055,1
B&W Photo Filter Editor,PHOTOGRAPHY,3.9,205
BW t&t,PRODUCTIVITY,4.213205479452055,2
EBook For SAP BW ON HANA Learning Free,FAMILY,4.213205479452055,0
BX Memo,FAMILY,4.3,131
Bixby Button Remapper - bxActions Pro / Coffee,TOOLS,3.9,319
Bixby Button Remapper - bxActions,TOOLS,4.3,13064
Bitcoin BX Thailand,FINANCE,3.7,120
Bx Thailand Alert (Bitcoin),FINANCE,4.7,3
bX Hot Articles by Ex Libris,FAMILY,4.3,42
Bitcoin BX Thailand PRO,FINANCE,1.7,21
Bitcoin Bx (Thailand),FINANCE,4.5,101
Bx-WiFi-GI,VIDEO_PLAYERS,4.213205479452055,0
BX Mobile TMC for SAP B1,BUSINESS,4.7,3
BX Thailand - Crypto Tracking & Analyse Bitcoin,FINANCE,4.213205479452055,2
BxPort - Bitcoin Bx (Thailand),FINANCE,5.0,4
Bx Access 4d,TOOLS,4.213205479452055,1
bX Thailand Simple Market Price and Alert,FINANCE,4.213205479452055,8
QR & Barcode Scanner BX PRO,TOOLS,4.213205479452055,4
BX Diff - Crypto Coins Checker,FINANCE,4.6,83
bitcoin exchange bx thailand,FINANCE,2.9,19
CSHS BX,FAMILY,4.213205479452055,0
Bitcoin & Cryptocurrency - Bx,FINANCE,4.8,11
Benefit Extras Mobile App,HEALTH_AND_FITNESS,2.3,3
Kick Axe Bx,HEALTH_AND_FITNESS,4.213205479452055,0
Car Driving Simulator Citroen,FAMILY,3.8,174
LEDSHOWTW,TOOLS,4.2,5
C3-C4-PİCASSO-ELYSEE RACİNG,GAME,4.213205479452055,12
Water Surfer Floating BMX Bicycle Rider Racing,FAMILY,4.4,551
Driving Cars Simulator Citroen,GAME,4.213205479452055,3
RC Monster Truck - Offroad Driving Simulator,GAME,4.0,38448
Tiny Call Confirm,COMMUNICATION,4.1,22782
Casa de Bolsa Bx+ Móvil,FINANCE,3.4,5
Super Jabber Jump,GAME,4.3,85882
Commando Adventure Assassin,GAME,4.0,51067
Limbo PC Emulator QEMU ARM x86,TOOLS,4.2,13005
Lollipop Launcher Plus,PERSONALIZATION,4.1,131
Crypto Tracker by BitScreener,FINANCE,4.7,396
City Builder 2016: County Mall,FAMILY,4.2,41693
Fists For Fighting (Fx3),SPORTS,3.9,138739
Train driving simulator,FAMILY,3.8,91645
Roulette Advisor LITE,GAME,4.1,41
Mini Motor Racing WRT,GAME,4.2,107497
BMX Boy Bike Stunt Rider Game,GAME,3.8,299
"CoinMarketApp - CryptoCurrency Portfolio, News,ICO",FINANCE,4.7,20535
Best Friends Dress Up & Makeup,FAMILY,3.7,7664
World of Warriors: Duel,GAME,4.3,25952
Trinomial Factoring Wizard,TOOLS,4.0,22
Driving Zone,GAME,4.2,51791
Bitcoin Ticker Widget,FINANCE,4.6,25744
Quadratic Equation Solver with Steps and Graphs,FAMILY,4.7,513
Color by Number – New Coloring Book,GAME,4.7,142308
Car Race by Fun Games For Free,GAME,4.3,54221
Adult Color By Number Book: Number Coloring Pages,FAMILY,4.2,2231
Glitter Color By Number - Glitter Number Coloring,FAMILY,3.5,1380
Sandbox - Color by Number Coloring Pages,FAMILY,4.7,412744
Sandbox Art-Sandbox Color by Number Coloring Pages,FAMILY,4.7,12784
One Today by Google,LIFESTYLE,4.5,2586
Art Pixel Coloring. Color by Number.,FAMILY,4.5,992
Color By Number - Sandbox Pixel Coloring Book,FAMILY,4.7,24557
PixelDot - Color by Number Sandbox Pixel Art,FAMILY,4.6,16041
Slot Machines by IGG,GAME,4.6,267229
PixPanda - Color by Number Pixel Art Coloring Book,FAMILY,4.9,55723
Sandbox Number Coloring Book Art - Color By Number,FAMILY,4.2,14356
Adult Color by Number Book - Paint Mandala Pages,FAMILY,4.3,997
Photo Editor by Aviary,PHOTOGRAPHY,4.4,1490722
No.Color – Color by Number,FAMILY,4.4,23474
PixBox Coloring - Color by number Sandbox,FAMILY,4.5,12293
"3D Color by Number: Voxel, Unicorn, Pixel Art 3D",FAMILY,4.3,2017
Pixelmania - Color by number & create pixel art,FAMILY,4.4,3588
Valentines love color by number-Pixel art coloring,FAMILY,4.4,767
Rized ‼️ Color By Number & Pixel Coloring Book,FAMILY,3.0,1279
Pixyfy: coloring by number coloring book,FAMILY,4.8,22290
Draw Color by Number - Sandbox Pixel Art,FAMILY,4.7,34279
Project Fi by Google,TOOLS,4.6,7342
Tattoo Color By Number Draw Book Page Pixel Art,FAMILY,4.0,309
SegPlay Mobile Paint by Number,FAMILY,3.7,1478
Paint By Number,FAMILY,3.5,807
Color by Disney,FAMILY,2.7,5706
Bingo by IGG: Top Bingo+Slots!,GAME,4.7,183343
Painting By Numbers,FAMILY,4.1,213
3D Color by Number with Voxels,FAMILY,4.5,5481
Butterfly Pixel Art - coloring by number,FAMILY,4.6,769
Best Hairstyles step by step,BEAUTY,4.5,45452
Halloween Sandbox Number Coloring- Color By Number,FAMILY,4.4,289
"Fiesta by Tango - Find, Meet and Make New Friends",SOCIAL,4.3,112223
"Poly Art: Paint by Sticker, Color by Number Puzzle",FAMILY,4.4,2100
"Pixel art pro-Sand box,paint by number,number draw",FAMILY,4.5,2442
Color by Number: Pixel Art,FAMILY,4.6,12034
UNICORN - Color By Number & Pixel Art Coloring,FAMILY,4.7,8264
FunnyPixels - Color by number Sandbox,FAMILY,4.6,1977
Color By Numbers - Art Game for Kids and Adults,FAMILY,3.1,305
Voxel - 3D Color by Number & Pixel Coloring Book,GAME,4.7,62561
No.Diamond – Colors by Number,FAMILY,4.6,9016
BZ Reminder,BUSINESS,4.7,41625
B.Z. Live-Ticker,NEWS_AND_MAGAZINES,4.213205479452055,114
Weather BZ,WEATHER,4.4,8433
BZ Reminder PRO,BUSINESS,4.8,726
BZ Bingo,FAMILY,4.213205479452055,1
Evasion.bz,SOCIAL,4.1,8
BZ Berner Zeitung E-Paper,NEWS_AND_MAGAZINES,4.213205479452055,4
BZ-Smart,NEWS_AND_MAGAZINES,4.3,828
BZ Zombie VR,GAME,4.4,12
BZ Conferencing,TOOLS,4.7,7
GITZ.bz,SHOPPING,4.0,4
Berner Zeitung,NEWS_AND_MAGAZINES,3.4,736
BZ Fingers,GAME,4.6,15
Dragon B.Z Wallpapers,PERSONALIZATION,4.213205479452055,0
bz Basellandschaftliche News,NEWS_AND_MAGAZINES,2.8,33
BZ Langenthaler Tagblatt E-Paper,NEWS_AND_MAGAZINES,4.213205479452055,0
24/7 BZ Reis,TRAVEL_AND_LOCAL,3.1,421
BZ Delivery,SHOPPING,4.213205479452055,1
Badische Zeitung,NEWS_AND_MAGAZINES,3.9,262
Dragon BZ Wallpapers HD,PERSONALIZATION,4.213205479452055,5
bz Baselland E-Paper,NEWS_AND_MAGAZINES,4.2,69
BZWBK24 mobile,FINANCE,4.5,64983
BZ Dealer,PRODUCTIVITY,4.213205479452055,5
BZ Vesper-App,TRAVEL_AND_LOCAL,4.1,60
BZ-Digital,NEWS_AND_MAGAZINES,4.213205479452055,4
Dragon BZ Super Wallpapers,FAMILY,4.2,12
BZ Berner Oberländer,NEWS_AND_MAGAZINES,4.213205479452055,64
bz Basel E-Paper,NEWS_AND_MAGAZINES,4.213205479452055,72
Südtirol2Go,MAPS_AND_NAVIGATION,3.3,555
TFO BZ Lessons,FAMILY,4.4,75
BZ Langenthaler Tagblatt,VIDEO_PLAYERS,4.213205479452055,22
City Driving Jeep Mania: Parking Passion 2018,FAMILY,4.4,36
Sniper Gun Shot 3D: Impossible Missions,GAME,4.6,20
ePN Cashback AliExpress,SHOPPING,4.4,19212
Elite Commando Shooting War,GAME,4.5,14
Restaurantführer Südbaden,TRAVEL_AND_LOCAL,4.1,46
bz Basel News,NEWS_AND_MAGAZINES,2.2,23
Contractor City Construction - Heavy Logistics,FAMILY,4.2,31
Park Limousine: Realistic Limo Parking Simulator,FAMILY,4.8,4
Animal Hunting: Sniper Shooting,GAME,4.213205479452055,0
WISE- MOBILE PORTAL,TOOLS,4.213205479452055,3
Inwestor mobile,FINANCE,3.2,124
BZ Straußenführer,TRAVEL_AND_LOCAL,4.3,291
Zoosk Dating App: Meet Singles,DATING,4.0,516917
Putzmeister Experts,TOOLS,4.6,21
Filmi Gaane,FAMILY,4.4,572
Bubble,TOOLS,4.5,31621
iBiznes24 mobile,FINANCE,4.213205479452055,38
CA Service Management,BUSINESS,3.4,91
CA Mobile Authenticator,BUSINESS,4.213205479452055,9
CA Latam Partners,BUSINESS,4.213205479452055,0
CA Mobile OTP,TOOLS,3.3,688
CA Lottery Official App,FAMILY,4.2,7000
CA Technologies,FAMILY,4.213205479452055,1
CA Case Management,BUSINESS,2.4,16
CA UIM Mobile,BUSINESS,3.2,54
CA Clarity Mobile Time Manager,BUSINESS,3.1,104
CA Auth ID,TOOLS,3.8,39
Patchcord.ca Inc. App Launcher,BUSINESS,4.213205479452055,0
CA Speakers Free,LIFESTYLE,4.8,74
CA World '17,PRODUCTIVITY,3.7,7
CA DMV,TOOLS,4.2,5463
Save.ca,SHOPPING,3.7,2094
California Cop Assist CA Cop,PRODUCTIVITY,3.0,5
CA Laws 2018 (California Laws and Codes),BOOKS_AND_REFERENCE,3.9,56
California Cameras - Traffic,TRAVEL_AND_LOCAL,4.0,305
CA Speakers,LIFESTYLE,5.0,12
Register.ca Mobile,PRODUCTIVITY,4.213205479452055,0
CB Radio Chat - for friends!,COMMUNICATION,4.0,17998
Truck Chat & CB for Truckers,MAPS_AND_NAVIGATION,2.7,89
CB Frequencies FREE!,TOOLS,3.1,364
CB On Mobile,COMMUNICATION,4.1,901
Cricbuzz - Live Cricket Scores & News,SPORTS,4.5,838738
CB Frequencies,TOOLS,4.0,5
Virtual Walkie Talkie,COMMUNICATION,3.8,21785
CB Outdoors,FAMILY,3.8,5
Viking CB Radios,BUSINESS,4.3,6
Frequencies Free,TOOLS,3.5,382
CB-Mobile Banking,FINANCE,4.5,96
CBRadioTab,TOOLS,3.9,127
CB SMART LIFE,TOOLS,4.213205479452055,30
CB Bank Mobile Banking,FINANCE,4.5,1308
CB Martial Arts,HEALTH_AND_FITNESS,4.213205479452055,0
C.B. Shop,SHOPPING,4.213205479452055,19
CB Underground,LIFESTYLE,3.3,3
CB Background - Free HD Wallpaper Images,PERSONALIZATION,4.1,4538
CB NFC Pendant,HEALTH_AND_FITNESS,4.213205479452055,0
WRLP CB Repeater,FAMILY,4.213205479452055,14
CB Fit,HEALTH_AND_FITNESS,5.0,1
Minwa HA ( C.B ),HOUSE_AND_HOME,4.213205479452055,0
Channel 19,COMMUNICATION,3.7,916
Citizens Bank - CB Mobile,FINANCE,4.8,6
CB Mobile Access,FINANCE,1.5,57
CB VIDEO VISION,PHOTOGRAPHY,5.0,13
CB Hair Png - New Hair Png For CB Editing,PHOTOGRAPHY,4.6,26
CB STARS,FAMILY,4.213205479452055,1
CB Mobile,BUSINESS,4.213205479452055,3
C B Patel Health Club,HEALTH_AND_FITNESS,5.0,5
CB Trader,FINANCE,4.7,11
CB TV,FAMILY,4.213205479452055,2
Football-CB GO Clock Theme,PERSONALIZATION,4.7,26
CB SmartCAR Monitor,TOOLS,4.213205479452055,1
CB News,FAMILY,5.0,7
CB Pay,FINANCE,4.5,198
CB Mobile GA,FINANCE,4.213205479452055,1
CB Register,FAMILY,5.0,1
Cádiz CB Gades,SPORTS,4.213205479452055,1
CB Land,BUSINESS,4.213205479452055,0
Cb browser,COMMUNICATION,5.0,5
CB Edits PNG & CB Backgrounds,PHOTOGRAPHY,4.2,17
CB Mobile Biz,FINANCE,1.0,3
Antenna Tool Premium,TOOLS,4.5,14
Antenna Tool,TOOLS,4.2,522
CB Heroes,SOCIAL,5.0,5
Frequencies,TOOLS,4.2,11
Creative Destruction,GAME,4.4,201426
CD Library,PRODUCTIVITY,3.9,44
Sonic CD Classic,GAME,4.6,26138
ARK: Survival Evolved,GAME,3.8,51523
APagri CD,PRODUCTIVITY,4.213205479452055,5
Design innovation CD Cassette,LIFESTYLE,4.213205479452055,5
DIY Crafts Cds,LIFESTYLE,4.0,209
CD Events,BUSINESS,4.213205479452055,1
PRIMATURE.CD,NEWS_AND_MAGAZINES,4.213205479452055,6
CD Roma's,BUSINESS,4.213205479452055,2
CD Ready,BUSINESS,4.6,52
INTERKINOIS.CD,NEWS_AND_MAGAZINES,4.213205479452055,1
CD Live - Club del Deportista,LIFESTYLE,4.213205479452055,8
Bootable Methods(USB-CD-DVD),BOOKS_AND_REFERENCE,3.4,37
Creative CD Letter Holder,LIFESTYLE,4.213205479452055,0
CD CHOICE TUBE,FAMILY,5.0,10
My Movies Pro - Movie & TV Collection Library,LIFESTYLE,4.6,6477
CD View Lite,TOOLS,4.213205479452055,2
CD - Teach me ABC English L1,FAMILY,4.213205479452055,2
Best Design CD Ideas,LIFESTYLE,4.213205479452055,0
CD Carpe Diem App,FAMILY,4.213205479452055,17
Yazdani Cd Center EllahAbad Official App,FAMILY,5.0,8
CD JUANITO,SPORTS,4.213205479452055,6
CD Music,LIBRARIES_AND_DEMO,4.213205479452055,1
DIY cd rom ideas,LIFESTYLE,4.213205479452055,5
Easy DIY CD Craft Ideas,ART_AND_DESIGN,4.213205479452055,7
Disc Label Print,TOOLS,3.0,262
Kiosque CD,TRAVEL_AND_LOCAL,4.213205479452055,0
CD-Zing,BUSINESS,3.8,70
Nero AirBurn,VIDEO_PLAYERS,4.2,1008
CD COMET,MAPS_AND_NAVIGATION,4.3,12
DIY Recycled CD Wall Art,LIFESTYLE,4.213205479452055,3
CD View,TOOLS,4.213205479452055,0
US 115th CD,TRAVEL_AND_LOCAL,4.213205479452055,0
Билеты ПДД CD 2019 PRO,AUTO_AND_VEHICLES,4.213205479452055,21
STADE.CD,NEWS_AND_MAGAZINES,4.213205479452055,0
OBJECTIFINFOS.CD,NEWS_AND_MAGAZINES,4.213205479452055,2
DIY CD Craft Ideas,LIFESTYLE,4.4,5
РееI Smart Remote MP3 CD Player,TOOLS,3.2,27
CD Padel Mora,SPORTS,4.213205479452055,1
Diligan CD VR,MEDICAL,4.213205479452055,1
CD Supply,BUSINESS,4.213205479452055,0
Music Collector Inventory Organizer UPC Discogs,LIFESTYLE,3.5,155
CE on the go,TOOLS,4.4,79
CE Map - Interactive Conan Exiles Map,MAPS_AND_NAVIGATION,4.5,62
CE Broker,FAMILY,3.7,190
CE Smart,TOOLS,5.0,3
PAC-MAN CE DX,GAME,4.5,1692
CEHQ - CE Credits for Nurses,FAMILY,4.5,12
Theatre of the Absurd CE(Full),FAMILY,4.1,1143
CE SmartApp.com,BUSINESS,4.213205479452055,0
OE TRACKER CE Attendance App,MEDICAL,3.4,16
Professor Online SEDUC-CE,FAMILY,4.1,188
ABAI CE Scanner,FAMILY,4.213205479452055,0
C-E Federal Credit Union,FINANCE,4.213205479452055,1
TI-84 CE Graphing Calculator Manual TI 84,FAMILY,5.0,1
Ultra CE calculator,SPORTS,4.2,28
Shiver: Moonlit Grove CE,FAMILY,4.1,3433
Beast of Lycan Isle CE,FAMILY,4.1,2683
QUI EST CE ?,FAMILY,4.213205479452055,7
Volvo CE Insider,BUSINESS,4.2,45
Grim Tales: The Wishes CE,GAME,4.3,4923
AC CE BJT Actorial,FAMILY,4.213205479452055,1
MCQ CE IT,FAMILY,5.0,22
Placement Tips for BE (CE/IT),FAMILY,4.4,7
NetApp CE,BUSINESS,4.213205479452055,0
Depths of Betrayal CE (Full),FAMILY,4.3,363
Merck CE,BUSINESS,4.5,2
CE-STRONG,FAMILY,4.213205479452055,0
Magana Jari ce Littafi Na Uku : Part 3 of 3,FAMILY,4.8,65
CCleaner,TOOLS,4.4,885187
Qu'est ce qui est jaune et qui attend ?,FAMILY,4.213205479452055,10
CE-SETRAM l’Appli,LIBRARIES_AND_DEMO,4.213205479452055,0
CE KISIO,LIFESTYLE,4.213205479452055,1
Terminal Emulator for Android,TOOLS,4.4,113951
Ceasa CE,TOOLS,4.213205479452055,0
CE Genius Nurses Edition,MEDICAL,4.213205479452055,0
CE HPJM 69,NEWS_AND_MAGAZINES,4.213205479452055,2
CE SODEXO PASS FRANCE,PRODUCTIVITY,4.213205479452055,0
CE AH VLJ,TRAVEL_AND_LOCAL,4.213205479452055,1
Pregnancy Tracker & Countdown to Baby Due Date,PARENTING,4.7,658087
ACCEPT CE MARKING,PRODUCTIVITY,4.213205479452055,0
CE AR LOG,LIFESTYLE,4.213205479452055,0
CE Airbus,LIFESTYLE,4.213205479452055,0
"Führerschein Klasse CE, LKW 2018",FAMILY,4.213205479452055,57
CE Intelligence,BUSINESS,4.213205479452055,0
CrossFire: Legends,GAME,4.3,144040
CF.lumen,TOOLS,4.4,4901
CF-Bench Pro,TOOLS,4.6,159
CF SHOP!,LIFESTYLE,2.8,88
CF Life,FAMILY,5.0,4
Cheapflights – Flight Search,TRAVEL_AND_LOCAL,4.4,47777
CF-Bench,TOOLS,4.4,2132
CF Appreciation,LIFESTYLE,2.0,11
Unity CF,LIFESTYLE,5.0,5
Next Launcher 3D Bold-CF Theme,PERSONALIZATION,4.4,175
Overcomers CF - GA,LIFESTYLE,5.0,7
Themes DAF CF 85 Trucks,PERSONALIZATION,4.213205479452055,2
CF Chat: Connecting Friends,COMMUNICATION,3.4,5
CF Invest,FINANCE,4.4,11
Team CF,LIFESTYLE,4.213205479452055,0
iOBD2-CF,TOOLS,3.4,5
CF PD,FINANCE,4.213205479452055,4
Themes DAF CF Trucks,PERSONALIZATION,4.213205479452055,2
CF Calculator,LIFESTYLE,3.3,25
CF Climb,LIFESTYLE,1.5,2
Squeezy CF,MEDICAL,4.213205479452055,0
Wallpapers DAF CF Trucks,PERSONALIZATION,4.213205479452055,1
Wallpapers DAF CF 85 Trucks,PERSONALIZATION,4.213205479452055,0
CF,FINANCE,5.0,2
Wallpapers Truck DAF CF,PERSONALIZATION,4.213205479452055,19
CF cal,TOOLS,4.3,123
CF GeneE,MEDICAL,4.3,16
Themes DAF CF 85,PERSONALIZATION,4.213205479452055,3
CF SPOT,HEALTH_AND_FITNESS,4.213205479452055,0
CF Talenti,HEALTH_AND_FITNESS,4.213205479452055,4
Villarreal CF Wallpapers 4 Fans,LIFESTYLE,4.213205479452055,2
Thrive CF,HEALTH_AND_FITNESS,2.2,6
Special Forces Group 2,GAME,4.6,1432809
Valencia CF Wallpapers 4 Fans,LIFESTYLE,4.213205479452055,4
Cacique CF,SPORTS,4.213205479452055,19
CF Townsville,HEALTH_AND_FITNESS,5.0,4
CF Church,FAMILY,4.213205479452055,1
CF Etowah,HEALTH_AND_FITNESS,4.213205479452055,0
"Cystic Fibrosis Symptoms, Doctors & Treatments",HEALTH_AND_FITNESS,4.7,6
Málaga CF Wallpapers 4 Fans,LIFESTYLE,4.213205479452055,2
Cluster CF,SPORTS,4.213205479452055,10
CF Themis,HEALTH_AND_FITNESS,4.213205479452055,0
Imperium CF,SPORTS,4.213205479452055,9
Azulones Getafe CF Fans,SPORTS,4.213205479452055,4
CF Riga,HEALTH_AND_FITNESS,4.213205479452055,12
Casa CF,HEALTH_AND_FITNESS,4.7,12
CampGladiator,HEALTH_AND_FITNESS,3.5,293
CG Creative Sets: 2D/3D Artist,NEWS_AND_MAGAZINES,4.3,117
Motocross Motorbike Simulator Offroad,GAME,3.6,51366
CG Daily News,NEWS_AND_MAGAZINES,4.3,65
CG - Calendars Add-On,PRODUCTIVITY,3.6,49
CG Fit Scale,HEALTH_AND_FITNESS,2.6,13
All Info about Cg,FAMILY,4.7,15
cg guruji,FAMILY,4.5,170
CG Yojna & Jansampark,FAMILY,4.0,54
Offline Jízdní řády CG Transit,MAPS_AND_NAVIGATION,4.6,7314
CG Prints,PHOTOGRAPHY,5.0,1
CG Job Alerts,FAMILY,4.2,116
CG - Conference Call Add-On,PRODUCTIVITY,4.213205479452055,6
Somos CG,PRODUCTIVITY,4.213205479452055,2
CG Samanya Gyan,FAMILY,4.2,145
CG Smart,SPORTS,4.213205479452055,2
CG Freelancer,NEWS_AND_MAGAZINES,4.7,10
CG Wallpapers,FAMILY,4.5,11
Best CG Backgrounds,FAMILY,3.6,8
CG Districts,SOCIAL,3.8,14
Amazing CG Backgrounds,FAMILY,4.2,34
CG BILASPUR CARNIVAL,EVENTS,3.8,59
Chat Anónimo Gratis Español CG,DATING,3.5,69
CG Shikshak Mitan,TOOLS,4.1,295
CG 3D Model Viewer: view 3D models interactively,TOOLS,4.213205479452055,0
CG Wizard,TOOLS,4.213205479452055,6
CG FM,FAMILY,5.0,2
ASCP® CG Exam Flashcards 2018,FAMILY,4.213205479452055,0
Best CG views,FAMILY,4.2,4
Bhunaksha CG,TOOLS,4.1,67
My CG,PRODUCTIVITY,4.213205479452055,0
Best CG Photography,FAMILY,4.213205479452055,1
BF CG View Wallpapers,FAMILY,3.6,13
CG Sanyukt Bharti Pariksha 2018,FAMILY,4.3,14
Betting Tips / Sports Tips by CG Tipster,SPORTS,4.1,315
CG Shikshak,FAMILY,4.4,211
CG Vidhansabha Chunav 2018,NEWS_AND_MAGAZINES,4.213205479452055,0
gps tracker cg,TOOLS,4.213205479452055,0
CG Backgrounds,FAMILY,4.0,8
CG - Chemistry free,FAMILY,5.0,7
CG Jobs,FAMILY,5.0,8
music (CG),FAMILY,4.213205479452055,0
CG Patwari Exam,FAMILY,3.8,28
Naidunia: MP News & CG News,NEWS_AND_MAGAZINES,4.3,2746
BF CG Abstract Pictures,FAMILY,4.7,6
Bhuiyan Land Records Chhattisgarh (CG),NEWS_AND_MAGAZINES,4.5,12
CG JOKES - Copy & Share,FAMILY,4.4,31
"Ultimate Public Campgrounds (Over 37,100 in US&CA)",TRAVEL_AND_LOCAL,4.7,213
Chrome Beta,PRODUCTIVITY,4.4,228755
20 minutes (CH),NEWS_AND_MAGAZINES,3.7,4379
"OurHome – chores, rewards, groceries and calendar",FAMILY,4.3,3146
Weather Data CH,WEATHER,4.213205479452055,15
Dots puzzle,FAMILY,4.0,179
CH info,NEWS_AND_MAGAZINES,3.9,45
Dive-Store.ch,SPORTS,4.213205479452055,0
FAV KWGT,PERSONALIZATION,4.9,88
Flo's CH Boss Timer,FAMILY,3.5,163
20 Minuten (CH),NEWS_AND_MAGAZINES,3.5,14153
"Reading Race 1b: sh, ch words",FAMILY,4.213205479452055,2
Calvary.ch App,LIFESTYLE,4.4,10
autolina.ch has over 120'000 cars on offer.,AUTO_AND_VEHICLES,4.2,25
Speech Therapy: CH,FAMILY,4.213205479452055,0
Digi-TV.ch,SOCIAL,4.213205479452055,62
retteMi.ch,COMMUNICATION,4.213205479452055,31
Chrome Canary (Unstable),PRODUCTIVITY,4.3,21866
ch-mm Dict,BOOKS_AND_REFERENCE,4.213205479452055,0
boattheory.ch Full 2018,FAMILY,4.7,54
waut.ch!,FAMILY,4.5,10
search.ch,TRAVEL_AND_LOCAL,4.4,11514
homegate.ch,HOUSE_AND_HOME,4.2,2543
tutti.ch - Free Classifieds,SHOPPING,4.4,9950
autoricardo.ch – vehicles,LIFESTYLE,3.3,1045
Chrome Dev,COMMUNICATION,4.4,63576
Legit Check App by Ch Daniel,LIFESTYLE,4.9,66
Threema,COMMUNICATION,4.5,51110
Battery HD Pro,TOOLS,4.7,17861
DRAGON QUEST IV,FAMILY,4.7,1647
swissinfo.ch,NEWS_AND_MAGAZINES,3.9,271
Automagic * Automation,TOOLS,4.7,1947
FlashLight HD LED Pro,TOOLS,4.7,4928
Students.ch,SOCIAL,4.213205479452055,5
CH Kadels,BUSINESS,4.4,36
Sermon on Proverbs CH Spurgeon,GAME,4.8,35
Pixxy KWGT,PERSONALIZATION,4.8,60
ricardo.ch,SHOPPING,4.0,13232
usgang.ch,LIFESTYLE,3.7,492
"Startupticker.ch News, Events",NEWS_AND_MAGAZINES,5.0,4
ci,FAMILY,3.0,1691
Green Build - An unofficial Travis CI client,TOOLS,3.9,7
mySharpBranded CI Test,TOOLS,4.213205479452055,0
Valmet CI Tool,BUSINESS,4.213205479452055,1
CI Remote for Go,PRODUCTIVITY,4.6,20
myNaida CI,MEDICAL,4.6,64
CI MOBI,FAMILY,4.3,108
Paris ci la Sortie du Métro,MAPS_AND_NAVIGATION,4.2,453
Supply Travis-CI POC,LIBRARIES_AND_DEMO,4.213205479452055,0
CI 174 Gray Icon Pack,PERSONALIZATION,5.0,1
CI Crew,FAMILY,4.213205479452055,1
Pharmacy CI - Pharmacies de garde Côte d'Ivoire,HEALTH_AND_FITNESS,4.5,5509
CI Staff App,LIFESTYLE,4.213205479452055,0
IQ Test,PRODUCTIVITY,4.2,1623
1st Fed CI Mobile Banking,FINANCE,4.213205479452055,0
Thistletown CI,PRODUCTIVITY,1.0,1
All-night drugstore CI & Price,HEALTH_AND_FITNESS,4.213205479452055,0
CI Dictionary,FAMILY,4.6,31
RGN CI-Control,BUSINESS,4.213205479452055,0
CI Time,PRODUCTIVITY,4.213205479452055,4
CI View,BUSINESS,4.213205479452055,2
Ci - Logistics Group,BUSINESS,4.213205479452055,1
CI Attendance,PRODUCTIVITY,4.213205479452055,0
Annonces.ci,SHOPPING,4.213205479452055,14
C I Patel School,FAMILY,4.1,101
CI Screwed - Icon Pack,PERSONALIZATION,4.7,19
CI Stream,VIDEO_PLAYERS,4.213205479452055,0
Majestic Cinema CI,BUSINESS,4.213205479452055,45
Bonjour 2017 Abidjan CI ❤❤❤❤❤,FAMILY,4.213205479452055,235
Pharmacie de Garde CI et Prix,HEALTH_AND_FITNESS,4.4,2599
CI Capital - Dynamic,FINANCE,4.8,4
Chicken Invaders 3,GAME,4.2,52390
CI SA,BUSINESS,4.213205479452055,0
Mesure CI,TOOLS,4.213205479452055,9
Trovami se ci riesci,GAME,5.0,11
CircleCI Viewer,PRODUCTIVITY,4.6,16
SimCity BuildIt,FAMILY,4.5,4218587
Nur təfsiri 1-ci cild,LIBRARIES_AND_DEMO,5.0,15
Test de Inteligencia CI,FAMILY,2.9,21
Calculate My IQ,FAMILY,4.213205479452055,44
South Park: Phone Destroyer™,FAMILY,4.4,288835
CI CAFETERIAS UBER,PRODUCTIVITY,4.213205479452055,0
Mizanul-Hikmət 2-ci cild,LIBRARIES_AND_DEMO,4.213205479452055,16
CI On The Go,NEWS_AND_MAGAZINES,3.0,2
CJ SO COOL,FAMILY,4.5,145
CJ Fitness,HEALTH_AND_FITNESS,2.4,221
CJ: Strike Back,GAME,4.3,29330
The Grand Wars: San Andreas,GAME,3.9,29990
CJ Fallon eBook Reader,FAMILY,1.9,76
Grand Theft Auto: San Andreas,GAME,4.4,348962
CJ Gospel Hour,SOCIAL,5.0,7
CJ's Tire & Automotive,AUTO_AND_VEHICLES,4.0,5
CJ Camcorder,VIDEO_PLAYERS,4.7,3
The Grand Way,GAME,3.9,1995
CJ'S TIRE AND AUTO INC.,PRODUCTIVITY,5.0,5
CJ Browser - Fast & Private,COMMUNICATION,4.2,5
CJ WOW SHOP,SHOPPING,4.2,2099
Gold Teeth Photo Editor,PHOTOGRAPHY,2.8,1022
CJ VLC HD Remote (+ Stream),VIDEO_PLAYERS,4.2,4074
CJ DVD Rentals,COMMUNICATION,1.0,5
San Andreas City : Auto Theft Car gangster,GAME,3.9,923
Miami Crime Vice Town,GAME,4.1,154519
CJ Poker Odds Calculator,GAME,4.1,207
Commission Manager,PRODUCTIVITY,3.2,12
CJ Apps,BUSINESS,4.213205479452055,0
The CJ Rubric,HEALTH_AND_FITNESS,5.0,5
Pekalongan CJ,SOCIAL,4.213205479452055,0
CJ's Coffee Cafe,TRAVEL_AND_LOCAL,5.0,6
Gangster City Auto Theft,GAME,4.3,350
China Town Auto Theft 2,GAME,4.1,364
Codes for GTA San Andreas,FAMILY,3.8,12414
CJ Wilson's ZoomZoomnation,PRODUCTIVITY,4.0,4
C J Academy,FAMILY,4.213205479452055,0
Grand Gangsters 3D,GAME,4.2,401643
Sir C J New Primary School,FAMILY,5.0,3
Gang Wars of San Andreas,GAME,4.1,9898
CJ the REALTOR,BUSINESS,5.0,1
CJ Infinity,FOOD_AND_DRINK,4.213205479452055,0
CJmall,SHOPPING,3.7,18253
CJ IT ApS,BUSINESS,4.213205479452055,0
CJ Auto école,FAMILY,4.213205479452055,0
Sin City Hero : Crime Simulator of Vegas,GAME,4.1,3371
Courier Journal,NEWS_AND_MAGAZINES,3.5,254
FANDOM for: GTA,FAMILY,3.9,39038
San Andreas Crime City Gangster 3D,FAMILY,4.2,9403
Zombie Death Shooter,GAME,3.8,17372
Project Grand Auto Town Sandbox Beta,GAME,3.7,7885
Credit Karma,FINANCE,4.7,706618
Company Kitchen,LIFESTYLE,2.8,81
Calvin Klein – US Store,SHOPPING,4.7,221
CK FFXIV Companion,FAMILY,4.3,1364
Can Knockdown,FAMILY,4.1,155649
Calvin Klein Petite Dresses,BEAUTY,4.213205479452055,0
Louis CK,FAMILY,4.7,244
CK-12: Practice Math & Science,FAMILY,4.2,562
CK 初一 十五,LIFESTYLE,4.0,294
CK Eorzea Timepiece,PERSONALIZATION,3.2,8
F*ck This Game,GAME,4.6,8
211:CK,GAME,5.0,8
CONTRACT KILLER: ZOMBIES (NR),GAME,4.4,206602
ck-modelcars Shop,SHOPPING,4.5,118
Brainf*ck Interpreter,FAMILY,4.0,24
ck-modelcars-UK Shop,SHOPPING,4.6,69
CK Multimedia - Gaming Accessories,SHOPPING,4.7,10
CK SKILLZ,HEALTH_AND_FITNESS,4.213205479452055,0
CK-12 Physics Simulations,FAMILY,4.1,30
CKZ ORIGINS,GAME,4.5,219821
211:CK Lite,GAME,4.3,3
CK Life,HEALTH_AND_FITNESS,4.213205479452055,3
USMLE Step 2 CK Flashcards,FAMILY,5.0,1
CK Employee Portal,BUSINESS,5.0,7
FML F*ck my life + widget,FAMILY,4.2,1415
USMLE Step 2 CK Cards Lite,FAMILY,4.0,28
Company Kitchen Inventory,BUSINESS,4.213205479452055,3
Tic Tac CK,FAMILY,5.0,3
CK Pharmacies,HEALTH_AND_FITNESS,2.7,3
INFAMY RO,FAMILY,4.1,2167
CK Call NEW,COMMUNICATION,4.213205479452055,0
Ck Coif,LIFESTYLE,4.213205479452055,0
CONTRACT KILLER: ZOMBIES,GAME,4.4,144545
CK Shop,TOOLS,4.213205479452055,13
FlexBook,FAMILY,4.3,104
Can Knockdown 3,GAME,4.1,349503
Fu*** Weather (Funny Weather),WEATHER,4.7,20001
OB-GYN USMLE Stp2 CK 300 Q & A,MEDICAL,4.4,34
CK Active,HEALTH_AND_FITNESS,4.213205479452055,0
USMLE CK Clinical Knowledge Flashcards 2018 Ed,FAMILY,4.213205479452055,0
Night Camera Blur Effect,PHOTOGRAPHY,3.6,100
Camera V7 24 Megapixel,PHOTOGRAPHY,4.0,2480
CL Mobile Pro - Classifieds for Craigslist,SHOPPING,4.1,1288
cloudLibrary,BOOKS_AND_REFERENCE,4.0,10774
"CL Reader for Craigslist(For sale, jobs, rental..)",TOOLS,4.1,61
CL Pro App for Craigslist,SHOPPING,4.0,119
Castle Clash: Heroes of the Empire US,FAMILY,4.6,4578890
CL 2NE1 Wallpaper KPOP Fans HD,PERSONALIZATION,4.213205479452055,7
CL 2ne1 Wallpaper KPOP HD Best,PERSONALIZATION,4.213205479452055,3
FREE CHATS C.L.,COMMUNICATION,4.213205479452055,4
CL 2ne1 Wallpaper KPOP UHD Fans,PERSONALIZATION,4.213205479452055,1
CL REPL,TOOLS,5.0,47
CL Pro Client for Craigslist,SHOPPING,3.6,48
DAILY: Free Classifieds App for Android,LIFESTYLE,4.1,5025
App for Craigslist Pro - Buy & Sell Postings,LIFESTYLE,4.3,707
Pro App for Craigslist,SHOPPING,4.1,5618
Car Search For Craigslist CL Free,AUTO_AND_VEHICLES,2.6,5
CL Clock,BUSINESS,2.7,7
Old: CL-150,FAMILY,3.8,120
CL Keyboard - Myanmar Keyboard (No Ads),TOOLS,5.0,24
Clash of Kings : The King Of Fighters version,FAMILY,4.2,2233681
Cl-app!,SPORTS,4.213205479452055,41
CL Notifier,TOOLS,5.0,36
Leica CL,PHOTOGRAPHY,2.6,8
cPro Marketplace: Buy. Sell. Rent. Date. Jobs.,SHOPPING,4.4,385764
Postings (Craigslist Search App),SHOPPING,4.3,151095
New CL 2ne1 Wallpaper KPOP live,PERSONALIZATION,4.213205479452055,0
CL 2ne1 Wallpaper KPOP Fans All,PERSONALIZATION,4.213205479452055,0
CL-Phlebotomist,MEDICAL,4.7,19
New: CL-150,FAMILY,2.8,4
Battle of Zombies: Clans War,FAMILY,4.1,488039
CL-Customer Care,HEALTH_AND_FITNESS,4.213205479452055,2
CL Pebble Apps,LIFESTYLE,3.6,67
MPS CL,TOOLS,4.213205479452055,1
Turnotronik CL,TOOLS,4.213205479452055,1
CL e-bank,FINANCE,4.0,210
E2CR CL,LIFESTYLE,4.213205479452055,0
Wallpapers Mercedes Benz CL,PERSONALIZATION,4.213205479452055,2
Color CL,LIFESTYLE,5.0,2
CL Strength,HEALTH_AND_FITNESS,5.0,3
CL-App,MEDICAL,4.7,6
"Security Master - Antivirus, VPN, AppLock, Booster",TOOLS,4.7,24900999
"CM Launcher 3D - Theme, Wallpapers, Efficient",PERSONALIZATION,4.6,6700847
CM Launcher 3D Pro💎,PERSONALIZATION,4.7,23802
CM Locker - Security Lockscreen,TOOLS,4.6,3090680
Clean Master Lite - For Low-End Phone,TOOLS,4.6,2246379
"CM Security Open VPN - Free, fast unlimited proxy",TOOLS,4.6,85496
CM Security Lite - Antivirus,TOOLS,4.6,262076
CM Transfer - Share any files with friends nearby,COMMUNICATION,4.6,71740
"CM Flashlight (Compass, SOS)",TOOLS,4.4,166363
CM Apps,TOOLS,3.8,3341
CM AppLock,TOOLS,4.1,843
"Ruler(cm, inch)",TOOLS,3.4,2889
AppLock - Fingerprint Unlock,TOOLS,4.5,112482
CM Launcher Default Theme,PERSONALIZATION,4.5,3989
Battery Doctor-Battery Life Saver & Battery Cooler,TOOLS,4.5,8190074
Inch/cm/Foot Conversion,PRODUCTIVITY,4.0,319
"Speed Booster - Ram, Battery & Game Speed Booster",TOOLS,4.7,85079
CM FILE MANAGER,TOOLS,4.4,953790
Technology CM Locker Theme,PERSONALIZATION,4.4,10093
Swift Dark CM / CM13 Theme,PERSONALIZATION,4.7,1500
Melior NUI - Material CM Theme,PERSONALIZATION,4.7,1873
Height Converter feet-inch cm,TOOLS,4.2,498
CM Secure Browser (Authorized),TOOLS,4.2,1147
📏 Smart Ruler ↔️ cm/inch measuring for homework!,TOOLS,4.0,19
Ruler cm,TOOLS,3.6,661
"Length Converter: convert mm,cm,m, feet,yard,mile",TOOLS,4.7,76
CM AppLock Fingerprint 2018,TOOLS,4.4,1264
"m, cm, mm to yard, feet, inch converter tool",TOOLS,4.3,246
Speed Car CM Locker Theme,PERSONALIZATION,4.4,7519
Calculator CM,TOOLS,4.4,8
Inches to cm conversion,TOOLS,4.4,29
Vintage Flower CM Locker Theme,PERSONALIZATION,4.3,2910
Centimeter Ruler,TOOLS,3.3,16
CM S Pen Add-on(ROOT),TOOLS,3.6,373
Ruler,TOOLS,4.5,27180
My Style CM 13 Theme,PERSONALIZATION,4.5,314
QuickPic - Photo Gallery with Google Drive Support,PHOTOGRAPHY,4.6,847144
"Ruler & Area Measurement (cm, inch)",TOOLS,4.3,10
Inches to Centimeters,TOOLS,3.6,949
"cm, mm to inch, feet converter tool",PRODUCTIVITY,4.3,176
City light CM Locker Theme,PERSONALIZATION,4.4,6271
Speed Test - WiFi / Cellular speed test,TOOLS,4.1,24226
CM FILE MANAGER Pro,BUSINESS,4.2,2359
cm to inches | centimeters to inches conversion,TOOLS,4.8,52
OMEGA Black UI Theme - CM 12+,PERSONALIZATION,4.2,12
In to cm,TOOLS,4.213205479452055,0
Cartoon Network App,FAMILY,4.0,119173
CN Summer Challenge,FAMILY,3.7,985
Teen Titans GO Figure!,FAMILY,4.5,1985
CN Superstar Soccer: Goal!!!,FAMILY,4.1,3863
Teeny Titans - Teen Titans Go!,FAMILY,4.6,20463
CN Sayin' - Cartoon Network,FAMILY,4.5,85
Cartoon Network Match Land,FAMILY,4.7,21979
Card Wars Kingdom,FAMILY,4.3,920571
Wrecker's Revenge - Gumball,FAMILY,4.3,2263
Super Slime Blitz - Gumball,FAMILY,4.6,5395
Blamburger - Clarence,FAMILY,4.1,30444
Free Fur All – We Bare Bears,FAMILY,4.2,256916
Sky Streaker - Gumball,GAME,4.3,37513
Just A Regular Arcade,GAME,4.2,40847
Soundtrack Attack,FAMILY,4.3,96045
[adult swim],FAMILY,3.6,21433
Ben 10: Alien Experience,FAMILY,4.2,82005
MagiMobile – Mighty Magiswords,FAMILY,4.2,120035
Dreamland Arcade - Steven Universe,GAME,4.0,6386
Surely You Quest - Magiswords,FAMILY,4.6,43314
Adventure Time Run,GAME,4.3,24628
Glitch Fixers: Powerpuff Girls,GAME,4.4,39698
StirFry Stunts - We Bare Bears,GAME,4.5,121533
Burrito Bash – We Bare Bears,FAMILY,4.3,10776
LEGO® TV,FAMILY,3.7,17250
Boomerang,FAMILY,4.2,13519
We Bare Bears Match3 Repairs,FAMILY,4.7,39153
Champions and Challengers - Adventure Time,FAMILY,4.6,51973
Ski Safari: Adventure Time,FAMILY,4.5,48754
Block Survival Craft:The Story,FAMILY,4.1,7046
"What's Up, Snoopy? - Peanuts",FAMILY,4.5,773
DisneyNOW – TV Shows & Games,FAMILY,4.3,82499
Rockstars of Ooo,FAMILY,3.4,642
Pokémon TV,FAMILY,4.2,117461
Angelo Rules - Crazy day,GAME,3.9,108336
Flipped Out! - Powerpuff Girls,FAMILY,4.4,412
Adventure Time Game Wizard,GAME,4.1,4107
Best Park in the Universe,GAME,4.3,3904
Formula Cartoon All Stars,FAMILY,3.9,1213
Multicraft Miner Exploration,GAME,4.0,14563
CN TV Canal 3 - Cable Netword,FAMILY,4.213205479452055,5
CN Resident,FAMILY,5.0,1
Little Lovely Dentist,FAMILY,4.2,17786
Foods Co,SHOPPING,4.3,199
AND CO,FINANCE,4.5,175
Tetrobot and Co.,FAMILY,4.5,709
Wuwu & Co.,FAMILY,4.213205479452055,9
Dots & Co: A Puzzle Adventure,FAMILY,4.5,81001
AppClose - The #1 FREE Co-Parenting App,PARENTING,3.5,159
Co-op CRS,LIFESTYLE,3.6,581
Co Checker,TOOLS,1.9,12
VCalendar - VenkatRama and Co,LIFESTYLE,4.3,87
Feeder.co,NEWS_AND_MAGAZINES,3.2,77
Co-op Connections,SHOPPING,1.6,8
mail.co.uk Mail,COMMUNICATION,4.2,21
Aquarium Co-Op Podcast,LIFESTYLE,4.9,206
MobileBiz Co - Cloud Invoice,BUSINESS,4.4,373
Supermarket Cashier Kids Games,FAMILY,3.6,32416
Co-op Taxi,MAPS_AND_NAVIGATION,3.4,168
Alex & Co Quiz,GAME,4.213205479452055,9
Them Bombs: co-op board game play with 2-4 friends,GAME,4.7,8038
REI Co-op Mastercard,FINANCE,2.9,320
Websites.co.in Instant Website,BUSINESS,4.3,327
Co-op Credit Union on the Go,FINANCE,4.4,5
Hashtags For Likes.co,SOCIAL,4.3,420
Chinese Chess ( Xiangqi Free ),GAME,4.6,963
Krypton by krypt.co,PRODUCTIVITY,4.6,38
Chinese Chess / Co Tuong,GAME,4.2,6947
Fayr - Co-Parenting Simplified,PRODUCTIVITY,3.5,16
Co-Dependents Anonymous,LIFESTYLE,4.213205479452055,0
Sprig by CO-OP,FINANCE,2.9,252
Good&Co: Career match tests,BUSINESS,4.4,26572
Central Bank and Trust Co.,FINANCE,4.7,65
Soo Co-op Mobile Banking,FINANCE,4.5,159
Co-Optima Mobile,FINANCE,4.4,218
SharedCare™ Co-parenting,PARENTING,2.0,23
Holl & Co Barbers,LIFESTYLE,4.7,12
Call of Mini™ Zombies 2,GAME,4.4,248417
Grenada Co-operative Bank,FINANCE,4.4,137
Dungeon Legends - PvP Action MMO RPG Co-op Games,FAMILY,4.4,102215
CO CASE Events,FAMILY,4.213205479452055,0
Permit Test CO Colorado DMV,FAMILY,4.5,41
"Chinese Chess 3D Online (Xiangqi, 象棋, co tuong)",GAME,3.5,23
2-Player Co-op Zombie Shoot,GAME,4.2,33
Camping and Co - Camping in Europe,TRAVEL_AND_LOCAL,3.7,19
Remote | Fire TV | Android TV | KODI | CetusPlay,TOOLS,4.4,15911
Comboios de Portugal,MAPS_AND_NAVIGATION,3.4,1147
CP Dialer,SOCIAL,4.3,64
CP Federal Mobile,FINANCE,3.6,180
Cestovné poriadky CP,MAPS_AND_NAVIGATION,4.6,2681
CP Channel,FAMILY,4.6,7
CP Clicker,LIFESTYLE,4.2,251
Evolution CP & IV Calculator for pokemon,FAMILY,4.3,9465
CP Creepypasta,FAMILY,3.8,128
Hercules CP Mobile,TOOLS,1.4,20
Cerebral Palsy,MEDICAL,4.4,38
"Speak quietly: Autism, CP",MEDICAL,4.213205479452055,6
CP RACING 2 FREE,FAMILY,4.0,4607
CP-Care Mobile,FAMILY,4.213205479452055,1
CP ToolBox,BUSINESS,4.6,70
"Talking Pictures: Autism, CP",MEDICAL,3.9,22
CP HAPPS - Pittsburgh Events,LIFESTYLE,3.8,85
Poke Genie - Safe IV Calculator,TOOLS,4.7,92958
IV Calc CP Calculator Toolkit,TOOLS,4.2,242
CP Plus Showcase,BUSINESS,4.3,236
CP Calculator,FAMILY,4.1,187
iTooch Mathématiques CP,FAMILY,4.3,1018
gCMOB,TOOLS,4.2,7935
CP Connect 2.0,PRODUCTIVITY,4.213205479452055,0
Evolution CP,FAMILY,3.6,13
IV Go（get IV for Pokemon）,GAME,4.6,132282
CP Smart Check List,PERSONALIZATION,4.213205479452055,1
Ditto CP Calculator GO,TOOLS,4.3,34
Foothills CP,FAMILY,5.0,4
CP Installer App,BUSINESS,5.0,4
CP Trivia,GAME,5.0,5
CP Ready,BUSINESS,4.5,56
CP Surprise,LIFESTYLE,3.8,2548
Evolve CP Calc. for PokemonGo,TOOLS,3.9,116
CP Cloud,BUSINESS,4.213205479452055,3
GO CP Evolution Calculator,FAMILY,4.213205479452055,5
ClanPlay: Community and Tools for Gamers,COMMUNICATION,4.8,34443
CP Calculator - Poke Go Calc,FAMILY,4.1,7
Contents Provider(C.P.)Explorer,TOOLS,4.0,1
Cp Calculator for Evolution:GO,FAMILY,4.8,124
Calcy IV,TOOLS,4.8,36557
CP Brown English-Telugu Dictionary,FAMILY,4.4,8
CP Parquet,LIFESTYLE,4.213205479452055,2
CP evolution calculator Pokemo,FAMILY,4.1,78
C.P. CERVANTES (TOBARRA),SOCIAL,4.213205479452055,0
Sporting CP Keyboard Theme,SPORTS,4.213205479452055,45
Meu Calendário CP,TOOLS,4.213205479452055,37
Crusaders Quest,FAMILY,4.4,475020
CQ Hotels,TRAVEL_AND_LOCAL,4.3,15
CQ,NEWS_AND_MAGAZINES,3.7,7
Curio Quest,FAMILY,4.3,59152
CQ-Mobile,COMMUNICATION,4.213205479452055,10
CQ Key,TOOLS,4.213205479452055,0
Sabbath School 4,FAMILY,4.3,2871
CQ Mobile,FINANCE,2.7,36
Cardinal Quest 2,FAMILY,4.4,19207
CQ-Alert,COMMUNICATION,4.213205479452055,3
SDA Collegiate Quarterly,BOOKS_AND_REFERENCE,4.5,8
CQ SIGNAL PRO 5,FINANCE,4.213205479452055,0
CQ: Lost In Transmission,GAME,4.2,4
HR Team CQ Region Ed Qld,BUSINESS,4.213205479452055,0
Roll Call News,NEWS_AND_MAGAZINES,3.7,24
UFO-CQ,TOOLS,4.213205479452055,1
CQ ESPM,BUSINESS,5.0,2
SHUTTLLS CQ - Connect Ride Go,TRAVEL_AND_LOCAL,4.213205479452055,0
QRZ Assistant,COMMUNICATION,4.2,1044
Palavras la cq,GAME,3.9,783
CQ Ukraine,PRODUCTIVITY,4.213205479452055,0
Pocket Prefix Plus,COMMUNICATION,4.5,192
CQ Electrical Group,PRODUCTIVITY,4.213205479452055,0
10 WPM Amateur ham radio CW Morse code trainer,COMMUNICATION,3.5,10
Sabbath School,BOOKS_AND_REFERENCE,4.7,28237
Gunship Modern Combat 3D,GAME,4.2,3247
Gun Simulator - Gun Games,FAMILY,4.4,134
ClanManagerTT2,FAMILY,4.7,55
Christian Questions Podcast,FAMILY,4.6,222
Sniper Killer Shooter,GAME,4.0,119368
25WPM Amateur ham radio Koch CW Morse code trainer,TOOLS,4.213205479452055,0
QST,FAMILY,2.5,706
Cypress College Library,BOOKS_AND_REFERENCE,4.213205479452055,0
Create My App,BUSINESS,4.213205479452055,0
Snowboard Racing Free Fun Game,GAME,3.8,4552
theCut,LIFESTYLE,4.7,499
الفاتحون Conquerors,FAMILY,4.5,108130
Toughest Game Ever 2,GAME,4.6,293086
RIDE ZERO,GAME,4.6,8778
CricQuick,SPORTS,5.0,17
Next Island: Dino Village,FAMILY,3.9,29
iReadMe,PRODUCTIVITY,5.0,8
Global Shop,BUSINESS,4.213205479452055,0
Webmail web mobile app,TOOLS,2.3,395
QC,FAMILY,4.213205479452055,4
Traffic Info and Traffic Alert,MAPS_AND_NAVIGATION,3.6,695
Color Quartets,FAMILY,4.0,42
Ham Radio Prefixes,COMMUNICATION,3.7,218
Battle Result Predictor for CR,TOOLS,4.2,7063
Deck Advisor for CR,TOOLS,4.1,37975
Card Creator for CR,TOOLS,4.4,117850
CR & CoC Private Server - Clash Barbarians PRO,FAMILY,4.6,167974
Deck Analyzer for CR,TOOLS,4.2,2630
Chest Simulator for Clash Royale,FAMILY,4.4,4756
Clash Soundboard For CR & COC,FAMILY,4.3,13
Quiz for Clash Royale™,FAMILY,4.0,3788
CR Blue Icon Pack,PERSONALIZATION,4.5,323
Chest Calculator for CR,FAMILY,3.9,14754
Ultimate Calculator for CR,PRODUCTIVITY,3.7,7389
DCUO|CR Calculator Pro,TOOLS,4.6,82
Servidor Privado CR y CoC - Royale Servers PRO,TOOLS,4.213205479452055,55
Stats CR Clan for Clash Royale,FAMILY,3.8,16
Ultimate Clash Royale Tracker,FAMILY,4.7,92010
Chest Opener for CR - The Circle Game,FAMILY,4.213205479452055,68
Deck Simulator for CR,TOOLS,3.4,202
Stats Royale for Clash Royale,BOOKS_AND_REFERENCE,4.5,68226
Counter Deck Calculator for CR,TOOLS,4.1,3446
CR Calculator,TOOLS,4.3,297
Servidor Privado de CR y CoC - Light Royale,FAMILY,4.6,3106
Helper for Clash Royale (All-in-1),FAMILY,4.3,6078
"CR Fans: Mazos, Clanes y Grupos",FAMILY,4.3,219
DCUO|CR Calculator Lite,TOOLS,4.0,182
CR -Call Recorder,TOOLS,4.213205479452055,4
CR Best Decks,FAMILY,3.5,34
CR Family,FAMILY,2.3,10
CR Monitor,AUTO_AND_VEHICLES,4.213205479452055,1
JavaScript Editor CR,TOOLS,3.9,114
Jetting for Honda CR dirt bike,SPORTS,4.1,7
CR-Red,PERSONALIZATION,4.5,561
Deck Shop for Clash Royale,FAMILY,4.6,2167
Royale Tournaments,FAMILY,4.4,2420
Deck Builder & Analyzer for CR,FAMILY,3.1,52
Chest Tracker for Clash Royale,TOOLS,4.3,77717
Jeppesen CR Flight Computer,MAPS_AND_NAVIGATION,3.3,3
Cr Aviation Academy,FAMILY,5.0,7
The ClubHouse CR,HEALTH_AND_FITNESS,4.213205479452055,5
CR-V Service Manual,AUTO_AND_VEHICLES,4.2,12
Java Editor CR,TOOLS,3.8,434
XML Editor CR,TOOLS,3.3,47
Evolution Marketing CR,HEALTH_AND_FITNESS,4.213205479452055,14
CR Tracker for Chests,TOOLS,5.0,6
CR Magazine,BUSINESS,1.0,1
Ultimate Chest Tracker,PRODUCTIVITY,4.5,40328
CamScanner - Phone PDF Creator,PRODUCTIVITY,4.6,1502622
Critical Strike CS: Counter Terrorist Online FPS,GAME,4.3,22773
CamScanner (License),PRODUCTIVITY,4.4,26358
Assault Line CS Online Fps Go,GAME,4.1,52163
Standoff 2,GAME,4.5,299046
Counter Online FPS Game,GAME,4.2,41089
CS Customizer,COMMUNICATION,3.7,25
Combat Strike CS 🔫 Counter Terrorist Attack FPS💣,GAME,4.1,1019
CS-Touch,FAMILY,3.9,337
Ultimate Quiz for CS:GO - Skins | Cases | Players,GAME,4.5,2526
Аim Training for CS,GAME,3.6,2328
Sniper Traning for CS GO,GAME,3.2,655
NetClient CS,BUSINESS,3.5,125
CS Guns Shoot,FAMILY,3.7,433
Asiimov Skin - CS GO Icon Pack,PERSONALIZATION,4.6,26
CS Interview Questions (TechQ),FAMILY,4.8,33
Your rank CS:GO,GAME,4.1,4946
Guide for CS:GO,FAMILY,4.4,16459
CS Interview FAQs,FAMILY,4.3,99
CS,BUSINESS,4.213205479452055,5
Mobile CS,BUSINESS,4.0,13
Mobile CS:GO,GAME,3.1,1015
Counter Terrorist Gun Strike CS: Special Forces,GAME,4.2,211
C.S. Lewis Daily Quotes,LIFESTYLE,4.1,75
CS go bomb simulator,FAMILY,4.213205479452055,7
Shooter Sniper CS - FPS Games,GAME,3.5,14823
CS16Client,GAME,4.3,8668
CS Browser | #1 & BEST BROWSER,COMMUNICATION,3.8,52
Counter Attack - Multiplayer FPS,GAME,4.3,112565
DU CS Lectures - Learn to Code for Free,FAMILY,4.8,16
What's Your CS:GO rank?,GAME,2.3,278
CS Browser Beta,COMMUNICATION,4.3,125
Helper for CS:GO,TOOLS,4.4,208
My Nexus for CS:S & CS:GO,FAMILY,3.6,783
CS & IT Interview Questions,FAMILY,5.0,43
GATE 21 years CS Papers(2011-2018 Solved),BOOKS_AND_REFERENCE,4.213205479452055,1
Map Callouts for CS:GO,GAME,4.3,211
GATE CS Engineering 2019 Exam Prep App,FAMILY,4.2,162
Case Simulator Hero for CS:GO,FAMILY,4.3,14604
CA CS Network,FAMILY,4.7,160
Smokes for CS:GO,FAMILY,3.9,3253
Grenade Practice for CS:GO,FAMILY,4.4,431
Quiz CS:GO players,GAME,4.4,460
Puzzle for CS:GO,GAME,4.3,247
Bomb and Nade Timer for CS:GO,PRODUCTIVITY,2.6,85
Smokes Guide for CS:GO,FAMILY,4.3,445
Philips IQon Spectral CT Fundamentals.,MEDICAL,4.213205479452055,2
RadRevision: Anatomy on CT,MEDICAL,3.8,568
Radiology CT Anatomy,MEDICAL,4.2,345
CT Scan Viewer 3D,MEDICAL,4.2,6
Learn CT Scan Of Head,BOOKS_AND_REFERENCE,4.1,10
CT Abdomen Pelvis,MEDICAL,4.0,36
CT Neck,MEDICAL,4.4,7
CT Scan Generations,FAMILY,4.7,6
Emergency Brain CT,MEDICAL,4.213205479452055,2
CT Prepares,NEWS_AND_MAGAZINES,2.6,13
CT Abdomen,FAMILY,4.3,7
CT Brain Interpretation,FAMILY,5.0,3
CT-Guide & Positioning,FAMILY,3.7,6
CT Sessions,MEDICAL,4.3,62
CT - DTC Lookup,TOOLS,4.1,41
POCKET ATLAS OF CT HEAD,MEDICAL,4.3,22
Interactive CT & MRI Anat.Lite,MEDICAL,3.8,534
CT POSITIONING,MEDICAL,4.5,18
CT Cervical Spine,MEDICAL,5.0,5
Trauma CT Head Rules,MEDICAL,4.213205479452055,2
CT Head Basic Interpretation,FAMILY,4.213205479452055,1
CT MyChiroTown Mobile,MEDICAL,3.9,40
CT Lottery,FAMILY,3.8,271
Permit Test Connecticut CT DMV,FAMILY,4.6,186
POCKET BOOK CT ABDOMEN,MEDICAL,4.213205479452055,0
I AM C.T.,HEALTH_AND_FITNESS,4.6,28
Solar CT PV System Power,PRODUCTIVITY,4.7,315
CARDIAC CT TECHNIQUE,MEDICAL,5.0,6
TUTORIAL CT SCAN CARDIAC,MEDICAL,4.213205479452055,1
HEAD TRAUMA CT EVALUATION,MEDICAL,4.5,18
Simpli CT,TOOLS,4.213205479452055,4
Remote CT - Smart Remote,TOOLS,3.5,3988
CT-REMOTE,GAME,3.3,19
CT CONNECT,PRODUCTIVITY,4.213205479452055,2
CT-ART 4.0 (Chess Tactics 1200-2400 ELO),GAME,4.8,8191
CT-Stream Player,FAMILY,3.9,84
CT Pulmonary Angiography,MEDICAL,4.213205479452055,0
Results for CT Lottery,FAMILY,4.5,86
Abdominal CT Sectional Walker,MEDICAL,4.213205479452055,2
Interactive CT and MRI Anatomy,MEDICAL,3.4,35
Dine In CT - Food Delivery,SHOPPING,5.0,4
CT Checkout,FINANCE,5.0,1
CT and XR Dose Calculator,MEDICAL,4.213205479452055,3
Chest CT Sectional Walker,MEDICAL,4.213205479452055,2
Radiological Anatomy For FRCR1,MEDICAL,4.8,12
Radiology CT Viewer,MEDICAL,3.6,35
POCKET ATLAS CARDIAC MRI AND CT,MEDICAL,4.213205479452055,0
"CU: UPI Payments, Chat & Call",FINANCE,4.3,693
CU of Colorado Mobile Banking,FINANCE,4.0,347
Tech CU Mobile Banking,FINANCE,4.5,853
My CU - Caucasus University,PRODUCTIVITY,4.6,48
Service CU Mobile Banking,FINANCE,4.7,6208
Redwood CU v3.1.0,FINANCE,3.8,480
Cyprus CU Mobile Banking,FINANCE,3.4,295
BayPort CU Mobile Banking,FINANCE,4.7,2374
CU SoCal Mobile Banking,FINANCE,4.0,253
Tropical Financial CU,FINANCE,4.6,1231
Travis CU,FINANCE,2.0,207
Commonwealth CU Go Mobile,FINANCE,4.3,231
Public Service CU Mobile,FINANCE,2.0,314
Freedom CU,FINANCE,3.6,117
Meritrust CU Mobile Banking,FINANCE,4.7,3661
Nusenda CU– Mobile Banking,FINANCE,3.5,805
Lake Michigan CU Mobile,FINANCE,4.0,732
Maps CU,FINANCE,3.5,256
Family Savings CU Mobile,FINANCE,4.3,323
FORUM Credit Union CU Online,FINANCE,4.1,196
Educators CU Mobile Banking,FINANCE,4.6,1992
Space Coast CU Mobile,FINANCE,3.8,922
First Tech Federal CU,FINANCE,4.3,4290
Southland CU,FINANCE,3.8,109
Tech CU Card Manager,FINANCE,1.0,2
Numerica CU,FINANCE,3.8,472
Red River CU,FINANCE,3.3,343
Firefighters First CU,FINANCE,4.8,495
MYCU TX Mobile Banking,FINANCE,3.0,4
Amazing Fart Sounds,FAMILY,4.0,28136
Navigator PRO - GPS Navigation with Offline Maps,TRAVEL_AND_LOCAL,3.6,892
My Vodafone (GR),COMMUNICATION,3.8,12667
HTC Transfer Tool,TOOLS,4.3,40907
Planet of Cubes Survival Craft,FAMILY,3.9,475944
Moto Rider,GAME,4.2,115176
Shadow Fight 2,GAME,4.6,10981850
Crazy Wheels,GAME,4.0,121082
Curriculum vitae App CV Builder Free Resume Maker,BUSINESS,4.5,4571
Free Resume App,BUSINESS,4.6,15830
CV Engineer - Free Resume Maker & CV Templates,BUSINESS,4.6,213
CV Examples 2018,FAMILY,4.5,625
Curriculum Vitae,BUSINESS,3.7,3757
Free resume builder CV maker templates PDF formats,BUSINESS,4.4,9555
Resume Builder - Free CV Maker & Premium Templates,BUSINESS,4.6,770
Easy Cv maker 2018,BOOKS_AND_REFERENCE,3.9,88
Resume PDF Maker / CV Builder,BUSINESS,4.4,2147
Resume & CV Creator by Desygner,PRODUCTIVITY,4.5,48
CV S ( CV Editor - Resume ),BUSINESS,4.5,3972
CV Formats 2018,FAMILY,4.3,374
CV Maker Pro,BUSINESS,3.7,113
Free CV Creator,TOOLS,3.9,37
"Job CV Maker-Portfolio Maker , Resume Maker",FAMILY,3.9,139
Resume Builder and CV maker app,PRODUCTIVITY,4.3,2303
HOW TO WRITE A CV,BUSINESS,4.1,489
CV EXAMPLES,BUSINESS,4.1,423
Cv maker / Job cv maker,FAMILY,4.4,14
"Resume Builder Free, CV Maker & Resume Templates",BUSINESS,4.4,20921
"Free Professional Resume Builder, CV, Cover Letter",BUSINESS,4.2,831
Resume Free,PRODUCTIVITY,4.5,27820
How to Write CV,BOOKS_AND_REFERENCE,4.6,244
"Super Resume Builder Pro, CV",BUSINESS,4.4,244
Free Resume Builder – CV Maker,BUSINESS,4.4,25
Resume App,BUSINESS,4.4,11310
CV Builder,BUSINESS,3.8,203
Curriculum Vitae - Resume CV,PRODUCTIVITY,2.6,80
"Resume Maker:Free CV Maker,Templates Builder",BUSINESS,4.2,715
Resume Builder / CV Maker & Templates,BUSINESS,4.4,25
CV maker for Job Applications and Resume Maker,TOOLS,4.2,75
CV Templates 2018,FAMILY,4.0,13
Job CV Maker & Portfolio Maker,FAMILY,4.2,593
CV Maker for Job Applications:Photo Resume Builder,TOOLS,4.0,114
CV Creator,FAMILY,4.4,31
Resume ( CV Editor ),BUSINESS,4.5,416
CV Maker,PERSONALIZATION,3.2,114
Resume Maker - Creator,BUSINESS,4.3,740
CV Builder for Smart Resumes,BUSINESS,3.4,22
CV-RECORD Pro,COMMUNICATION,2.3,42
CV-Library Job Search,BUSINESS,4.4,6997
CV Samples 2018,BUSINESS,4.3,34
CV (Curriculum Vitae / Resume) Maker,BUSINESS,4.213205479452055,4
"Easy Resume Builder, Resume help, Curriculum vitae",TOOLS,4.3,996
Resume / CV,BUSINESS,3.6,125
VisualCV Resume Builder,BUSINESS,4.6,2555
Resume Maker / CV creator & Templates,TOOLS,4.2,54
Resume Builder - Curriculum Vitae & Resume Maker,BUSINESS,4.0,12
The CW,FAMILY,4.4,288209
CW Seed,FAMILY,4.5,16391
The CW TV app,FAMILY,3.2,24
CW TV,NEWS_AND_MAGAZINES,1.7,367
The CW TN app 2018,FAMILY,2.2,54
Archie Comics,COMICS,3.8,5084
2 Amateur ham radio CW Morse code practice keys TX,COMMUNICATION,4.8,6
All Star Of CW,FAMILY,4.213205479452055,0
Cartoon Wars: Blade,GAME,4.4,165656
FANDOM: Arrow and The Flash,FAMILY,4.5,3935
CW Beacon for Ham Radio,COMMUNICATION,4.8,10
IZ2UUF Morse Koch CW,COMMUNICATION,4.6,649
Morse Decoder for Ham Radio,COMMUNICATION,3.7,166
C W Browser,COMMUNICATION,4.4,14
Canon CameraWindow,PHOTOGRAPHY,3.5,12204
Saiyan Of CW,FAMILY,3.8,5
CW Studio ®,COMMUNICATION,3.8,9
20WPM Amateur ham radio Koch CW Morse code trainer,COMMUNICATION,4.3,12
CW Bluetooth SPP,COMMUNICATION,4.213205479452055,3
Morse Trainer for Ham Radio,COMMUNICATION,4.6,265
Free CW TN Videos 2018,FAMILY,4.213205479452055,0
The Church at CW,LIFESTYLE,4.5,2
CW Mobile,FAMILY,4.213205479452055,3
"Freeform – Stream Full Episodes, Movies, & Live TV",FAMILY,3.7,29229
CW BLE Peripheral Simulator,COMMUNICATION,4.213205479452055,2
Morse Machine for Ham Radio,COMMUNICATION,4.8,341
Pocket RxTx Pro,PRODUCTIVITY,4.3,253
Morse Player,FAMILY,5.0,12
"FXNOW: Movies, Shows & Live TV",FAMILY,3.9,31552
My CW,TOOLS,3.0,1
CW Ringtone (Morse Code generator),COMMUNICATION,4.213205479452055,0
30WPM Amateur ham radio Koch CW Morse code trainer,FAMILY,5.0,1
Learn CW,FAMILY,4.213205479452055,0
DC All Access,FAMILY,4.4,12639
Koch Morse Trainer Pro,COMMUNICATION,4.6,94
Morse Code Reader,COMMUNICATION,3.9,1436
CW Nuclear,BOOKS_AND_REFERENCE,3.3,15
Pocket RxTx Free,PRODUCTIVITY,4.1,4513
CW Deposit,BUSINESS,3.0,4
Hallmark Channel Everywhere,FAMILY,4.2,6784
Morse Player Free,FAMILY,4.2,268
News 8 San Diego,NEWS_AND_MAGAZINES,4.2,1137
"Hulu: Stream TV, Movies & more",FAMILY,4.0,319777
Learn Morse Code - G0HYN Learn Morse,COMMUNICATION,4.0,27
SYFY,FAMILY,3.2,3069
Morse Notifier Free,TOOLS,4.6,79
AMC,FAMILY,3.2,20843
Cartoon Wars 3,FAMILY,4.1,137674
ABC – Live TV & Full Episodes,FAMILY,3.3,50428
Oracle CX Cloud Mobile,BUSINESS,4.4,48
CX-10WiFi,FAMILY,4.0,1419
CX-OF,FAMILY,4.2,18
cx-32wifi,FAMILY,4.1,62
CX-17WIFI,FAMILY,4.3,49
Cathay Pacific,TRAVEL_AND_LOCAL,3.3,4069
Cx File Explorer,TOOLS,4.7,175
cx-33wifi,FAMILY,4.4,63
CX-WiFi720P,FAMILY,3.1,47
CX-60,FAMILY,3.1,19
ACTIVEON CX & CX GOLD,VIDEO_PLAYERS,3.3,439
CX North America,BUSINESS,3.9,10
CX-10DS,FAMILY,3.4,12
CX-37,FAMILY,3.9,13
Avaya CX,BUSINESS,4.4,21
TI-Nspire CX Calculator Manual,FAMILY,3.9,11
CX_WiFiUFO,SPORTS,3.7,818
CX watcher,FAMILY,4.5,4
Theme For Techno Camon CX,PERSONALIZATION,4.7,42
CX-95WIFI,LIFESTYLE,4.213205479452055,6
Theme for Tecno Camon CX / C8,LIFESTYLE,4.6,147
CX Carrier Lite,BUSINESS,4.213205479452055,0
Oración CX,LIFESTYLE,5.0,103
CX-40,FAMILY,3.0,2
Cx Wize,PRODUCTIVITY,4.213205479452055,3
Ring,COMMUNICATION,3.9,517
Racing CX,GAME,4.213205479452055,4
cx advance call blocker,PERSONALIZATION,5.0,3
CX Ram Booster,TOOLS,3.9,12
CX-42,FAMILY,4.213205479452055,0
CX Capture,BUSINESS,4.213205479452055,1
CONNECT: The Mobile CX Summit,PRODUCTIVITY,4.213205479452055,0
Hyundai CX Conference,COMMUNICATION,4.213205479452055,0
CX-41,LIFESTYLE,4.213205479452055,1
CX Monthly Tech News,VIDEO_PLAYERS,4.213205479452055,2
CXmodel-ufo,FAMILY,3.8,19
CX Summit,PRODUCTIVITY,4.213205479452055,1
Secret Codes For Android,TOOLS,3.6,6060
Absolute RC Heli Simulator,SPORTS,3.9,654
WiFi FPV,FAMILY,3.8,316
CX Elevated,BUSINESS,4.213205479452055,0
go41cx,FAMILY,4.8,171
FlexRelease CX,BUSINESS,4.213205479452055,4
Ambient CX,BUSINESS,4.213205479452055,0
QuestionPro - CX,BUSINESS,4.213205479452055,1
CX Network,BUSINESS,4.213205479452055,0
"Cymera Camera- Photo Editor, Filter,Collage,Layout",PHOTOGRAPHY,4.4,2418165
CY Security Antivirus Cleaner,PRODUCTIVITY,4.5,75140
Freecell CY,GAME,4.0,387
Cytus II,GAME,4.7,16851
Cy-Reader,FAMILY,4.8,17
Cy-Fair FCU Mobile Banking,FINANCE,4.7,439
Cytus,GAME,4.7,541732
Cy-Ranch,NEWS_AND_MAGAZINES,4.5,27
Recycling Cy,LIFESTYLE,4.0,47
CY Konum,PERSONALIZATION,4.213205479452055,1
CY.SEND Online Top Up,FINANCE,3.2,191
ABTO CY-ET1,TOOLS,4.213205479452055,1
CY:ME - real time gps tracker,MAPS_AND_NAVIGATION,4.213205479452055,8
Alpha Bank CY,FINANCE,4.7,39
Cy Messenger,COMMUNICATION,4.5,4
Amadeus GR & CY,COMMUNICATION,4.213205479452055,4
Igitabo cy'Indirimbo,FAMILY,4.5,93
Doctor Finder CY,MEDICAL,4.9,57
Eshopcy.com.cy,SHOPPING,4.2,182
NOMISMA.com.cy by FMW,NEWS_AND_MAGAZINES,5.0,3
Cy-Fair VFD EMS Protocols,MEDICAL,5.0,2
EUROBANK CY,FINANCE,4.213205479452055,30
Cy-Fair Christian Church,LIFESTYLE,5.0,2
Mediabox CY,FAMILY,4.213205479452055,0
Capitalnews.com.cy,NEWS_AND_MAGAZINES,4.213205479452055,0
Shadowverse CCG,GAME,4.2,47340
CY Digital Net,SHOPPING,4.7,3
Cy-Fair Houston Chamber,BUSINESS,4.213205479452055,0
StudentLife.com.cy,NEWS_AND_MAGAZINES,4.213205479452055,17
Phone Clean Best Speed Booster,PRODUCTIVITY,4.5,81502
VAT check CY,BUSINESS,4.213205479452055,0
Cy's Elma Pharmacy,HEALTH_AND_FITNESS,4.213205479452055,0
CY Spray nozzle,BOOKS_AND_REFERENCE,4.213205479452055,0
LOCX Applock Lock Apps & Photo,PRODUCTIVITY,4.5,208543
Cymath - Math Problem Solver,FAMILY,4.5,10159
Rewards,FINANCE,3.8,57
Army of Heroes,FAMILY,4.5,85015
BibleRead En Cy Zh Yue,BOOKS_AND_REFERENCE,4.213205479452055,0
Math Solver,FAMILY,4.3,2250
SuperBikers 2,GAME,3.9,6200
Cyprus Bus Companion,MAPS_AND_NAVIGATION,3.9,112
Cyprus Police,SOCIAL,4.2,226
foody Cyprus - online ordering,SHOPPING,4.5,214
Death Dragon Knights RPG,FAMILY,4.1,11179
Camera360 Lite - Selfie Camera,PHOTOGRAPHY,4.4,221878
Bank Of Cyprus,FINANCE,4.1,1514
Map of Cyprus offline,TRAVEL_AND_LOCAL,4.6,470
McDelivery Cyprus,FOOD_AND_DRINK,3.3,60
CZ-USA,LIFESTYLE,4.5,11
CZ File Manager,TOOLS,2.2,876
Security Camera CZ,HOUSE_AND_HOME,4.4,137
Šmelina .cz inzeráty inzerce,SHOPPING,3.9,117
Alzashop.com,SHOPPING,4.5,32014
KFC CZ,LIFESTYLE,2.8,1189
Skylink Live TV CZ,FAMILY,3.3,2802
CZ-70 (CZ-50) pistol explained,BOOKS_AND_REFERENCE,4.213205479452055,2
Mapy.cz - Cycling & Hiking offline maps,MAPS_AND_NAVIGATION,4.5,56409
CZ-52 pistol explained,BOOKS_AND_REFERENCE,4.213205479452055,0
CZ-27 pistol explained,BOOKS_AND_REFERENCE,4.213205479452055,1
Online TV CZ/SK PRO,VIDEO_PLAYERS,3.1,167
Rande.cz,SOCIAL,3.2,398
Breweries (CZ/SK),LIFESTYLE,4.4,1740
reality.cz,HOUSE_AND_HOME,4.1,1372
CZ-45 pistol explained,BOOKS_AND_REFERENCE,4.213205479452055,1
CZ-Help,BOOKS_AND_REFERENCE,5.0,2
Hlášenírozhlasu.cz,COMMUNICATION,4.213205479452055,0
signály.cz,SOCIAL,4.213205479452055,38
CZ-Cyberon Voice Commander,TOOLS,3.8,131
Pistolet CZ-70 CZ-50 expliqué,BOOKS_AND_REFERENCE,4.213205479452055,0
CZ-38 (vz 38) pistol explained,BOOKS_AND_REFERENCE,4.213205479452055,0
HTC Sense Input - CZ,TOOLS,4.3,87
WebCams,WEATHER,4.6,3963
Wallpapers CZ 75 85,PERSONALIZATION,4.213205479452055,0
SMS Sender - sluzba.cz,COMMUNICATION,4.213205479452055,12
Novinky.cz,NEWS_AND_MAGAZINES,3.7,2375
Wallpaper.cz,PHOTOGRAPHY,4.9,7
Strava.cz,SHOPPING,4.3,2221
CZ Kompas,TOOLS,5.0,2
Modlitební knížka CZ,BOOKS_AND_REFERENCE,4.213205479452055,4
Reksio cz. 1,BOOKS_AND_REFERENCE,4.213205479452055,0
MYTO CZ,MAPS_AND_NAVIGATION,2.9,30
PLAYzone.cz,FAMILY,4.4,14
Tools & Mi Band,HEALTH_AND_FITNESS,4.4,15753
RoutePlan.cz,PRODUCTIVITY,4.213205479452055,6
TeeTime.cz,SPORTS,4.6,1641
What is my IP address,TOOLS,4.5,4228
Windguru Lite,WEATHER,4.0,9307
Vira.cz Widget,LIFESTYLE,4.213205479452055,86
Da Fit,SPORTS,3.5,1151
The House of Da Vinci,FAMILY,4.8,12400
Dan the Man: Action Platformer,GAME,4.8,528550
Ghost Detector,FAMILY,3.5,35337
"Face Filter, Selfie Editor - Sweet Camera",PHOTOGRAPHY,4.7,142758
Master for Minecraft(Pocket Edition)-Mod Launcher,TOOLS,4.6,2674051
King of Math,FAMILY,4.4,766
Translate: text & voice translator,TOOLS,4.3,122010
The Zueira's Voice,TOOLS,4.7,136540
Battery Calibration,TOOLS,4.4,134412
FVD - Free Video Downloader,TOOLS,4.0,327914
Thuglife Video Maker,FAMILY,3.5,38824
MadLipz,FAMILY,4.6,171017
Soccer FC,SPORTS,3.9,6289
Visage Lab – face retouch,PHOTOGRAPHY,3.5,49523
Geometry Dash SubZero,GAME,4.6,260527
Escaping the Prison,FAMILY,4.2,419375
Metal Soldiers 2,GAME,4.4,153649
Quiz TRUE or FALSE,GAME,4.6,2464
Glam Doll Salon - Chic Fashion,FAMILY,4.0,93898
Siren Ringtones,PERSONALIZATION,4.2,42190
Peppa Pig: Party Time,FAMILY,3.8,52
Download Manager for Android,TOOLS,4.1,420518
COOKING MAMA Let's Cook!,FAMILY,4.3,528917
Run Sausage Run!,GAME,4.4,276105
Knife Hit,GAME,4.5,462614
The Visitor,GAME,4.1,39895
Just Dance Now,GAME,4.2,794058
DB Navigator,MAPS_AND_NAVIGATION,4.0,119685
SQLite DB Reader,TOOLS,3.6,301
DB Browser,TOOLS,3.3,236
Sound Meter,TOOLS,4.7,88993
DRAGON BALL LEGENDS,GAME,4.6,338742
db.Mobil App,LIBRARIES_AND_DEMO,4.5,23
DB Streckenagent,MAPS_AND_NAVIGATION,3.9,4569
dB: Sound Meter Pro,TOOLS,4.3,31
Movie DB,FAMILY,4.213205479452055,10
dB Sound Level Meter,TOOLS,3.9,203
DB Sound Meter: Measure Noise Level- Decibel Meter,TOOLS,4.3,824
DB Welt - Die Zeitung der DB,NEWS_AND_MAGAZINES,4.213205479452055,145
Check DB Benchmark,TOOLS,4.213205479452055,0
ACCDB MDB DB Manager Pro - Editor for MS Access,PRODUCTIVITY,3.1,19
Scale Models DB,TOOLS,4.4,9
DB Train Simulator,FAMILY,3.7,6514
DB Tools,FAMILY,4.6,37
dB Meter - measure sound & noise level in Decibel,TOOLS,4.6,154
